"Metabolite","Cluster_1","Cluster_2","Cluster_3","Cluster_4","Cluster_5","Cluster_6","Cluster_7","Cluster_8","Assigned_Cluster","Super_Pathway","Sub_Pathway","Challenge"
"1-docosahexaenoyl-gpe (22:6)",4.90533615991653e-10,8.6624569591443e-14,2.13739437323479e-09,1.92044486849133e-11,0.999998219553747,1.84684940092359e-13,1.3878648875811e-06,3.89933961723579e-07,5,"Lipids","Lysolipid","Fasting"
"1-linoleoyl-gpe (18:2)",2.30285978827549e-12,6.66595877213467e-16,5.94739776243574e-11,3.34585813084671e-13,0.999999997106968,1.76482577685549e-15,2.07979737981096e-09,7.51120856842051e-10,5,"Lipids","Lysolipid","Fasting"
"1-oleoyl-gpe (18:1)",0.327699773019081,2.92637055912379e-08,5.95779661998749e-07,3.31595510114964e-08,0.000147066161132195,7.25071782461397e-09,0.107083387837696,0.565069107528454,8,"Lipids","Lysolipid","Fasting"
"10-undecenoate (11:1n1)",3.14064433485737e-05,8.72404224617934e-07,0.0134844109616138,0.985571543190782,0.00060860792142952,1.18905999090778e-05,0.000158697094864468,0.000132571383827753,4,"Lipids","Medium Chain Fatty Acid","Fasting"
"13-hode + 9-hode",2.97946956108855e-06,4.11839609526301e-09,0.954508642002099,0.000104291393082911,0.0450461815355418,2.24448049449451e-08,0.000214509724905612,0.000123369311608226,3,"Lipids","Fatty Acid, Monohydroxy","Fasting"
"15-methylpalmitate",9.06320274874639e-13,2.82662888340441e-15,0.999999995695457,3.33968025812058e-09,9.20651679093686e-10,2.22004578284779e-14,2.60349063513924e-11,1.72449816348879e-11,3,"Lipids","Fatty Acid, Branched","Fasting"
"16-hydroxypalmitate",5.03144009411667e-12,1.69581386686588e-14,0.99999996213218,3.3471765405523e-08,4.1675958267899e-09,1.37636995911326e-13,1.33700370362998e-10,8.9571945414275e-11,3,"Lipids","Fatty Acid, Monohydroxy","Fasting"
"17-methylstearate",4.09654323893909e-07,4.64617549799896e-11,4.45320676919357e-07,5.48126263685612e-09,0.995090656125926,8.22209942269182e-11,0.00406889806195608,0.000839585227171972,5,"Lipids","Fatty Acid, Branched","Fasting"
"2-hydroxy-3-methylvalerate",8.28594412605366e-06,5.18675806906672e-10,1.73898488042183e-06,2.95167933125253e-08,0.164251750052142,7.2387292422552e-10,0.753227814539769,0.0825103797197405,7,"Amino Acids","Leucine, Isoleucine and Valine Metabolism","Fasting"
"2-hydroxybutyrate/2-hydroxyisobutyrate",0.999992012748398,3.9247368668059e-09,1.66031457558549e-09,1.63582794345073e-10,8.04660632006064e-08,1.22772177272297e-10,2.66732332900158e-06,5.23359080365342e-06,1,"Amino Acids","Methionine, Cysteine, SAM and Taurine Metabolism","Fasting"
"2,3-dihydroxyisovalerate",3.00353153019631e-07,5.0681609628892e-10,0.997860428184714,2.72805823843331e-05,0.00208491691970831,3.02850196771362e-09,1.69411069167846e-05,1.0129317805151e-05,3,"Xenobiotics","Food Component/Plant","Fasting"
"3-(4-hydroxyphenyl)lactate",0.00259865689257466,0.000175298502373026,0.114385077562726,0.847000795210476,0.0188901191181146,0.00200795194480563,0.00791958935482468,0.00702251141410495,4,"Amino Acids","Phenylalanine and Tyrosine Metabolism","Fasting"
"3-aminoisobutyrate",4.48294310031911e-08,2.10387182368554e-11,9.27566533237179e-06,2.72577389292554e-08,0.9999676352864,6.93473562389523e-11,1.60492365125401e-05,6.96763419918069e-06,5,"Nucleotides","Pyrimidine Metabolism, Thymine containing","Fasting"
"3-hydroxy-3-methylglutarate",0.898460244815656,2.03653731477735e-08,2.62881487474159e-07,1.58479486403325e-08,5.02210656677027e-05,4.09853694587912e-09,0.0196984159972582,0.0817908149280715,1,"Lipids","Mevalonate Metabolism","Fasting"
"3-hydroxybutyrate (bhba)",8.53657161550677e-07,5.45716763760938e-10,0.000869714801527067,1.43358887706087e-06,0.998858310685773,2.07526994123094e-09,0.000182513407180858,8.71712384940451e-05,5,"Lipids","Ketone Bodies","Fasting"
"3-hydroxybutyrylcarnitine (1)",0.98745477468533,6.68578081644127e-09,6.2323380601145e-08,3.96885787163347e-09,1.004723791632e-05,1.15305483187228e-09,0.00270665615325384,0.00982844779242551,1,"Lipids","Fatty Acid Metabolism (Acyl Carnitine)","Fasting"
"3-hydroxybutyrylcarnitine (2)",1.60704360148714e-07,9.07394714734403e-10,0.762798725271462,0.237156367354679,4.0208618301585e-05,9.02440041607569e-09,2.63684756826738e-06,1.89127183312183e-06,3,"Lipids","Fatty Acid Metabolism (Acyl Carnitine)","Fasting"
"3-hydroxydecanoate",3.26452708720273e-11,1.16959055819342e-13,0.999999619766553,3.5568968718418e-07,2.31413247366999e-08,9.73788744127485e-13,8.16736283618073e-10,5.51962869349748e-10,3,"Lipids","Fatty Acid, Monohydroxy","Fasting"
"3-hydroxyhippurate",1.0431149028908e-05,1.00820717220891e-08,0.149600560603874,8.015641761227e-05,0.848461087712396,4.65035157058577e-08,0.00120623860844567,0.000641468923055835,5,"Xenobiotics","Benzoate Metabolism","Fasting"
"3-hydroxylaurate",0.979519884490052,8.84974542438728e-09,8.86691234486244e-08,5.57929211456276e-09,1.48294137716124e-05,1.58005923547629e-09,0.00432417100165826,0.0161410104162978,1,"Lipids","Fatty Acid, Monohydroxy","Fasting"
"3-hydroxymyristate",9.67045624708768e-12,1.9659991241195e-15,6.80211048832622e-11,5.42836969119048e-13,0.999999974760755,4.45444867782068e-15,1.92910628751603e-08,5.86994168856885e-09,5,"Lipids","Fatty Acid, Monohydroxy","Fasting"
"3-hydroxyoctanoate",0.0976705690932708,1.60304674456079e-08,4.14396853231228e-07,2.20851797358556e-08,0.000118114285376053,4.41264713918396e-09,0.125524341277011,0.776686518419195,8,"Lipids","Fatty Acid, Monohydroxy","Fasting"
"3-hydroxypyridine sulfate",3.06421343453114e-08,1.17631993313262e-13,1.80713748640189e-11,6.7276400279945e-13,1.96114581669505e-08,6.55758614030093e-14,0.00422161402763382,0.995778335699846,8,"Xenobiotics","Chemical","Fasting"
"3-indoxyl sulfate",0.999998890324556,8.60794462369152e-12,2.84211921868807e-11,2.12989332551476e-12,2.8419082732433e-09,8.7853524352356e-13,3.00078469585801e-07,8.06715028798706e-07,1,"Amino Acids","Tryptophan Metabolism","Fasting"
"3-methyl-2-oxobutyrate",9.25251127272691e-10,3.34827916576119e-13,5.93903929424024e-08,2.55057418027113e-10,0.999999194073344,9.80147240240275e-13,5.34068716752777e-07,2.11285922192581e-07,5,"Amino Acids","Leucine, Isoleucine and Valine Metabolism","Fasting"
"3-methyl-2-oxovalerate",8.54413601879251e-06,2.0161703009713e-07,0.00625822427453898,0.993439220894824,0.000203719726600694,2.74674704826611e-06,4.78606291251671e-05,3.94819748137874e-05,4,"Amino Acids","Leucine, Isoleucine and Valine Metabolism","Fasting"
"3-phenylpropionate (hydrocinnamate)",0.997264346611473,8.32113134791256e-05,2.6163474651445e-06,3.37079595219334e-07,6.75055200631657e-05,4.51671227549552e-07,0.00098501738334547,0.00159651407335115,1,"Amino Acids","Phenylalanine and Tyrosine Metabolism","Fasting"
"4-androsten-3alpha,17alpha-diol monosulfate (2)",0.144087307622757,0.84669958639503,5.17724785315817e-05,9.89768431310287e-06,0.000592702707487668,2.85084264163397e-05,0.00362058359909829,0.00490964108636633,2,"Lipids","Steroid","Fasting"
"4-androsten-3beta,17beta-diol monosulfate (1)",1.59622490419722e-10,1.10993790461801e-15,2.77480475861723e-13,9.25904210554226e-15,4.82185032537402e-10,7.32849521965884e-16,0.00299964964209278,0.997000349715811,8,"Lipids","Steroid","Fasting"
"4-hydroxyhippurate",1.09307899998949e-13,2.93903086539418e-17,2.12376457902355e-12,1.29436398569069e-14,0.999999999841975,7.52959934280625e-17,1.15434775389876e-10,4.03443257057842e-11,5,"Xenobiotics","Benzoate Metabolism","Fasting"
"4-methyl-2-oxopentanoate",0.999535743833603,8.26134550161851e-10,4.95878902901488e-09,3.39094036776052e-10,6.45611857958841e-07,1.14746222904653e-10,0.000112094321630256,0.000351509994145386,1,"Amino Acids","Leucine, Isoleucine and Valine Metabolism","Fasting"
"5-dodecenoate (12:1n7)",0.999999813499654,3.13371626814061e-11,2.37839397694414e-11,2.18110734832758e-12,1.38174381592509e-09,1.39872288037776e-12,5.97264648387921e-08,1.25333436202377e-07,1,"Lipids","Medium Chain Fatty Acid","Fasting"
"acetoacetate",0.846838622580117,2.44116753695803e-08,3.38844233047892e-07,2.01740676154505e-08,6.73299476209182e-05,5.08161047757962e-09,0.0289172719282958,0.12417638703238,1,"Lipids","Ketone Bodies","Fasting"
"acetylcarnitine",0.999999747313072,2.50783885479127e-12,7.44255163705006e-12,5.6659579625368e-13,7.12021317285911e-10,2.41842105853061e-13,6.94805352750267e-08,1.82483612607088e-07,1,"Lipids","Fatty Acid Metabolism (Acyl Carnitine)","Fasting"
"adipoylcarnitine",3.40741767269933e-06,2.65143970687655e-09,0.0111536623097226,1.14888936856468e-05,0.988021419552636,1.10507963378164e-08,0.000538590868318657,0.000271417255728072,5,"Lipids","Fatty Acid Metabolism (Acyl Carnitine)","Fasting"
"alanine",0.00062980235723148,2.95916322346117e-05,0.063106260811045,0.924855487607285,0.0066437125156404,0.000377997452314328,0.00233396760355669,0.0020231800206932,4,"Amino Acids","Alanine and Aspartate Metabolism","Fasting"
"alpha-hydroxyisocaproate",0.633770327483255,3.21104544931252e-08,5.34678421293879e-07,3.08405196867852e-08,0.000117540925311165,7.26701161857773e-09,0.0641706290435185,0.301940897651509,1,"Amino Acids","Leucine, Isoleucine and Valine Metabolism","Fasting"
"alpha-ketobutyrate",0.279085514746761,2.74798382873873e-08,5.80347479395445e-07,3.20885115326194e-08,0.000146389034857729,6.92074122903513e-09,0.112656279112852,0.608111170268958,8,"Amino Acids","Methionine, Cysteine, SAM and Taurine Metabolism","Fasting"
"c0 (carnitine)",3.29942653711501e-11,2.54531263827635e-12,1.5372092497102e-11,6.59575568204872e-12,3.45766364930349e-11,0.999999999814233,4.68521303659151e-11,4.68303660347569e-11,6,"Lipids","Carnitine Metabolism","Fasting"
"c12 (dodecanoylcarnitine)",8.59849482888316e-07,9.7939177510819e-12,2.80474737249782e-09,9.51067029940995e-11,4.31081142778858e-06,1.11081500371924e-11,0.445057573406331,0.554937253012002,8,"Lipids","Fatty Acid Metabolism (Acyl Carnitine)","Fasting"
"c14 (tetradecanoylcarnitine)",0.100967687094484,0.000458235556937512,0.0148789554465364,0.00236090233733253,0.122816637711367,0.219591951421365,0.269455695336457,0.26946993509552,8,"Lipids","Fatty Acid Metabolism (Acyl Carnitine)","Fasting"
"c14:1 (tetradecenoylcarnitine)",2.8713419215936e-06,3.50362674949886e-11,9.85018537268675e-09,3.38873019985806e-10,1.38033817370136e-05,4.26680096574792e-11,0.460662325002481,0.539320990007098,8,"Lipids","Fatty Acid Metabolism (Acyl Carnitine)","Fasting"
"c14:1-oh (hydroxytetradecenoylcarnitine)",0.0735375276264175,1.63597058383259e-05,0.0025675790516411,0.000133161238750148,0.152316948109307,2.32844064186966e-06,0.383946374232189,0.387479721595216,8,"Lipids","Fatty Acid Metabolism (Acyl Carnitine)","Fasting"
"c14:2 (tetradecadienylcarnitine)",0.0390709339928082,1.09858416242483e-05,0.00121064020934702,8.36415877650077e-05,0.0666844173049803,0.000145335026985245,0.445694902018762,0.447099144017728,8,"Lipids","Fatty Acid Metabolism (Acyl Carnitine)","Fasting"
"c16:2 (hexadecadienylcarnitine)",0.0625328101996603,3.66477793386081e-05,0.00304699788911304,0.000256972578008736,0.094771473068177,0.000973717671506599,0.418823896681113,0.419557484133083,8,"Lipids","Fatty Acid Metabolism (Acyl Carnitine)","Fasting"
"c18:1 (octadecenoylcarnitine)",0.164975825529424,0.000504868673607726,0.0273789864703602,0.00296294374070548,0.230968244084668,3.88057921717256e-05,0.286020050660474,0.28715027504859,8,"Lipids","Fatty Acid Metabolism (Acyl Carnitine)","Fasting"
"c2 (acetylcarnitine)",0.000111099986078592,1.3246380844775e-09,4.07683090708324e-07,1.29803602078963e-08,0.000600082096903191,5.68380213801969e-10,0.479163006266106,0.520125389094444,8,"Lipids","Fatty Acid Metabolism (Acyl Carnitine)","Fasting"
"c3 (propionylcarnitine)",0.19519872648028,0.0115925022153167,0.107670600402623,0.03468489288732,0.21965014264584,0.00060510463146456,0.215127776599985,0.215470254137171,5,"Lipids","Fatty Acid Metabolism (also BCAA Metabolism)","Fasting"
"c4 (butyrylcarnitine)",2.04378301741682e-07,2.1895292551205e-12,6.37702795004028e-10,2.13386267436273e-11,1.06560337993395e-06,2.31532028975814e-12,0.419196384362416,0.580802344992356,8,"Lipids","Fatty Acid Metabolism (also BCAA Metabolism)","Fasting"
"caprate (10:0)",0.990328524723667,0.00150448416566037,1.34479327684164e-05,1.92260053169492e-06,0.000276659038715302,3.19820966986476e-06,0.00310830425091206,0.00476345907807563,1,"Lipids","Medium Chain Fatty Acid","Fasting"
"choline",5.26212988959647e-08,2.67637985489314e-10,0.980705004846682,0.0192768743586984,1.6447018482885e-05,2.56079214113339e-09,9.47456672473298e-07,6.70869735059289e-07,3,"Lipids","Phospholipid Metabolism","Fasting"
"cis-aconitate",0.999999984855465,1.6356948903678e-12,1.56242213408897e-12,1.39116604193837e-13,9.79614319445589e-11,8.36243048109975e-14,4.75600505426697e-09,1.02871477988624e-08,1,"Energy","TCA Cycle","Fasting"
"cortisol",4.32355464423145e-10,7.67726888259483e-14,1.91881567922617e-09,1.71639791539387e-11,0.999998451480193,1.64068422544101e-13,1.20616103574824e-06,3.39990194879179e-07,5,"Lipids","Steroid","Fasting"
"deoxycholate",4.96301799996079e-06,2.68973484830712e-10,7.20301222179256e-07,1.30474331835195e-08,0.0412146804565453,3.55181360335343e-10,0.880925113892934,0.0778545086597106,7,"Lipids","Secondary Bile Acid Metabolism","Fasting"
"dodecanedioate",0.0035976248715987,1.83149135479509e-09,7.95867199952659e-08,3.84540578119652e-09,3.18070662427577e-05,6.2822270547228e-10,0.0913558588042075,0.905014623366111,8,"Lipids","Fatty Acid, Dicarboxylate","Fasting"
"dopamine sulfate (2)",0.606591183464339,3.24292720526157e-08,5.49926445968639e-07,3.16184085338236e-08,0.000122147802884201,7.40029101320392e-09,0.0683799099359966,0.324906137422363,1,"Amino Acids","Phenylalanine and Tyrosine Metabolism","Fasting"
"gamma-glutamylglycine",0.000253296310972436,0.999586589626133,5.70453262595804e-06,2.02815508014949e-06,2.25113427181538e-05,1.06810073264343e-05,5.53868248532653e-05,6.38022002906762e-05,2,"Peptides","Gamma-glutamyl Amino Acid","Fasting"
"gamma-glutamyltryptophan",3.56627001662363e-07,5.94001446509675e-10,0.997339603553948,3.03546561804616e-05,0.00259706643024924,3.52836329697567e-09,2.04293654369799e-05,1.21852448186473e-05,3,"Peptides","Gamma-glutamyl Amino Acid","Fasting"
"glycerol",9.91936022081251e-10,5.20022646369423e-15,1.02293463246121e-12,3.60465977539589e-14,1.39995327132833e-09,3.16288893416201e-15,0.00135281638452516,0.998647181222518,8,"Lipids","Glycerolipid Metabolism","Fasting"
"hexadecanedioate",1.71764398627055e-08,2.50313070369956e-12,4.01591508474061e-08,4.17688903279625e-10,0.999898585234706,4.91772517701029e-12,8.11681259014404e-05,2.01888786918956e-05,5,"Lipids","Fatty Acid, Dicarboxylate","Fasting"
"hippurate",0.908307936036621,0.0678614411721996,7.43663639645911e-05,1.22696600510126e-05,0.00113673418050143,2.70911286248326e-05,0.00927277688805602,0.0133073845699816,1,"Xenobiotics","Benzoate Metabolism","Fasting"
"indoleacetylglutamine",0.999999831212496,1.78032045763234e-12,5.14454436204642e-12,3.93182636055658e-13,4.86830576572583e-10,1.69255162969305e-13,4.65982042948264e-08,1.21694981969245e-07,1,"Amino Acids","Tryptophan Metabolism","Fasting"
"indolepropionate",0.0179049068264269,5.53617366445549e-09,1.88853935376065e-07,9.55764174968667e-09,6.4185635870716e-05,1.71647775959446e-09,0.112189293103828,0.869841408769645,8,"Amino Acids","Tryptophan Metabolism","Fasting"
"isobutyrylcarnitine",1.23744355408156e-06,0.999998249660198,1.28998651716215e-08,3.96588185252871e-09,6.40650212857358e-08,1.99992919220555e-08,1.8834426656434e-07,2.23621921282761e-07,2,"Amino Acids","Leucine, Isoleucine and Valine Metabolism","Fasting"
"laurate (12:0)",0.000150724141747925,1.68748456506026e-10,1.13005806507769e-08,5.01195582334758e-10,6.1641626754825e-06,6.88896260584836e-11,0.052023665747086,0.947819433909076,8,"Lipids","Medium Chain Fatty Acid","Fasting"
"lysopc a c14:0",2.34776994834116e-11,2.53728241154047e-12,1.22101578487463e-11,5.90861423641246e-12,2.43460482577766e-11,0.999999999868114,3.17102717143083e-11,3.169549442178e-11,6,"Lipids","Lysolipid","Fasting"
"lysopc a c16:1",0.105382015136755,0.000249306081656688,0.0111999712752451,0.00143717775714686,0.135571697436533,0.0383038938653455,0.353859183824913,0.353996754622404,8,"Lipids","Lysolipid","Fasting"
"lysopc a c18:2",2.04135700426422e-06,2.43808686128991e-11,6.89365499731289e-09,2.36106099202275e-10,9.94039650565727e-06,2.90612267715147e-11,0.45671932498358,0.543268686079706,8,"Lipids","Lysolipid","Fasting"
"lysopc a c20:4",0.0777762991474349,7.16918901311264e-05,0.0049390069592523,0.000474621297732222,0.110907674608541,0.00312503525737224,0.401117021041709,0.401588649797827,8,"Lipids","Lysolipid","Fasting"
"malate",0.00132538541804876,7.43590423549039e-05,0.0873803924473894,0.890354399948406,0.0115980291800581,0.000906600263274133,0.0044549205641757,0.00390591313629254,4,"Energy","TCA Cycle","Fasting"
"methyl-4-hydroxybenzoate sulfate",4.22193057845041e-12,1.2426006883999e-15,1.16385311226359e-10,6.42666273301535e-13,0.999999994855912,3.3143573333462e-15,3.68307479356236e-09,1.33975863855492e-09,5,"Xenobiotics","Benzoate Metabolism","Fasting"
"methylmalonate (mma)",0.999999405670669,1.30326337909614e-10,8.5856675002229e-11,8.01487540278642e-12,4.76598286499385e-09,5.34448053772812e-12,1.92461607603144e-07,3.96872197912454e-07,1,"Lipids","Fatty Acid Metabolism (also BCAA Metabolism)","Fasting"
"myristoleoylcarnitine",2.4934618585538e-11,8.85440745761053e-14,0.999999728395695,2.52449055538982e-07,1.80754646233996e-08,7.34495702380181e-13,6.29282772485125e-10,4.24744819935951e-10,3,"Lipids","Fatty Acid Metabolism (Acyl Carnitine)","Fasting"
"myristoylcarnitine",6.69994287670298e-10,6.40440889078715e-15,2.13937438175447e-12,6.6719100462769e-14,5.06278689953763e-09,4.65538557449618e-15,0.54226279920602,0.457737195058981,7,"Lipids","Fatty Acid Metabolism (Acyl Carnitine)","Fasting"
"n-acetylglutamate",5.00885213328447e-05,0.999923071487977,8.36027519106431e-07,2.80340609935222e-07,3.61443167254993e-06,1.46322528138332e-06,9.5339263279168e-06,1.11120392796472e-05,2,"Amino Acids","Glutamate Metabolism","Fasting"
"n-acetylglycine",1.7544968811692e-07,1.01292434055216e-09,0.640590645589245,0.359362397617932,4.19164677893056e-05,1.01552309430901e-08,2.82327950183681e-06,2.03042768822552e-06,3,"Amino Acids","Glycine, Serine and Threonine Metabolism","Fasting"
"n-acetylkynurenine (2)",0.959491439897819,0.0220469773350053,4.79174462439961e-05,7.57348252339834e-06,0.000799296308288782,1.53942202766819e-05,0.00714560605928759,0.0104457952505557,1,"Amino Acids","Tryptophan Metabolism","Fasting"
"n-acetyltryptophan",2.72297745236713e-06,3.79869265512783e-09,0.959963576450814,9.94138597471295e-05,0.0396288148636429,2.07911116151985e-08,0.000193787616162862,0.000111659642376273,3,"Amino Acids","Tryptophan Metabolism","Fasting"
"o-methylcatechol sulfate",3.6695937383391e-05,5.43879759795861e-11,4.32075226030505e-09,1.85065558886218e-10,2.68717537517982e-06,2.37303846402086e-11,0.0378925974283872,0.962068014874918,8,"Xenobiotics","Benzoate Metabolism","Fasting"
"octadecanedioate",0.0201639786410839,5.98913321509943e-09,2.00550240962342e-07,1.01852125865877e-08,6.73419813835831e-05,1.84239340584898e-09,0.11360074507108,0.866167715739472,8,"Lipids","Fatty Acid, Dicarboxylate","Fasting"
"oleoylcarnitine",4.82072662893042e-06,0.999994313572889,1.07737225143986e-08,2.59075973740127e-09,8.10038161356907e-08,1.04743570286367e-08,3.36374800317673e-07,4.24483026661236e-07,2,"Lipids","Fatty Acid Metabolism (Acyl Carnitine)","Fasting"
"ornithine",0.0129765601344539,0.98582469358841,8.82219999343445e-06,1.81511016649899e-06,8.79485613257911e-05,5.89393622950505e-06,0.000471129757638295,0.000623136711781941,2,"Amino Acids","Urea cycle; Arginine and Proline Metabolism","Fasting"
"palmitoylcarnitine",2.50233305721643e-06,5.19269649812719e-08,0.00289117174507963,0.997007145121122,7.07428405842244e-05,7.02784509645677e-07,1.52400982509497e-05,1.24431504318246e-05,4,"Lipids","Fatty Acid Metabolism (Acyl Carnitine)","Fasting"
"pc aa c36:1",0.184956504589888,0.0320033814379594,0.136893894281322,0.0673416237438532,0.198220799369577,0.0018276534128316,0.189279478143574,0.189476665020995,5,"Lipids","Diacylphosphatidylcholine","Fasting"
"pc aa c36:2",0.100730290081508,0.000459377566554189,0.0148787474527898,0.00236467872379865,0.122481652377956,0.222257214627411,0.268407201348368,0.268420837821614,8,"Lipids","Diacylphosphatidylcholine","Fasting"
"phenylacetylcarnitine",1.78961879416919e-07,5.53142493481684e-12,6.74642140568481e-09,1.51903152817934e-10,8.99029792934318e-05,5.93809909346363e-12,0.975654664300359,0.0242552468486741,7,"Amino Acids","Phenylalanine and Tyrosine Metabolism","Fasting"
"phenyllactate (pla)",8.26723568540563e-09,1.26154870229019e-12,2.23717939400293e-08,2.24999956317338e-10,0.999956737799231,2.52719490775262e-12,3.44065053798507e-05,8.82482757098168e-06,5,"Amino Acids","Phenylalanine and Tyrosine Metabolism","Fasting"
"phosphate",2.90790712605779e-07,9.60084087023066e-12,1.27582948102857e-08,2.80740983377695e-10,0.000195620909242413,1.05531252896553e-11,0.970381070933412,0.0294230043074428,7,"Energy","Oxidative Phosphorylation","Fasting"
"piperine",0.755326298278233,2.90485032825808e-08,4.41581042027823e-07,2.58797713424589e-08,9.22460334995312e-05,6.30586888472592e-09,0.0445596308449226,0.20002132202816,1,"Xenobiotics","Food Component/Plant","Fasting"
"pregnenolone sulfate",0.0014653585128233,0.998361642492432,1.53728685688384e-06,3.3378116882183e-07,1.38788262228545e-05,1.17587979688461e-06,6.78505577065221e-05,8.82226629928244e-05,2,"Lipids","Steroid","Fasting"
"pro-hydroxy-pro",0.145152588298181,0.845579372638536,5.20285251728798e-05,9.94397078239585e-06,0.00059593866989394,2.86287401896119e-05,0.00364214820785018,0.00493935094939369,2,"Amino Acids","Urea cycle; Arginine and Proline Metabolism","Fasting"
"proline",1.27174089360668e-10,1.42863455133265e-11,6.69589005327011e-11,3.28508618914168e-11,1.31728317115659e-10,0.999999999285439,1.70821253185721e-10,1.70741724083557e-10,6,"Amino Acids","Urea cycle; Arginine and Proline Metabolism","Fasting"
"propionylcarnitine",5.04401185266163e-09,2.22228600284014e-11,0.999628868947564,0.000368776410059957,2.17379712865761e-06,2.01176936646547e-10,1.03577238687822e-07,7.20005974819221e-08,3,"Lipids","Fatty Acid Metabolism (also BCAA Metabolism)","Fasting"
"pyruvate",1.35124450768636e-09,5.58225162228513e-12,0.99994701224091,5.22598333056159e-05,6.76730139036046e-07,4.92582727181119e-11,2.94749668732984e-08,2.03145930022138e-08,3,"Carbohydrates","Glycolysis, Gluconeogenesis, and Pyruvate Metabolism","Fasting"
"sebacate (decanedioate)",1.7504306393111e-06,7.68906206346654e-11,1.51042448388142e-07,2.98631409490091e-09,0.00463340901888338,9.38178126377327e-11,0.938569206079358,0.0567954802716482,7,"Lipids","Fatty Acid, Dicarboxylate","Fasting"
"suberoyl carnitine",5.27892773916441e-10,9.10360663447474e-15,5.54851623225869e-12,1.49475625363578e-13,2.70387195405331e-08,7.99367335447599e-15,0.99810929245461,0.00189067997306222,7,"Lipids","Fatty Acid Metabolism (Acyl Carnitine)","Fasting"
"tetradecanedioate",4.60539016431793e-09,7.27202899992013e-13,1.39081323789287e-08,1.36353166749746e-10,0.999977928335893,1.47805564607864e-12,1.74713873550827e-05,4.58162467123968e-06,5,"Lipids","Fatty Acid, Dicarboxylate","Fasting"
"trans-urocanate",3.29361426995025e-06,1.63330191209641e-10,3.8274423079168e-07,7.20154860503807e-09,0.0165948478619053,2.08542372362785e-10,0.913848328582827,0.0695531396233457,7,"Amino Acids","Histidine Metabolism","Fasting"
"trigonelline (n'-methylnicotinate)",2.09083530345675e-08,3.00749906525142e-12,4.69165370726701e-08,4.92558339582216e-10,0.999872193312849,5.87621293059225e-12,0.000102475305623673,2.52630551956227e-05,5,"Cofactors and Vitamins","Nicotinate and Nicotinamide Metabolism","Fasting"
"urea",0.716570931782123,0.256391796296468,0.000106090371446595,1.85015212105608e-05,0.0014517940601035,4.53076443619848e-05,0.0105756376757595,0.014839940648527,1,"Amino Acids","Urea cycle; Arginine and Proline Metabolism","Fasting"
"xanthine",7.74467482328105e-08,0.999999894130516,6.45093871998787e-10,1.9067983927883e-10,3.41577744516903e-09,9.39177098243943e-10,1.05702670149528e-08,1.2661740468605e-08,2,"Nucleotides","Purine Metabolism, (Hypo)Xanthine/Inosine containing","Fasting"
"xanthurenate",3.08811120048978e-10,2.51024366321226e-15,7.21478919176915e-13,2.33090694813434e-14,1.45043302661473e-09,1.73664465527453e-15,0.0332609244643175,0.966739073775689,8,"Amino Acids","Tryptophan Metabolism","Fasting"
"1-docosahexaenoyl-gpe (22:6)",8.97255954897392e-14,9.02049106136817e-13,1.10615850167609e-09,1.77662326093373e-12,5.59795305522621e-12,2.65783105551224e-13,0.999999998885204,5.60492013195343e-15,7,"Lipids","Lysolipid","PAT"
"1-linoleoyl-gpe (18:2)",3.17806637529528e-07,9.5145210324151e-07,1.03064747727045e-05,0.999901577674866,1.99843561069891e-06,4.54519726471529e-06,8.02331571463116e-05,6.98015987462012e-08,4,"Lipids","Lysolipid","PAT"
"1-oleoyl-gpe (18:1)",1.01100535336084e-13,3.64222460363284e-13,6.71213637215644e-12,0.999999999889223,8.84804636753618e-13,1.5555719383887e-12,1.0114129601697e-10,1.79076890100694e-14,4,"Lipids","Lysolipid","PAT"
"10-undecenoate (11:1n1)",5.10686080625225e-07,2.3767144267918e-06,9.9871176947944e-05,0.994520119407016,7.13984981346836e-06,6.88148248373988e-06,0.00536303247976752,6.82034636152286e-08,4,"Lipids","Medium Chain Fatty Acid","PAT"
"13-hode + 9-hode",0.999655857138253,0.000330881278703224,1.33085908457852e-07,1.0275801131904e-10,1.04076865593859e-05,1.44307805130638e-09,8.09226970041277e-09,2.71117246989195e-06,1,"Lipids","Fatty Acid, Monohydroxy","PAT"
"15-methylpalmitate",1.11626510194084e-13,1.11274279131506e-12,1.30208509624399e-09,2.36015533718281e-12,6.8452234551713e-12,3.3782689763155e-13,0.99999999868714,7.0272103444738e-15,7,"Lipids","Fatty Acid, Branched","PAT"
"16-hydroxypalmitate",0.0742457475850647,0.914174825761071,3.43137578671165e-05,8.24014881476887e-09,0.0115318777030364,1.0756479968919e-07,1.15581880288899e-06,1.19635692094113e-05,2,"Lipids","Fatty Acid, Monohydroxy","PAT"
"17-methylstearate",2.83635689358683e-05,0.00192640571024886,0.86862290570575,1.7053231239091e-07,0.128989362201535,8.70567475210826e-07,0.00043152595675995,3.95756983440502e-07,3,"Lipids","Fatty Acid, Branched","PAT"
"2-hydroxy-3-methylvalerate",3.41900229748854e-07,1.02159927029314e-06,1.10076487818846e-05,0.999895358858097,2.14257655536956e-06,4.88226963808461e-06,8.51698805700178e-05,7.52668576936914e-08,4,"Amino Acids","Leucine, Isoleucine and Valine Metabolism","PAT"
"2-hydroxybutyrate/2-hydroxyisobutyrate",0.015257798180227,0.970475036688217,2.88142716270229e-05,5.22714995124375e-09,0.0142329311419202,6.64864958143501e-08,8.37719351683082e-07,4.51028501153962e-06,2,"Amino Acids","Methionine, Cysteine, SAM and Taurine Metabolism","PAT"
"2,3-dihydroxyisovalerate",0.999841688519387,7.82575819795608e-05,1.31883321772728e-07,2.0073551637128e-10,5.04053345236497e-06,2.83976747451248e-09,1.11127600739049e-08,7.4867328596331e-05,1,"Xenobiotics","Food Component/Plant","PAT"
"3-(4-hydroxyphenyl)lactate",8.04605750237451e-06,2.16948351811253e-05,0.000177650983551581,0.998629979606503,4.20892824622746e-05,0.000103587700286274,0.00101494696189444,2.00457261943475e-06,4,"Amino Acids","Phenylalanine and Tyrosine Metabolism","PAT"
"3-aminoisobutyrate",0.999938652331272,5.67971201024488e-05,3.8304742321505e-08,3.7410300512251e-11,2.31242840847305e-06,5.28542421029372e-10,2.61139848446313e-09,2.19663812358498e-06,1,"Nucleotides","Pyrimidine Metabolism, Thymine containing","PAT"
"3-hydroxy-3-methylglutarate",1.97289993283913e-11,7.75920189183122e-11,1.87283336370624e-09,0.999999956319733,2.02416927961838e-10,2.98755102100122e-10,4.12057739728458e-08,3.16629077726008e-12,4,"Lipids","Mevalonate Metabolism","PAT"
"3-hydroxybutyrate (bhba)",1.78374983151421e-05,0.00111968761231956,0.930951824595698,1.3203318607672e-07,0.0675319769781144,6.43421115448401e-07,0.000377634930428781,2.62930822166574e-07,3,"Lipids","Ketone Bodies","PAT"
"3-hydroxybutyrylcarnitine (1)",6.77778662700838e-07,1.07698160406408e-05,0.238001046242163,7.51451953177332e-07,0.00011017462487721,6.12818544103283e-07,0.761875938889732,2.83780270833743e-08,7,"Lipids","Fatty Acid Metabolism (Acyl Carnitine)","PAT"
"3-hydroxybutyrylcarnitine (2)",1.0908441170471e-10,9.68381922952112e-10,6.12874767095066e-07,6.01698716226491e-09,5.29464312971156e-09,4.40232366047776e-10,0.999999374288261,7.64285146739161e-12,7,"Lipids","Fatty Acid Metabolism (Acyl Carnitine)","PAT"
"3-hydroxydecanoate",1.1157417758956e-09,1.36134876980889e-08,5.21554410805489e-05,5.68034467840004e-09,1.03690320321559e-07,2.00846494714424e-09,0.999947718391952,5.86078477253183e-11,7,"Lipids","Fatty Acid, Monohydroxy","PAT"
"3-hydroxyhippurate",1.13645022815862e-07,8.21879444411112e-07,0.000195146145791037,4.9599959473735e-05,3.67727733442607e-06,7.37026079640294e-07,0.999749894386444,9.68041002799809e-09,7,"Xenobiotics","Benzoate Metabolism","PAT"
"3-hydroxylaurate",7.239901046056e-05,0.0071401418321293,0.236857840080798,1.73331812281386e-07,0.755658130532461,1.06446769242621e-06,0.000269468355934556,7.82388711340123e-07,5,"Lipids","Fatty Acid, Monohydroxy","PAT"
"3-hydroxymyristate",0.999909703656803,5.66133481120797e-05,8.20360370328332e-08,1.15701440507961e-10,3.38182474235373e-06,1.63808323193375e-09,6.6680581261146e-09,3.02107124630748e-05,1,"Lipids","Fatty Acid, Monohydroxy","PAT"
"3-hydroxyoctanoate",7.52588485658214e-10,9.09173494281917e-09,3.27450608900502e-05,4.08467035882362e-09,6.8509028546954e-08,1.39022120025306e-09,0.999967171070987,3.98792864829388e-11,7,"Lipids","Fatty Acid, Monohydroxy","PAT"
"3-hydroxypyridine sulfate",3.55835536346184e-05,0.00621494295343051,0.00769474273513593,2.40964592020604e-08,0.986032600599607,1.81471335752589e-07,2.16628542985732e-05,2.61736098198255e-07,5,"Xenobiotics","Chemical","PAT"
"3-indoxyl sulfate",8.2552044121799e-06,1.04691620123651e-07,1.47930566532356e-09,8.00785631962356e-12,1.87758339683557e-08,1.03839971751123e-10,2.21654508943784e-10,0.999991619515326,8,"Amino Acids","Tryptophan Metabolism","PAT"
"3-methyl-2-oxobutyrate",0.000307281018640724,2.08232321668608e-05,8.99834607617822e-07,1.17985692791716e-08,6.15016208283886e-06,1.30056404497595e-07,1.96099283105484e-07,0.999664507798245,8,"Amino Acids","Leucine, Isoleucine and Valine Metabolism","PAT"
"3-methyl-2-oxovalerate",0.000329087344429412,2.25609077529595e-05,9.83957289006556e-07,1.30075706916005e-08,6.68996979701959e-06,1.4310248406387e-07,2.15154091158348e-07,0.999640306556586,8,"Amino Acids","Leucine, Isoleucine and Valine Metabolism","PAT"
"3-phenylpropionate (hydrocinnamate)",9.69033935677287e-07,1.71371449275188e-05,0.791928691165778,6.27524347126233e-07,0.000198585677835411,6.64348453090263e-07,0.207853287986659,3.71180638035493e-08,3,"Amino Acids","Phenylalanine and Tyrosine Metabolism","PAT"
"4-androsten-3alpha,17alpha-diol monosulfate (2)",6.55664014983629e-05,0.00556703091384086,0.498845300652571,2.24591466966613e-07,0.495101991051104,1.28863398359099e-06,0.000417813235034009,7.84520500891041e-07,3,"Lipids","Steroid","PAT"
"4-androsten-3beta,17beta-diol monosulfate (1)",0.579601496464747,0.00104164974288185,5.76323372360668e-06,1.69202512572191e-08,0.000120166084299456,2.33152913490314e-07,6.57924916084491e-07,0.419230016476267,1,"Lipids","Steroid","PAT"
"4-hydroxyhippurate",1.11902932774603e-06,7.23012621554225e-06,0.00105454546700391,0.00205088630710781,2.90951891438905e-05,9.1590684511042e-06,0.996847858304532,1.06508218187941e-07,7,"Xenobiotics","Benzoate Metabolism","PAT"
"4-methyl-2-oxopentanoate",1.30935121510921e-13,1.29972174382794e-12,1.48600425143093e-09,2.86083740265098e-12,7.96073789134792e-12,4.00505626670746e-13,0.999999998501335,8.27457996817432e-15,7,"Amino Acids","Leucine, Isoleucine and Valine Metabolism","PAT"
"5-dodecenoate (12:1n7)",5.20080117244245e-08,7.19495551098473e-07,0.00619482852708588,1.23302936312424e-07,6.29128611288964e-06,6.74657382932024e-08,0.993797915465221,2.44934284389331e-09,7,"Lipids","Medium Chain Fatty Acid","PAT"
"acetoacetate",3.53205618184042e-07,1.28384285747891e-05,0.999497702620315,1.31448989927308e-08,0.000369870090510002,4.17456160883101e-08,0.000119173053494088,7.71097303740609e-09,3,"Lipids","Ketone Bodies","PAT"
"acetylcarnitine",1.44947244330431e-06,6.97284676123096e-06,0.000328768835271518,0.977879802639412,2.15513127891615e-05,1.88534805717979e-05,0.021742414547089,1.86865662262319e-07,4,"Lipids","Fatty Acid Metabolism (Acyl Carnitine)","PAT"
"adipoylcarnitine",5.52559178655328e-13,1.97236808193284e-12,3.53567025449083e-11,0.999999999435355,4.756135264721e-12,8.50024909602769e-12,5.13407648606084e-10,9.89052656289185e-14,4,"Lipids","Fatty Acid Metabolism (Acyl Carnitine)","PAT"
"alanine",0.000119134838697069,0.000283452804926971,0.00169071127665187,0.989101914682515,0.000501407139212233,0.00127762547595677,0.00699109232962909,3.46614524106641e-05,4,"Amino Acids","Alanine and Aspartate Metabolism","PAT"
"alpha-hydroxyisocaproate",3.27066871482009e-10,3.87429519083931e-09,1.23623920457544e-05,2.017837218884e-09,2.85823973709971e-08,6.35812716381081e-10,0.999987602152911,1.7634137601206e-11,7,"Amino Acids","Leucine, Isoleucine and Valine Metabolism","PAT"
"alpha-ketobutyrate",1.07941869117101e-07,4.82038789555467e-07,1.75969722383681e-05,0.999237720217133,1.3980717100969e-06,1.51173533698513e-06,0.000741167952438782,1.50704839941535e-08,4,"Amino Acids","Methionine, Cysteine, SAM and Taurine Metabolism","PAT"
"c0 (carnitine)",0.000517666813944148,0.00684342569137638,0.77340588207118,0.000442006197895138,0.0360806857561846,3.19939076483338e-05,0.182650291464912,2.80480968597682e-05,3,"Lipids","Carnitine Metabolism","PAT"
"c12 (dodecanoylcarnitine)",3.01746109830643e-05,0.000521061719386238,0.873143444650085,2.76563520127533e-05,0.00432464029446899,3.17394854055443e-06,0.121948501519425,1.34690509912385e-06,3,"Lipids","Fatty Acid Metabolism (Acyl Carnitine)","PAT"
"c14 (tetradecanoylcarnitine)",5.64949243732498e-10,1.37615402759082e-09,6.62750194046437e-09,7.76102808933675e-10,2.6521698923514e-09,0.999999974666966,1.324240825966e-08,9.37482171966359e-11,6,"Lipids","Fatty Acid Metabolism (Acyl Carnitine)","PAT"
"c14:1 (tetradecenoylcarnitine)",5.53740706019576e-14,1.15977853989303e-13,4.29284023186342e-13,7.56155684429654e-14,2.01874716658353e-13,0.999999999998316,7.94294173539691e-13,1.11650464918455e-14,6,"Lipids","Fatty Acid Metabolism (Acyl Carnitine)","PAT"
"c14:1-oh (hydroxytetradecenoylcarnitine)",4.59632218019342e-07,8.35862832553001e-06,0.760439917197451,4.78651518071123e-07,9.44109644883971e-05,1.7499580892118e-07,0.239456181366302,1.85638877638881e-08,3,"Lipids","Fatty Acid Metabolism (Acyl Carnitine)","PAT"
"c14:2 (tetradecadienylcarnitine)",4.62943495538986e-06,5.89396645598896e-05,0.128366223238224,5.44964835609012e-06,0.000480491679281192,1.2402718173703e-05,0.871071651509142,2.12107307757108e-07,7,"Lipids","Fatty Acid Metabolism (Acyl Carnitine)","PAT"
"c16:2 (hexadecadienylcarnitine)",3.65498793790537e-11,8.60184121658123e-11,3.89491119662109e-10,5.0163415118276e-11,1.61924648704297e-10,0.999999998504928,7.6459490235716e-10,6.3293332634821e-12,6,"Lipids","Fatty Acid Metabolism (Acyl Carnitine)","PAT"
"c18:1 (octadecenoylcarnitine)",1.07487636932556e-09,2.07082693840594e-09,6.67520938868538e-09,1.45957294844777e-09,3.41163982477237e-09,0.99999997322146,1.18427597349401e-08,2.4365520191973e-10,6,"Lipids","Fatty Acid Metabolism (Acyl Carnitine)","PAT"
"c2 (acetylcarnitine)",3.95028272631326e-06,1.24115830621766e-05,9.77563193394943e-05,5.42840363822848e-06,2.8643263433212e-05,0.999627504968903,0.000223813309049465,4.918698477296e-07,6,"Lipids","Fatty Acid Metabolism (Acyl Carnitine)","PAT"
"c3 (propionylcarnitine)",0.0571130293541899,0.158203758277833,0.312920481110818,0.0447745987306403,0.22162855299186,0.0027255777156519,0.189803732400833,0.0128302694181736,3,"Lipids","Fatty Acid Metabolism (also BCAA Metabolism)","PAT"
"c4 (butyrylcarnitine)",0.121888143510475,0.169655318289659,0.187132952502998,0.104198885203663,0.179786473596397,0.0155477535336383,0.148945796703474,0.0728446766596944,3,"Lipids","Fatty Acid Metabolism (also BCAA Metabolism)","PAT"
"caprate (10:0)",4.55776385204004e-07,9.17463901815106e-06,0.980639619149095,1.61663228359255e-07,0.000124109938678942,2.2447472331713e-07,0.0192262386503024,1.57085682776809e-08,3,"Lipids","Medium Chain Fatty Acid","PAT"
"choline",5.94232166882823e-10,2.42095014634951e-09,6.53617909861665e-08,0.999998216626969,6.50199726270536e-09,8.86165135955401e-09,1.69954069726037e-06,9.17119161679603e-11,4,"Lipids","Phospholipid Metabolism","PAT"
"cis-aconitate",4.69297715614612e-08,3.51836882297337e-07,9.83310919369021e-05,1.36385885508777e-05,1.62943246427503e-06,2.81202186768346e-07,0.999885717057796,3.86041172312833e-09,7,"Energy","TCA Cycle","PAT"
"cortisol",0.00119804764579963,0.874662628713294,7.67813749514062e-05,5.81673788139224e-09,0.124059774795108,6.72828961219351e-08,1.39367031768153e-06,1.30070089554092e-06,2,"Lipids","Steroid","PAT"
"deoxycholate",5.95712650531796e-05,0.00484337490613862,0.586238984769763,2.26972901948744e-07,0.408409403618263,1.27506020166331e-06,0.000446429162772528,7.3424490525739e-07,3,"Lipids","Secondary Bile Acid Metabolism","PAT"
"dodecanedioate",4.63768663014445e-10,3.99249545754606e-09,2.16338839687886e-06,3.37150181796189e-08,2.11692927462679e-08,2.01604716016155e-09,0.999997775221539,3.34416903079048e-11,7,"Lipids","Fatty Acid, Dicarboxylate","PAT"
"dopamine sulfate (2)",1.6214906815056e-07,5.05478426034773e-06,0.999727981867195,1.01824221060953e-08,0.000118823686977831,2.73737843621331e-08,0.000147935984773621,3.97151869228843e-09,3,"Amino Acids","Phenylalanine and Tyrosine Metabolism","PAT"
"gamma-glutamylglycine",9.14299853648205e-07,5.97426270176495e-06,0.000913465702287248,0.00143347550097844,2.42942138912432e-05,7.31964782973739e-06,0.997614470320029,8.60524285083842e-08,7,"Peptides","Gamma-glutamyl Amino Acid","PAT"
"gamma-glutamyltryptophan",0.0023913437564696,0.000241617178669954,1.45653321564172e-05,2.59396252893616e-07,8.22731226542599e-05,2.64081064320155e-06,3.59515398105398e-06,0.997263705249173,8,"Peptides","Gamma-glutamyl Amino Acid","PAT"
"glycerol",1.59542732512397e-07,3.90886191726629e-06,0.998979233416611,2.47142408783247e-08,6.74088858559259e-05,4.81039730393254e-08,0.000949211771053637,4.70361558870548e-09,3,"Lipids","Glycerolipid Metabolism","PAT"
"hexadecanedioate",2.63465814193848e-07,5.78978356770169e-06,0.995547747624821,6.3813717531003e-08,8.71877144734593e-05,1.04040465697942e-07,0.00435883509323212,8.46390870218971e-09,3,"Lipids","Fatty Acid, Dicarboxylate","PAT"
"hippurate",1.01416891580265e-05,5.51253212671148e-05,0.00405210817398563,0.339776170219283,0.000189610181760265,0.000112211131158533,0.655803482918921,1.15036446603439e-06,7,"Xenobiotics","Benzoate Metabolism","PAT"
"indoleacetylglutamine",2.84899508904568e-05,0.00685686659516162,0.00170546866312487,9.94879732809827e-09,0.99140189837309,8.17732450471474e-08,7.01621786362152e-06,1.68477827116378e-07,5,"Amino Acids","Tryptophan Metabolism","PAT"
"indolepropionate",5.85736600963356e-07,9.19548660806463e-06,0.186934549925017,6.91815020691284e-07,9.27718454079379e-05,5.46487979865728e-07,0.812961633928892,2.47744741434293e-08,7,"Amino Acids","Tryptophan Metabolism","PAT"
"isobutyrylcarnitine",2.68471484245078e-10,9.11349184861325e-10,1.40829849677428e-08,0.999999809953269,2.11134089214156e-09,4.09961304963837e-09,1.68522068911344e-07,5.09025037875652e-11,4,"Amino Acids","Leucine, Isoleucine and Valine Metabolism","PAT"
"laurate (12:0)",8.37316211540067e-11,7.47149488900184e-10,4.85463757366223e-07,4.41418771195762e-09,4.10619132771694e-09,3.33706214006096e-10,0.999999504845438,5.83844785966474e-12,7,"Lipids","Medium Chain Fatty Acid","PAT"
"lysopc a c14:0",0.018832608588645,0.0960129861730448,0.456860394619545,0.0147083958509816,0.194792449256591,0.000740798229888756,0.21585092971457,0.00220143756673351,3,"Lipids","Lysolipid","PAT"
"lysopc a c16:1",0.0152638601789468,0.085205544980451,0.482203409378857,0.0119603791455921,0.184870136354515,0.000601417314220394,0.218254850855435,0.0016404017919832,3,"Lipids","Lysolipid","PAT"
"lysopc a c18:2",0.000915899461201202,0.00479299986520245,0.13275130548626,0.00122449887254845,0.0165383027145197,0.423020624006898,0.4206842652304,7.21043629698996e-05,6,"Lipids","Lysolipid","PAT"
"lysopc a c20:4",0.114492033917164,0.173374759764357,0.201430614943054,0.0960476399695678,0.188642304289781,0.0118278081461816,0.154430629665978,0.0597542093039176,3,"Lipids","Lysolipid","PAT"
"malate",5.5364521739423e-07,2.58280206148012e-06,0.000109428323438326,0.993909492425656,7.77482076718327e-06,7.44233240943399e-06,0.00596265189831095,7.37521396140188e-08,4,"Energy","TCA Cycle","PAT"
"methyl-4-hydroxybenzoate sulfate",2.83959548330692e-05,0.00696857537264986,0.00157803769058302,9.53006932465445e-09,0.991418107674672,7.8713413254077e-08,6.62938452134154e-06,1.65679258405021e-07,5,"Xenobiotics","Benzoate Metabolism","PAT"
"methylmalonate (mma)",5.4741084080754e-09,4.41657889749627e-08,1.74143055392353e-05,7.38701264201144e-07,2.19650075773288e-07,2.77469930079816e-08,0.999981549536535,4.1969571449776e-10,7,"Lipids","Fatty Acid Metabolism (also BCAA Metabolism)","PAT"
"myristoleoylcarnitine",0.00127342770190847,0.891940604636824,6.98422174143265e-05,5.53105334632431e-09,0.106713442630474,6.4314932276108e-08,1.29901361954541e-06,1.31395377366111e-06,2,"Lipids","Fatty Acid Metabolism (Acyl Carnitine)","PAT"
"myristoylcarnitine",1.79709597265455e-06,1.12953126293195e-05,0.00146973085645738,0.0048951629501202,4.43099672096011e-05,1.55096632544019e-05,0.993562018329418,1.75824938773266e-07,7,"Lipids","Fatty Acid Metabolism (Acyl Carnitine)","PAT"
"n-acetylglutamate",9.9437531987995e-05,0.000238907943549937,0.00145972895655383,0.99048348698632,0.000425623812401891,0.00108398844009413,0.00618024881459515,2.85775144976847e-05,4,"Amino Acids","Glutamate Metabolism","PAT"
"n-acetylglycine",1.52834344684368e-07,4.67785286381451e-06,0.999729330209933,1.0241875475922e-08,0.000107355083844431,2.69419232772057e-08,0.000158443039479234,3.7957365050335e-09,3,"Amino Acids","Glycine, Serine and Threonine Metabolism","PAT"
"n-acetylkynurenine (2)",5.49691944246737e-07,1.07575838075031e-05,0.967712685605317,2.21355062063824e-07,0.000140651702787924,2.90809432120906e-07,0.0321348238693199,1.93823289662997e-08,3,"Amino Acids","Tryptophan Metabolism","PAT"
"n-acetyltryptophan",0.00139525089482094,0.911927235123788,6.13704366868926e-05,5.17040321848338e-09,0.086613558828531,6.05590477956406e-08,1.18085005437253e-06,1.33813666789768e-06,2,"Amino Acids","Tryptophan Metabolism","PAT"
"o-methylcatechol sulfate",3.82323691429353e-13,4.03188391782237e-12,6.46787014137727e-09,5.28618584183522e-12,2.62961092682152e-11,1.00287117253389e-12,0.999999993495108,2.28689771956045e-14,7,"Xenobiotics","Benzoate Metabolism","PAT"
"octadecanedioate",3.19434203081715e-06,0.000156971168566509,0.992832659518672,4.67895344180842e-08,0.00679909434249989,1.93158333908503e-07,0.000207784694482949,5.5985879490528e-08,3,"Lipids","Fatty Acid, Dicarboxylate","PAT"
"oleoylcarnitine",1.30245069016918e-07,3.5846290806411e-06,0.999628479867415,1.28682305341989e-08,7.16785502313223e-05,2.95868354047516e-08,0.000296080744817938,3.50831992747346e-09,3,"Lipids","Fatty Acid Metabolism (Acyl Carnitine)","PAT"
"ornithine",1.56628614704291e-10,1.38039567367345e-09,8.41932638200126e-07,9.21335026555197e-09,7.492661664522e-09,6.4335736441738e-10,0.99999913916992,1.10486303587286e-11,7,"Amino Acids","Urea cycle; Arginine and Proline Metabolism","PAT"
"palmitoylcarnitine",0.000281112078808253,2.44852353876686e-06,2.82119023332204e-08,1.32527136874905e-10,3.99581444254053e-07,1.74891405616531e-09,3.97267597629095e-09,0.999716005750189,8,"Lipids","Fatty Acid Metabolism (Acyl Carnitine)","PAT"
"pc aa c36:1",0.0146217810806199,0.0157732075197657,0.0208382766111728,0.0174444914691451,0.0178027921503663,0.877074945987182,0.02639801070026,0.0100464944814874,6,"Lipids","Diacylphosphatidylcholine","PAT"
"pc aa c36:2",0.0134822141728933,0.0146093888673985,0.0194456020299649,0.0161248409571599,0.0165438673144235,0.885911969375255,0.024730532389775,0.00915158489313002,6,"Lipids","Diacylphosphatidylcholine","PAT"
"phenylacetylcarnitine",0.0272500904498406,0.95984495511733,3.03082635676038e-05,6.13487792929931e-09,0.0128671793144829,7.88516696206001e-08,9.33540044623549e-07,6.44832818696966e-06,2,"Amino Acids","Phenylalanine and Tyrosine Metabolism","PAT"
"phenyllactate (pla)",3.81404449371026e-09,1.24997321150787e-08,1.74483226734537e-07,0.999997884960643,2.81662003832944e-08,5.75714995625657e-08,1.83775146544362e-06,7.53188650950851e-10,4,"Amino Acids","Phenylalanine and Tyrosine Metabolism","PAT"
"phosphate",3.25128386096924e-10,1.31493082715646e-09,3.46784373592631e-08,0.999999084963613,3.51019490597585e-09,4.86602008488613e-09,8.70291087848498e-07,5.05870253007219e-11,4,"Energy","Oxidative Phosphorylation","PAT"
"piperine",1.28102916182447e-05,0.000764050211170181,0.955854000428188,1.08827787418919e-07,0.0430297914290496,5.13731025144313e-07,0.000338529368234609,1.95712926806863e-07,3,"Xenobiotics","Food Component/Plant","PAT"
"pregnenolone sulfate",4.55776385204004e-07,9.17463901815106e-06,0.980639619149095,1.61663228359255e-07,0.000124109938678942,2.2447472331713e-07,0.0192262386503024,1.57085682776809e-08,3,"Lipids","Steroid","PAT"
"pro-hydroxy-pro",0.362006663482808,0.629476426507438,3.60295493045732e-05,1.13256023957772e-08,0.00845079452214575,1.51169925756278e-07,1.39513438080952e-06,2.85283083956467e-05,2,"Amino Acids","Urea cycle; Arginine and Proline Metabolism","PAT"
"proline",0.111038308116678,0.17446703301851,0.207748219467718,0.0924827013443032,0.192187119984479,0.0105938235466011,0.156799843684756,0.0546829508369547,3,"Amino Acids","Urea cycle; Arginine and Proline Metabolism","PAT"
"propionylcarnitine",1.1810391810435e-08,9.30099139804122e-08,3.26818627020458e-05,2.03490312162828e-06,4.51763975510653e-07,6.33106362635126e-08,0.999964662412623,9.26636175805801e-10,7,"Lipids","Fatty Acid Metabolism (also BCAA Metabolism)","PAT"
"pyruvate",6.08567567103861e-07,9.58272413714248e-06,0.198899656301576,7.07501859988843e-07,9.70134786933778e-05,5.63363042299288e-07,0.800991842388056,2.56750680825231e-08,7,"Carbohydrates","Glycolysis, Gluconeogenesis, and Pyruvate Metabolism","PAT"
"sebacate (decanedioate)",1.92462721112673e-07,1.35982920997624e-06,0.000291112215455571,0.000110622107361402,5.9508543184322e-06,1.31226093945017e-06,0.999589433498906,1.67710881197344e-08,7,"Lipids","Fatty Acid, Dicarboxylate","PAT"
"suberoyl carnitine",1.39764119762849e-07,3.59581286382916e-06,0.999383345149606,1.78617784953546e-08,6.59655112025806e-05,3.73867624683214e-08,0.000546894547347996,3.96631836847179e-09,3,"Lipids","Fatty Acid Metabolism (Acyl Carnitine)","PAT"
"tetradecanedioate",2.069410297931e-07,4.76043483580255e-06,0.997728553110583,4.13969798268231e-08,7.58656673591431e-05,7.29132962236593e-08,0.00219049312474305,6.41117363432395e-09,3,"Lipids","Fatty Acid, Dicarboxylate","PAT"
"trans-urocanate",1.51361240817516e-07,1.08104945108853e-06,0.000242771353928044,7.6475705911607e-05,4.77965418165002e-06,1.00845503277145e-06,0.999673719369201,1.30510533714328e-08,7,"Amino Acids","Histidine Metabolism","PAT"
"trigonelline (n'-methylnicotinate)",9.93972864480575e-06,5.30496226108455e-05,0.00364167960477626,0.487923743896636,0.000179538213313365,0.000113004240059337,0.508077895695793,1.14899816632133e-06,7,"Cofactors and Vitamins","Nicotinate and Nicotinamide Metabolism","PAT"
"urea",8.37290567634118e-06,4.37022245798298e-05,0.00276243020984156,0.672945827335171,0.00014502244061507,9.82649383713534e-05,0.323995389350958,9.90594786614816e-07,4,"Amino Acids","Urea cycle; Arginine and Proline Metabolism","PAT"
"xanthine",1.95136582887309e-13,1.92081830704196e-12,2.09747210571646e-09,4.55341515549552e-12,1.16636791879655e-11,6.09646295223713e-13,0.999999997883573,1.24269014390973e-14,7,"Nucleotides","Purine Metabolism, (Hypo)Xanthine/Inosine containing","PAT"
"xanthurenate",8.97255954897392e-14,9.02049106136817e-13,1.10615850167609e-09,1.77662326093373e-12,5.59795305522621e-12,2.65783105551224e-13,0.999999998885204,5.60492013195343e-15,7,"Amino Acids","Tryptophan Metabolism","PAT"
"1-docosahexaenoyl-gpe (22:6)",1.56776910991627e-09,1.77929545409491e-06,1.34491192507169e-14,0.999998219118908,3.74809472201238e-12,2.88652502053392e-14,5.03262200904673e-13,1.35755486327604e-11,4,"Lipids","Lysolipid","OLTT"
"1-linoleoyl-gpe (18:2)",1.1341617800626e-10,1.18717019995452e-12,7.00238577251612e-10,2.89814722961933e-12,4.00759549057508e-14,8.44147498578224e-09,0.999999978625626,1.21151186748312e-08,7,"Lipids","Lysolipid","OLTT"
"1-oleoyl-gpe (18:1)",0.992964688652873,0.000273946584061119,1.15549095559732e-08,0.00666062384383474,1.14790053942569e-07,2.84786085398372e-08,9.8665816009608e-07,9.95994374993051e-05,1,"Lipids","Lysolipid","OLTT"
"10-undecenoate (11:1n1)",0.999999163444216,1.66303943359464e-09,4.49129227743222e-12,1.28005879884733e-08,4.00111522570006e-12,1.28008409180872e-11,9.93020169795665e-10,8.21077842908317e-07,1,"Lipids","Medium Chain Fatty Acid","OLTT"
"13-hode + 9-hode",1.5266371124765e-06,1.99747317199366e-10,3.38206503095943e-11,8.34323410235774e-10,1.67750120802329e-12,1.23628257408674e-10,4.97635466128162e-08,0.999998422406144,8,"Lipids","Fatty Acid, Monohydroxy","OLTT"
"15-methylpalmitate",3.11657254939729e-08,1.82919433329176e-11,1.53194203071623e-11,6.53765453931771e-11,2.22452873341787e-13,6.43899674086346e-11,7.99504073125105e-08,0.999999888720267,8,"Lipids","Fatty Acid, Branched","OLTT"
"16-hydroxypalmitate",0.989656736877465,0.000386327239734483,1.44501499208511e-08,0.00983767192806894,1.52700739524856e-07,3.5502356341051e-08,1.20994092101735e-06,0.00011785136056468,1,"Lipids","Fatty Acid, Monohydroxy","OLTT"
"17-methylstearate",0.990675164399283,7.58191355510528e-07,7.81419716650475e-09,4.59611551108187e-06,2.87328064146472e-09,2.37954836102079e-08,2.7571650360267e-06,0.00931668964585339,1,"Lipids","Fatty Acid, Branched","OLTT"
"2-hydroxy-3-methylvalerate",1.42010433994693e-06,1.87231455128312e-10,3.19149095229879e-11,7.8147655992743e-10,1.57502696180383e-12,1.16723268812689e-10,4.71685748082184e-08,0.999998531608164,8,"Amino Acids","Leucine, Isoleucine and Valine Metabolism","OLTT"
"2-hydroxybutyrate/2-hydroxyisobutyrate",0.99980459685498,9.86283496226283e-06,1.12130774034385e-09,0.000169366346336022,6.576658595632e-09,2.84186253991144e-09,1.14117631946816e-07,1.60493062602309e-05,1,"Amino Acids","Methionine, Cysteine, SAM and Taurine Metabolism","OLTT"
"2,3-dihydroxyisovalerate",1.45264941586574e-07,2.36560620033691e-11,4.87899554137713e-12,9.67420041971641e-11,2.08603556878437e-13,1.81158565146211e-11,8.20263351867492e-09,0.999999846388823,8,"Xenobiotics","Food Component/Plant","OLTT"
"3-(4-hydroxyphenyl)lactate",0.00215188597118049,0.0195728351322436,6.02092483761806e-05,0.0107977974411937,0.966300383917205,8.54070164617395e-05,0.000269940503466897,0.000761540769872622,5,"Amino Acids","Phenylalanine and Tyrosine Metabolism","OLTT"
"3-aminoisobutyrate",4.10347212082869e-09,8.47025321094693e-13,2.18941778092996e-13,3.38350289870632e-12,7.88952503796003e-15,8.28046284867898e-13,4.31740941228911e-10,0.999999995459502,8,"Nucleotides","Pyrimidine Metabolism, Thymine containing","OLTT"
"3-hydroxy-3-methylglutarate",0.00153170329006218,6.77236057216279e-08,4.92133457111299e-09,3.11842111806921e-07,4.56561561262951e-10,1.68988018841985e-08,4.3293627522812e-06,0.99846356550477,8,"Lipids","Mevalonate Metabolism","OLTT"
"3-hydroxybutyrate (bhba)",0.999630232054084,1.81464131272761e-05,1.75662406392416e-09,0.000328426148731176,1.12453746159925e-08,4.43082043037469e-09,1.73450560002389e-07,2.30045006786529e-05,1,"Lipids","Ketone Bodies","OLTT"
"3-hydroxybutyrylcarnitine (1)",0.999999999261161,1.16565082265371e-11,1.02414721344208e-14,1.14114860914582e-10,1.84172257381223e-14,2.78431938586638e-14,1.64458285738703e-12,6.1136700157991e-10,1,"Lipids","Fatty Acid Metabolism (Acyl Carnitine)","OLTT"
"3-hydroxybutyrylcarnitine (2)",0.99998665919697,1.29333374187058e-08,4.86263569747335e-11,9.34285459221062e-08,3.49762800991581e-11,1.40727124699845e-10,1.19522548759035e-08,1.32222645618893e-05,1,"Lipids","Fatty Acid Metabolism (Acyl Carnitine)","OLTT"
"3-hydroxydecanoate",7.19354160566395e-05,0.00101397336593331,1.82336302132108e-10,0.998913763757393,1.91498096220882e-08,4.05070625030028e-10,8.32664017578161e-09,2.99396759928047e-07,4,"Lipids","Fatty Acid, Monohydroxy","OLTT"
"3-hydroxyhippurate",0.817928683224949,2.84481668021834e-06,5.18063871546834e-08,1.57891999683194e-05,1.28835340937109e-08,1.6286555751299e-07,2.30905278604036e-05,0.182029364675063,1,"Xenobiotics","Benzoate Metabolism","OLTT"
"3-hydroxylaurate",4.15039240549524e-10,9.53920857569629e-14,2.74348824045561e-14,3.76936209471491e-13,9.11449157802118e-16,1.04687890531321e-13,5.84976586967623e-11,0.999999999525858,8,"Lipids","Fatty Acid, Monohydroxy","OLTT"
"3-hydroxymyristate",0.999999943332643,1.73704300693392e-09,9.08664360524363e-13,1.92849120588596e-08,2.23188319741545e-12,2.42243925325661e-12,1.28187047163659e-10,3.55116524070551e-08,1,"Lipids","Fatty Acid, Monohydroxy","OLTT"
"3-hydroxyoctanoate",0.99122498507656,0.0003337341347781,1.31442485149788e-08,0.00833022717959825,1.35270111860108e-07,3.23374253912317e-08,1.10985074800803e-06,0.000109763006529823,1,"Lipids","Fatty Acid, Monohydroxy","OLTT"
"3-hydroxypyridine sulfate",0.000141611670642384,9.96484439589059e-09,1.01504824250475e-09,4.40716157019444e-08,7.34895102683377e-11,3.57056251701896e-09,1.08518850450212e-06,0.999857244445293,8,"Xenobiotics","Chemical","OLTT"
"3-indoxyl sulfate",0.00146161943421852,0.00332258837256892,1.91955769167232e-09,0.995211533869505,1.31282074093334e-07,4.33575548603922e-09,9.66185729709015e-08,4.02416774698536e-06,4,"Amino Acids","Tryptophan Metabolism","OLTT"
"3-methyl-2-oxobutyrate",4.29688302427682e-05,0.974831616417502,1.65919367701525e-08,0.0219096518982614,0.00321270064543165,3.07479800480046e-08,2.77538943108404e-07,2.73732970220381e-06,2,"Amino Acids","Leucine, Isoleucine and Valine Metabolism","OLTT"
"3-methyl-2-oxovalerate",7.45587887800398e-07,0.000307774731881752,1.19126112185345e-09,4.47303024412247e-05,0.999646643412097,2.04967740607523e-09,1.35812976114094e-08,8.91434556656076e-08,5,"Amino Acids","Leucine, Isoleucine and Valine Metabolism","OLTT"
"3-phenylpropionate (hydrocinnamate)",2.5450423625718e-17,8.46930764074236e-21,3.59949562988636e-21,3.22056657628134e-20,8.86346524283627e-23,1.42059603683845e-20,1.03812278611791e-17,1,8,"Amino Acids","Phenylalanine and Tyrosine Metabolism","OLTT"
"4-androsten-3alpha,17alpha-diol monosulfate (2)",0.00265043648137599,0.00407008084050222,2.98403560280106e-09,0.993272521111248,1.86062325897653e-07,6.76509645889454e-09,1.53512301427087e-07,6.61224311447204e-06,4,"Lipids","Steroid","OLTT"
"4-androsten-3beta,17beta-diol monosulfate (1)",0.000154652979416054,3.86135413895249e-07,3.44988035403206e-06,1.15643575313013e-06,7.37453783941692e-09,1.9039569794176e-05,0.4215584179284,0.578262889696331,8,"Lipids","Steroid","OLTT"
"4-hydroxyhippurate",1.97840014649067e-06,1.80326018721042e-09,2.7709395381181e-09,6.12558613957764e-09,2.48786645165485e-11,1.23857843437973e-08,2.68877554335725e-05,0.999971110733971,8,"Xenobiotics","Benzoate Metabolism","OLTT"
"4-methyl-2-oxopentanoate",9.32228406937349e-09,5.6571618254379e-11,4.73687508535134e-09,1.49823368100924e-10,1.51187126345865e-12,3.73542670384215e-08,0.999996944440241,3.00393842554574e-06,7,"Amino Acids","Leucine, Isoleucine and Valine Metabolism","OLTT"
"5-dodecenoate (12:1n7)",0.999999566253945,1.71720528623885e-08,6.69115555968037e-12,2.05723967818995e-07,1.95486278463533e-11,1.76509013367466e-11,8.80947914567908e-10,2.09925196146604e-07,1,"Lipids","Medium Chain Fatty Acid","OLTT"
"acetoacetate",0.999997033918852,4.33388460633779e-09,1.35210245321067e-11,3.2435430904224e-08,1.09766439954304e-11,3.87915112712187e-11,3.12856237929263e-09,2.92611998132589e-06,1,"Lipids","Ketone Bodies","OLTT"
"acetylcarnitine",1.08750521743532e-10,9.2290276532376e-09,4.32217256723387e-13,2.45187268012539e-09,0.999999988186608,7.04143942965002e-13,3.75072835343393e-12,1.8854397886602e-11,5,"Lipids","Fatty Acid Metabolism (Acyl Carnitine)","OLTT"
"adipoylcarnitine",0.999999998971162,7.29487757596454e-12,1.03299697380607e-14,6.41528327928924e-11,1.38438359779748e-14,2.86291779825e-14,1.88707460029939e-12,9.5545054178203e-10,1,"Lipids","Fatty Acid Metabolism (Acyl Carnitine)","OLTT"
"alanine",6.83191422495809e-07,0.998073178374342,1.21207588017598e-10,0.00192339224418254,2.71335817664271e-06,2.32773963434745e-10,2.45061232489701e-09,3.00272826546372e-08,2,"Amino Acids","Alanine and Aspartate Metabolism","OLTT"
"alpha-hydroxyisocaproate",3.3296174633237e-06,0.00180998117046374,4.66120065375404e-09,0.000235053985346732,0.997951190879475,8.07998597872519e-09,5.51882909094496e-08,3.76417773907534e-07,5,"Amino Acids","Leucine, Isoleucine and Valine Metabolism","OLTT"
"alpha-ketobutyrate",9.91755706049141e-07,0.997549136079428,1.8539123927412e-10,0.00244513293225888,4.69027314645646e-06,3.55220124959187e-10,3.70245784078365e-09,4.47163911213824e-08,2,"Amino Acids","Methionine, Cysteine, SAM and Taurine Metabolism","OLTT"
"c0 (carnitine)",0.477013334357134,0.0900312620733458,0.00290667724712717,0.154178428032513,0.00445207592635654,0.0056690541147715,0.0470796980347661,0.218669470213986,1,"Lipids","Carnitine Metabolism","OLTT"
"c12 (dodecanoylcarnitine)",0.542543160173577,0.0719182574166156,0.00153129818020353,0.137215292733138,0.00242200460863753,0.00314866854583545,0.0334878010477025,0.207733517294291,1,"Lipids","Fatty Acid Metabolism (Acyl Carnitine)","OLTT"
"c14 (tetradecanoylcarnitine)",0.212017930680477,0.143640108689722,0.052365974273042,0.16095424432065,0.0616241049650138,0.0670370660523393,0.12535991178127,0.177000659237486,1,"Lipids","Fatty Acid Metabolism (Acyl Carnitine)","OLTT"
"c14:1 (tetradecenoylcarnitine)",0.415942902290853,0.0986479550310308,0.00153870716001215,0.196456364528561,0.00246229492764721,0.00326416431962125,0.039645506990865,0.24204210475141,1,"Lipids","Fatty Acid Metabolism (Acyl Carnitine)","OLTT"
"c14:1-oh (hydroxytetradecenoylcarnitine)",0.979223339149279,0.000923907367125103,1.79499139381798e-06,0.00486653323792917,3.24337960099765e-06,4.61699668978087e-06,0.000181686082384131,0.0147948787955982,1,"Lipids","Fatty Acid Metabolism (Acyl Carnitine)","OLTT"
"c14:2 (tetradecadienylcarnitine)",0.995206829903899,0.000159843363814848,2.34237938187576e-07,0.00101706939127367,4.2791646927325e-07,6.14068667627513e-07,2.7713448085196e-05,0.0035872676698518,1,"Lipids","Fatty Acid Metabolism (Acyl Carnitine)","OLTT"
"c16:2 (hexadecadienylcarnitine)",0.538077325717267,0.0731021220672559,0.00159864534424215,0.138451319171834,0.00252355605894531,0.00327648940066646,0.0343029327977277,0.208667609442061,1,"Lipids","Fatty Acid Metabolism (Acyl Carnitine)","OLTT"
"c18:1 (octadecenoylcarnitine)",0.999973790135941,4.98611397097181e-07,4.23198760723698e-10,4.80202316799814e-06,7.86717263860608e-10,1.1461093715742e-09,6.58431822087597e-08,2.08410302861972e-05,1,"Lipids","Fatty Acid Metabolism (Acyl Carnitine)","OLTT"
"c2 (acetylcarnitine)",0.965806342412606,0.00172652704200978,3.85737202888398e-06,0.00834314517421366,6.9298623214785e-06,9.82380698583076e-06,0.000360621649188892,0.0237427526806451,1,"Lipids","Fatty Acid Metabolism (Acyl Carnitine)","OLTT"
"c3 (propionylcarnitine)",0.999973541752677,5.53674231313202e-07,5.50578147208758e-10,4.73756032384441e-06,1.0195920069493e-09,1.47846887557122e-09,7.98809218130591e-08,2.10840832074646e-05,1,"Lipids","Fatty Acid Metabolism (also BCAA Metabolism)","OLTT"
"c4 (butyrylcarnitine)",0.255523517565249,0.156949698301615,0.0140489579895739,0.209846837816769,0.0193679925213272,0.0234075151667656,0.100263673253921,0.22059180738478,1,"Lipids","Fatty Acid Metabolism (also BCAA Metabolism)","OLTT"
"caprate (10:0)",0.00015624077332068,3.85052309868813e-07,3.34854094973248e-06,1.15517407093526e-06,7.32040621500701e-09,1.84130687000292e-05,0.388964461485792,0.61085598858445,8,"Lipids","Medium Chain Fatty Acid","OLTT"
"choline",5.83411482779021e-07,9.25951368276114e-09,4.15466053858593e-05,2.11730899878556e-08,3.79689599491091e-10,0.000915578327896553,0.999011586123453,3.06747194880974e-05,7,"Lipids","Phospholipid Metabolism","OLTT"
"cis-aconitate",1.79640995153968e-05,2.35488510171369e-08,6.3779675751605e-08,7.6562783746004e-08,3.63073279574486e-10,3.03415469501971e-07,0.00121627312788764,0.998765295102744,8,"Energy","TCA Cycle","OLTT"
"cortisol",0.000484699387071943,2.72025659824985e-08,2.34102962124278e-09,1.22725293527554e-07,1.91888594167114e-10,8.135187662388e-09,2.26699322894301e-06,0.999512873023734,8,"Lipids","Steroid","OLTT"
"deoxycholate",0.8327058500107,2.77075302075535e-06,4.95174532008088e-08,1.54212586448106e-05,1.24761877372323e-08,1.55499961905375e-07,2.18922392391087e-05,0.167253848244792,1,"Lipids","Secondary Bile Acid Metabolism","OLTT"
"dodecanedioate",0.999999566253945,1.71720528623885e-08,6.69115555968037e-12,2.05723967818995e-07,1.95486278463533e-11,1.76509013367466e-11,8.80947914567908e-10,2.09925196146604e-07,1,"Lipids","Fatty Acid, Dicarboxylate","OLTT"
"dopamine sulfate (2)",0.999999703892046,1.12181493842072e-08,4.63823039769134e-12,1.32313908563294e-07,1.30884991671265e-11,1.22610280516307e-11,6.1905682413685e-10,1.51926851227581e-07,1,"Amino Acids","Phenylalanine and Tyrosine Metabolism","OLTT"
"gamma-glutamylglycine",0.000201660185282307,0.48758809205332,1.52866286002691e-07,0.033049832909029,0.479140384576501,2.73899737329874e-07,2.14457570507851e-06,1.74589341389396e-05,2,"Peptides","Gamma-glutamyl Amino Acid","OLTT"
"gamma-glutamyltryptophan",6.50139466247722e-07,0.998134392783504,1.14567689172938e-10,0.00186240094812183,2.52499387335777e-06,2.20087297353684e-10,2.32003900938201e-09,2.84803405612174e-08,2,"Peptides","Gamma-glutamyl Amino Acid","OLTT"
"glycerol",0.57733599203072,3.28090303810341e-06,7.43501032599106e-08,1.7635964676322e-05,1.58744888126803e-08,2.3676891013582e-07,3.64855088182615e-05,0.422606278599245,1,"Lipids","Glycerolipid Metabolism","OLTT"
"hexadecanedioate",0.210764543495968,2.19413517178667e-06,6.69601060458075e-08,1.13092003260004e-05,1.15930936224454e-08,2.17141948862144e-07,3.76937081027371e-05,0.789183963765283,8,"Lipids","Fatty Acid, Dicarboxylate","OLTT"
"hippurate",5.39851778119246e-06,2.18432309857688e-08,5.90729893652408e-07,6.12775367141053e-08,4.97584122178641e-10,3.83436725629668e-06,0.995291344135409,0.0046987486313085,7,"Xenobiotics","Benzoate Metabolism","OLTT"
"indoleacetylglutamine",7.35128266225601e-06,8.19967657527526e-09,1.71236213988937e-08,2.71893841669216e-08,1.20233566111767e-10,7.91177429991342e-08,0.000236417325491465,0.999756099641188,8,"Amino Acids","Tryptophan Metabolism","OLTT"
"indolepropionate",5.73355743422777e-11,2.06509714990094e-06,9.52335493142875e-16,0.999997934844242,5.12580208140134e-13,2.0016392893294e-15,3.16423312997552e-14,7.24829736273544e-13,4,"Amino Acids","Tryptophan Metabolism","OLTT"
"isobutyrylcarnitine",2.63780668859256e-07,1.8816458761089e-10,2.04222182459472e-10,6.57733383262272e-10,2.41724795580349e-12,8.80682145593082e-10,1.37311719219796e-06,0.999998361168919,8,"Amino Acids","Leucine, Isoleucine and Valine Metabolism","OLTT"
"laurate (12:0)",0.00593706474336838,0.00526861708396837,5.34828105888309e-09,0.988780897600384,2.93126186635688e-07,1.21887123131415e-08,2.83796799419211e-07,1.28261122992694e-05,4,"Lipids","Medium Chain Fatty Acid","OLTT"
"lysopc a c14:0",0.707014052072575,0.0346934570089901,0.000310059904168659,0.087290482971388,0.000519450029648733,0.00070153879917785,0.0123005951784409,0.157170364035611,1,"Lipids","Lysolipid","OLTT"
"lysopc a c16:1",0.999998174525105,3.27086175732564e-08,2.71877766652445e-11,3.22277809629278e-07,5.05908920999382e-11,7.37293503010741e-11,4.28497861339506e-09,1.46605198158326e-06,1,"Lipids","Lysolipid","OLTT"
"lysopc a c18:2",0.641249795790519,0.0386368138726217,0.000178679965999045,0.120633837639696,0.000307935228738277,0.000427954363176546,0.0102872833473861,0.188277699791863,1,"Lipids","Lysolipid","OLTT"
"lysopc a c20:4",0.235352501760885,0.161068662091568,0.0197735839391847,0.204501758963496,0.0263584900124813,0.0312149209540958,0.11029714140528,0.21143294087301,1,"Lipids","Lysolipid","OLTT"
"malate",1.11053001450441e-12,1.10356868933434e-10,3.97615747653718e-15,2.76966771918608e-11,0.999999999860605,6.52034312987827e-15,3.5639881150907e-14,1.84744829076651e-13,5,"Energy","TCA Cycle","OLTT"
"methyl-4-hydroxybenzoate sulfate",3.52096567941037e-18,1.09835063587602e-21,4.34847026306679e-22,4.20520063983841e-21,1.13090728890841e-23,1.70549230444165e-21,1.1848676856765e-18,1,8,"Xenobiotics","Benzoate Metabolism","OLTT"
"methylmalonate (mma)",0.00454576737232598,1.56232102979185e-07,9.58089691786561e-09,7.34649024320759e-07,1.00571360492561e-09,3.25154888410905e-08,7.67819958640702e-06,0.995445620444861,8,"Lipids","Fatty Acid Metabolism (also BCAA Metabolism)","OLTT"
"myristoleoylcarnitine",0.0337552446723477,0.00852725189418033,1.76265219715128e-08,0.957664731318665,7.20757815353705e-07,4.06647393961182e-08,1.00586135144621e-06,5.09872043784658e-05,4,"Lipids","Fatty Acid Metabolism (Acyl Carnitine)","OLTT"
"myristoylcarnitine",0.836671587235712,0.00411296187691341,5.76264057245836e-08,0.158898251353958,9.92043422182286e-07,1.38224867714635e-07,4.16143125497231e-06,0.000311850207466325,1,"Lipids","Fatty Acid Metabolism (Acyl Carnitine)","OLTT"
"n-acetylglutamate",9.14665321312802e-13,0.999999905596605,5.63035108491841e-17,9.44022880239739e-08,1.67428502998676e-13,1.12936766360384e-16,1.44186663013831e-15,2.35345981450927e-14,2,"Amino Acids","Glutamate Metabolism","OLTT"
"n-acetylglycine",0.999999999691582,2.97713956560558e-12,3.54196738095316e-15,2.72019342547801e-11,5.28856151857771e-15,9.74644501049301e-15,6.16607641820005e-13,2.77603711389588e-10,1,"Amino Acids","Glycine, Serine and Threonine Metabolism","OLTT"
"n-acetylkynurenine (2)",1.14591090889486e-06,0.00012740374350611,5.47292895069536e-12,0.999871442161449,9.23132609171817e-10,1.19500775307745e-11,2.26067592687157e-10,7.01751254935434e-09,4,"Amino Acids","Tryptophan Metabolism","OLTT"
"n-acetyltryptophan",3.04922304511139e-05,2.74061634332435e-09,3.38281084469479e-10,1.18561279715073e-08,2.12444213495552e-11,1.20698237104058e-09,4.06490073783138e-07,0.999969085116223,8,"Amino Acids","Tryptophan Metabolism","OLTT"
"o-methylcatechol sulfate",0.999998831667142,2.14796232656456e-09,6.01953998893602e-12,1.64136270846775e-08,5.23662461225766e-12,1.71853618338874e-11,1.34638521465938e-09,1.14839644155062e-06,1,"Xenobiotics","Benzoate Metabolism","OLTT"
"octadecanedioate",0.00031555582359911,1.92258801256462e-08,1.75735312143697e-09,8.61191594047315e-08,1.37805078433613e-10,6.13333820486831e-09,1.76238724064261e-06,0.999682568415624,8,"Lipids","Fatty Acid, Dicarboxylate","OLTT"
"oleoylcarnitine",1.13210318160046e-07,0.999426092690299,1.61566620461724e-11,0.000573565958807811,2.2327971550434e-07,3.13212360228073e-11,3.43610368682543e-10,4.4697712326355e-09,2,"Lipids","Fatty Acid Metabolism (Acyl Carnitine)","OLTT"
"ornithine",4.12448681986069e-05,4.90941131793013e-06,0.885401277229242,7.8344769817049e-06,6.66424399503406e-07,0.112589847885534,0.00176135125844621,0.000192868445879984,3,"Amino Acids","Urea cycle; Arginine and Proline Metabolism","OLTT"
"palmitoylcarnitine",9.51333548983977e-09,7.0182623651072e-10,0.997092200846653,1.22816741051386e-09,6.85110371199366e-11,0.00290610870850318,1.60831235424113e-06,7.06206490444162e-08,3,"Lipids","Fatty Acid Metabolism (Acyl Carnitine)","OLTT"
"pc aa c36:1",0.963218267966082,0.00150183443749301,2.06059359415638e-06,0.00956704020635105,3.75770542918928e-06,5.41316008670523e-06,0.000244825532595057,0.0254568003983689,1,"Lipids","Diacylphosphatidylcholine","OLTT"
"pc aa c36:2",0.995942015963047,0.00013182916956,1.8866587233029e-07,0.000853061612014974,3.44967304903404e-07,4.95359825484602e-07,2.26098702098337e-05,0.00304945439216528,1,"Lipids","Diacylphosphatidylcholine","OLTT"
"phenylacetylcarnitine",0.999999188764478,1.62417138742409e-09,4.37158181579294e-12,1.25096932946429e-08,3.90289319519651e-12,1.24577528019685e-11,9.65539770900401e-10,7.96115384936602e-07,1,"Amino Acids","Phenylalanine and Tyrosine Metabolism","OLTT"
"phenyllactate (pla)",5.52484256180489e-06,1.31724225619056e-07,0.00991788172719763,2.81750297508834e-07,6.63181966901759e-09,0.785087123425436,0.204830609497099,0.000158440401363049,6,"Amino Acids","Phenylalanine and Tyrosine Metabolism","OLTT"
"phosphate",0.000140120647362027,3.05833755405947e-07,2.08064437055183e-06,9.32218396492379e-07,5.57502359928866e-09,1.10753101823583e-05,0.155794249339514,0.844051230431396,8,"Energy","Oxidative Phosphorylation","OLTT"
"piperine",0.99998665919697,1.29333374187058e-08,4.86263569747335e-11,9.34285459221061e-08,3.4976280099158e-11,1.40727124699845e-10,1.19522548759035e-08,1.32222645618893e-05,1,"Xenobiotics","Food Component/Plant","OLTT"
"pregnenolone sulfate",1.72326779300707e-13,4.86844717017427e-17,1.73284085021241e-17,1.88336907906103e-16,4.89073639282834e-19,6.73355766699612e-17,4.34295262091888e-14,0.999999999999784,8,"Lipids","Steroid","OLTT"
"pro-hydroxy-pro",0.0984346503972387,1.38284595036739e-06,4.95349038607777e-08,6.973327110089e-06,7.65379745548524e-09,1.6226093058732e-07,3.01182757909095e-05,0.901526655704278,8,"Amino Acids","Urea cycle; Arginine and Proline Metabolism","OLTT"
"proline",0.19829054589813,0.162026367419279,0.0373818840681504,0.188078023823589,0.0462581095469923,0.0524076512560283,0.12601057015457,0.18954684783326,1,"Amino Acids","Urea cycle; Arginine and Proline Metabolism","OLTT"
"propionylcarnitine",5.68084295378122e-12,4.26924930389552e-14,7.16108419653517e-12,1.09572411864394e-13,1.24707193809016e-15,6.47540329336404e-11,0.999999998767292,1.15495855389429e-09,7,"Lipids","Fatty Acid Metabolism (also BCAA Metabolism)","OLTT"
"pyruvate",3.23848119782129e-05,4.78341687712944e-08,1.58436815897553e-07,1.53237916497475e-07,7.66029443381001e-10,7.71515639171949e-07,0.00394587758900084,0.996020605808451,8,"Carbohydrates","Glycolysis, Gluconeogenesis, and Pyruvate Metabolism","OLTT"
"sebacate (decanedioate)",0.999980020805449,1.71935409082666e-08,6.81649169167624e-11,1.22981889778508e-07,4.73634632875715e-11,1.97768993772272e-10,1.70509486242973e-08,1.98216548746501e-05,1,"Lipids","Fatty Acid, Dicarboxylate","OLTT"
"suberoyl carnitine",1.18374695732951e-06,5.42974369280314e-09,2.03663769607284e-07,1.49672185256312e-08,1.29800773619432e-10,1.39402042723395e-06,0.999253856487033,0.000743341555049942,7,"Lipids","Fatty Acid Metabolism (Acyl Carnitine)","OLTT"
"tetradecanedioate",0.999956498599557,2.94222980902555e-08,1.29655206261177e-10,2.06392618883668e-07,8.4067715066639e-11,3.78081353936752e-10,3.36007307258372e-08,4.32313929911362e-05,1,"Lipids","Fatty Acid, Dicarboxylate","OLTT"
"trans-urocanate",0.52195846047003,0.0091947792173969,7.30365475940341e-08,0.468518641862056,1.64435215082209e-06,1.7300253735063e-07,4.885665075081e-06,0.000321342394205653,1,"Amino Acids","Histidine Metabolism","OLTT"
"trigonelline (n'-methylnicotinate)",2.18009319310208e-08,0.960345348522277,8.03340497945963e-13,0.0396546280930592,1.13108106584366e-09,1.64260148368399e-12,2.28746353083192e-11,4.27329754795938e-10,2,"Cofactors and Vitamins","Nicotinate and Nicotinamide Metabolism","OLTT"
"urea",1.90283167400914e-09,6.51973201405154e-11,0.000273885524142876,1.31080291563991e-10,3.99611396338675e-12,0.999718589199524,7.48943667044103e-06,3.37365566497697e-08,6,"Amino Acids","Urea cycle; Arginine and Proline Metabolism","OLTT"
"xanthine",1.68417828960247e-11,6.33378667269055e-13,1.21104106893006e-05,1.25285516014888e-12,4.09261924201583e-14,0.999987848037325,4.12672244521664e-08,2.65992629988075e-10,6,"Nucleotides","Purine Metabolism, (Hypo)Xanthine/Inosine containing","OLTT"
"xanthurenate",8.9309186600184e-08,1.51130136156229e-11,3.23025487779255e-12,6.15729255261019e-11,1.34438082957139e-13,1.20285484791184e-11,5.56659053294357e-09,0.999999905032144,8,"Amino Acids","Tryptophan Metabolism","OLTT"
