"cluster","challenge","time_point","metabolite","response"
1,"Fasting",0,8,-0.226513725269097
1,"Fasting",0,11,-0.388659940046892
1,"Fasting",0,24,-0.523361682054039
1,"Fasting",0,25,-0.611806435106922
1,"Fasting",0,28,-0.412951022424298
1,"Fasting",0,30,-0.630823559139278
1,"Fasting",0,50,0.203443887662999
1,"Fasting",0,56,0.939276984228364
1,"Fasting",0,57,0.385587426434393
1,"Fasting",0,68,-0.079639561601588
1,"Fasting",0,81,0.929765401870245
1,"Fasting",0,82,0.101384709874317
1,"Fasting",0,86,-0.255980883920252
1,"Fasting",0,90,0.98893609613479
1,"Fasting",0,99,0.530920280434575
1,"Fasting",0,101,-0.158810084793239
1,"Fasting",120,8,-0.464921238043678
1,"Fasting",120,11,-0.70034471657365
1,"Fasting",120,24,-0.483601307830173
1,"Fasting",120,25,-0.866817617957843
1,"Fasting",120,28,-0.296760620804451
1,"Fasting",120,30,-0.844650302101797
1,"Fasting",120,50,0.846550493203736
1,"Fasting",120,56,0.785312181959465
1,"Fasting",120,57,-0.351873869803014
1,"Fasting",120,68,-0.260191321278242
1,"Fasting",120,81,0.616151703650444
1,"Fasting",120,82,0.0900604599487419
1,"Fasting",120,86,-0.431914629730494
1,"Fasting",120,90,0.4424882875934
1,"Fasting",120,99,0.137049857324804
1,"Fasting",120,101,-0.126398404769562
1,"Fasting",240,8,-0.412165200871127
1,"Fasting",240,11,-0.664857351376728
1,"Fasting",240,24,-0.401636973204217
1,"Fasting",240,25,-0.673723031432018
1,"Fasting",240,28,-0.19198388598377
1,"Fasting",240,30,-0.575456507563389
1,"Fasting",240,50,0.773704632438295
1,"Fasting",240,56,0.596990488059773
1,"Fasting",240,57,-0.0137747479882205
1,"Fasting",240,68,-0.210230960472837
1,"Fasting",240,81,0.420004980069881
1,"Fasting",240,82,0.423770012900279
1,"Fasting",240,86,-0.567704937242849
1,"Fasting",240,90,0.117518725364591
1,"Fasting",240,99,-0.165954092133804
1,"Fasting",240,101,-0.255882392863743
1,"Fasting",360,8,-0.557723776657565
1,"Fasting",360,11,-0.748260646736062
1,"Fasting",360,24,-0.0890376380002332
1,"Fasting",360,25,-0.45628586272432
1,"Fasting",360,28,-0.0618234888794429
1,"Fasting",360,30,-0.338380123541201
1,"Fasting",360,50,0.290353706783422
1,"Fasting",360,56,0.237452654879819
1,"Fasting",360,57,-0.232654236679658
1,"Fasting",360,68,-0.0941510574308333
1,"Fasting",360,81,0.1674482857641
1,"Fasting",360,82,0.552959808229626
1,"Fasting",360,86,-0.593091273615579
1,"Fasting",360,90,-0.0612645690519166
1,"Fasting",360,99,-0.248958133215516
1,"Fasting",360,101,-0.502535343561033
1,"Fasting",480,8,-0.5259551329135
1,"Fasting",480,11,-0.716771831377937
1,"Fasting",480,24,0.0602580526504563
1,"Fasting",480,25,-0.24154252885196
1,"Fasting",480,28,0.193132795144539
1,"Fasting",480,30,0.00582953134856957
1,"Fasting",480,50,0.358242682116227
1,"Fasting",480,56,0.109559323204767
1,"Fasting",480,57,-0.0780787580214232
1,"Fasting",480,68,0.201442131079884
1,"Fasting",480,81,0.179804839237759
1,"Fasting",480,82,0.935031814302558
1,"Fasting",480,86,-0.570541317930737
1,"Fasting",480,90,-0.0306320466143864
1,"Fasting",480,99,-0.510637506464829
1,"Fasting",480,101,-0.576343760848444
1,"Fasting",600,8,-0.383063649413426
1,"Fasting",600,11,-0.384696629597387
1,"Fasting",600,24,0.0565980344230365
1,"Fasting",600,25,-0.151722997385772
1,"Fasting",600,28,0.286988380820045
1,"Fasting",600,30,0.143015772125331
1,"Fasting",600,50,0.424490561478744
1,"Fasting",600,56,0.0453088056847376
1,"Fasting",600,57,0.390012631464008
1,"Fasting",600,68,0.498206493310109
1,"Fasting",600,81,0.101311536855653
1,"Fasting",600,82,1.0146030763183
1,"Fasting",600,86,-0.4095015866258
1,"Fasting",600,90,0.0978593003380965
1,"Fasting",600,99,-0.51796102908967
1,"Fasting",600,101,-0.540968239038337
1,"Fasting",720,8,-0.192589922276062
1,"Fasting",720,11,-0.186315904744741
1,"Fasting",720,24,0.692506047151862
1,"Fasting",720,25,0.476817781491278
1,"Fasting",720,28,0.300512667159823
1,"Fasting",720,30,0.665134033310989
1,"Fasting",720,50,0.281969159289354
1,"Fasting",720,56,-0.121660184438639
1,"Fasting",720,57,0.823131266279018
1,"Fasting",720,68,0.638520142002254
1,"Fasting",720,81,0.0416925781761154
1,"Fasting",720,82,1.17082162993557
1,"Fasting",720,86,-0.338517347281369
1,"Fasting",720,90,0.22666413077195
1,"Fasting",720,99,-0.616561951419749
1,"Fasting",720,101,-0.199390401935615
1,"Fasting",840,8,0.172641536707775
1,"Fasting",840,11,0.0062722894509349
1,"Fasting",840,24,1.0089444512547
1,"Fasting",840,25,0.881737187597868
1,"Fasting",840,28,0.358443338938849
1,"Fasting",840,30,1.0564032862179
1,"Fasting",840,50,-0.211485506196969
1,"Fasting",840,56,-0.224936548655764
1,"Fasting",840,57,0.902977832626235
1,"Fasting",840,68,0.981956530929296
1,"Fasting",840,81,0.276073978546091
1,"Fasting",840,82,1.32293119875012
1,"Fasting",840,86,-0.0762732195409679
1,"Fasting",840,90,0.391906805863971
1,"Fasting",840,99,-0.371330596729687
1,"Fasting",840,101,-0.165565803987143
1,"Fasting",960,8,0.51806257004862
1,"Fasting",960,11,0.0969621579719826
1,"Fasting",960,24,0.600328407477149
1,"Fasting",960,25,0.912891868014805
1,"Fasting",960,28,0.519879224055522
1,"Fasting",960,30,0.979672436521985
1,"Fasting",960,50,-0.452923016363571
1,"Fasting",960,56,-0.464883075114688
1,"Fasting",960,57,0.693025827453175
1,"Fasting",960,68,1.32938797939395
1,"Fasting",960,81,0.329661136380999
1,"Fasting",960,82,1.46771331173047
1,"Fasting",960,86,0.0683888575158735
1,"Fasting",960,90,0.433636989295869
1,"Fasting",960,99,-0.301419396527019
1,"Fasting",960,101,-0.113195836811824
1,"Fasting",1920,8,1.8144977684295
1,"Fasting",1920,11,1.06305943048481
1,"Fasting",1920,24,1.16329403051061
1,"Fasting",1920,25,1.54865635266568
1,"Fasting",1920,28,0.717552628227379
1,"Fasting",1920,30,2.07015397730549
1,"Fasting",1920,50,-0.152350293677259
1,"Fasting",1920,56,-0.533570159277614
1,"Fasting",1920,57,0.461177568871396
1,"Fasting",1920,68,0.0377794001480399
1,"Fasting",1920,81,0.276313652751838
1,"Fasting",1920,82,1.26699010530972
1,"Fasting",1920,86,0.715975998840325
1,"Fasting",1920,90,1.17561550929114
1,"Fasting",1920,99,0.710524340146693
1,"Fasting",1920,101,0.868762405787074
1,"OLTT",0,8,0.616670101028374
1,"OLTT",0,11,0.5454618458982
1,"OLTT",0,24,-0.237461051179102
1,"OLTT",0,25,-0.0229764438472678
1,"OLTT",0,28,0.00334855800421915
1,"OLTT",0,30,0.195791624843008
1,"OLTT",0,50,-0.464360470583159
1,"OLTT",0,56,0.64761921842574
1,"OLTT",0,57,0.879326539390561
1,"OLTT",0,68,0.0671341405854471
1,"OLTT",0,81,-0.362877481124629
1,"OLTT",0,82,-0.0644471853206357
1,"OLTT",0,86,0.632719322011833
1,"OLTT",0,90,1.41393671595215
1,"OLTT",0,99,0.00588414507067532
1,"OLTT",0,101,-0.0272641401391572
1,"OLTT",30,8,0.591979445268738
1,"OLTT",30,11,0.296096091145349
1,"OLTT",30,24,-0.347051993433611
1,"OLTT",30,25,0.239924645490794
1,"OLTT",30,28,-0.0294091720474823
1,"OLTT",30,30,0.29747129412886
1,"OLTT",30,50,0.0286295483254934
1,"OLTT",30,56,0.506857851016239
1,"OLTT",30,57,0.532599506501405
1,"OLTT",30,68,0.0345624422918858
1,"OLTT",30,81,0.216534911268469
1,"OLTT",30,82,0.0328922806030992
1,"OLTT",30,86,1.00724472931592
1,"OLTT",30,90,1.10167950819958
1,"OLTT",30,99,0.0929309661722434
1,"OLTT",30,101,0.149153449121912
1,"OLTT",60,8,0.758527637469837
1,"OLTT",60,11,0.493508405299926
1,"OLTT",60,24,-0.128369935202346
1,"OLTT",60,25,0.363628974022615
1,"OLTT",60,28,-0.307685348456048
1,"OLTT",60,30,0.182613795147545
1,"OLTT",60,50,0.295676233330641
1,"OLTT",60,56,0.767778445526461
1,"OLTT",60,57,0.444877079196361
1,"OLTT",60,68,0.0993037191469889
1,"OLTT",60,81,0.258018521713159
1,"OLTT",60,82,0.0395465921692729
1,"OLTT",60,86,1.07616915814366
1,"OLTT",60,90,0.852893485322226
1,"OLTT",60,99,0.267451221343817
1,"OLTT",60,101,0.0817474065422586
1,"OLTT",90,8,0.6054827938542
1,"OLTT",90,11,0.162563016000456
1,"OLTT",90,24,-0.485342638088152
1,"OLTT",90,25,0.0549429140927866
1,"OLTT",90,28,-0.453548560798267
1,"OLTT",90,30,-0.251002626447722
1,"OLTT",90,50,0.637012757696451
1,"OLTT",90,56,0.312313075411865
1,"OLTT",90,57,0.126555119342333
1,"OLTT",90,68,-0.25576800422603
1,"OLTT",90,81,0.367150176729908
1,"OLTT",90,82,-0.0263374030633601
1,"OLTT",90,86,1.06771385203668
1,"OLTT",90,90,0.179051522013151
1,"OLTT",90,99,0.17139220128401
1,"OLTT",90,101,0.343715533221863
1,"OLTT",120,8,0.644173092787433
1,"OLTT",120,11,0.368924162346451
1,"OLTT",120,24,-0.489437988880067
1,"OLTT",120,25,0.0576860935005674
1,"OLTT",120,28,-0.433377301610228
1,"OLTT",120,30,-0.124038561105639
1,"OLTT",120,50,0.532467277720536
1,"OLTT",120,56,0.308128888308535
1,"OLTT",120,57,0.421817125941462
1,"OLTT",120,68,-0.230434461108816
1,"OLTT",120,81,0.353089289992757
1,"OLTT",120,82,-0.297712709948563
1,"OLTT",120,86,1.24357557650019
1,"OLTT",120,90,-0.134385858845751
1,"OLTT",120,99,0.21012510371005
1,"OLTT",120,101,0.31694895318609
1,"OLTT",180,8,0.277380373745094
1,"OLTT",180,11,0.091205494377904
1,"OLTT",180,24,-0.37936334377612
1,"OLTT",180,25,-0.510282671500869
1,"OLTT",180,28,-0.345617516529477
1,"OLTT",180,30,-0.721248510017253
1,"OLTT",180,50,-0.00518242571116162
1,"OLTT",180,56,0.13884863292808
1,"OLTT",180,57,0.0860672220824902
1,"OLTT",180,68,-0.44436215854307
1,"OLTT",180,81,0.297105390100381
1,"OLTT",180,82,-0.551957897596503
1,"OLTT",180,86,0.72644790265595
1,"OLTT",180,90,-0.472901918214322
1,"OLTT",180,99,0.417547884072353
1,"OLTT",180,101,0.0378023732254858
1,"OLTT",240,8,0.0281991326197835
1,"OLTT",240,11,-0.353976490230854
1,"OLTT",240,24,-0.535744474999672
1,"OLTT",240,25,-0.550045710154604
1,"OLTT",240,28,-0.174457965686759
1,"OLTT",240,30,-0.564030935560415
1,"OLTT",240,50,-0.335546142435056
1,"OLTT",240,56,0.169253725878948
1,"OLTT",240,57,-0.069538563461556
1,"OLTT",240,68,-0.533632739051348
1,"OLTT",240,81,0.476920962961982
1,"OLTT",240,82,-0.683845090692565
1,"OLTT",240,86,0.194238958804893
1,"OLTT",240,90,-0.702722190468742
1,"OLTT",240,99,0.435039015778284
1,"OLTT",240,101,0.0511692339651771
1,"OLTT",300,8,-0.182167735925261
1,"OLTT",300,11,-0.421281033746672
1,"OLTT",300,24,-0.270433462082511
1,"OLTT",300,25,-0.381261800021587
1,"OLTT",300,28,-0.207067619610653
1,"OLTT",300,30,-0.805904127032474
1,"OLTT",300,50,-0.26627806031768
1,"OLTT",300,56,-0.227473627185085
1,"OLTT",300,57,-0.275586104651965
1,"OLTT",300,68,-0.290350301179688
1,"OLTT",300,81,0.0239167412498879
1,"OLTT",300,82,-0.694657470497665
1,"OLTT",300,86,-0.344264650751018
1,"OLTT",300,90,-0.701339175109753
1,"OLTT",300,99,0.34038426340625
1,"OLTT",300,101,0.0334781872044843
1,"OLTT",360,8,-0.134471758111524
1,"OLTT",360,11,-0.281166352561197
1,"OLTT",360,24,0.187342914626334
1,"OLTT",360,25,0.0988076590991074
1,"OLTT",360,28,-0.0998193708200874
1,"OLTT",360,30,0.0439303670596431
1,"OLTT",360,50,-0.255555446986817
1,"OLTT",360,56,-0.241859260940345
1,"OLTT",360,57,-0.297022400685377
1,"OLTT",360,68,-0.181861413378878
1,"OLTT",360,81,-0.437136539205206
1,"OLTT",360,82,-0.702994642733893
1,"OLTT",360,86,-0.477792227602249
1,"OLTT",360,90,-0.530131093769292
1,"OLTT",360,99,0.0995612427233736
1,"OLTT",360,101,-0.0921072153203442
1,"OLTT",420,8,0.123084454188537
1,"OLTT",420,11,-0.41469942770609
1,"OLTT",420,24,0.423051313157843
1,"OLTT",420,25,0.464395097601757
1,"OLTT",420,28,-0.043106213869703
1,"OLTT",420,30,0.0704538146837137
1,"OLTT",420,50,-0.384655711490409
1,"OLTT",420,56,-0.31656360465187
1,"OLTT",420,57,-0.442031901196457
1,"OLTT",420,68,0.170076791982381
1,"OLTT",420,81,-0.649467912646468
1,"OLTT",420,82,-0.671686422351422
1,"OLTT",420,86,-0.452555947705447
1,"OLTT",420,90,-0.349232684813514
1,"OLTT",420,99,-0.0685064913005851
1,"OLTT",420,101,-0.343810328983529
1,"OLTT",480,8,0.302195103151764
1,"OLTT",480,11,-0.336580964728498
1,"OLTT",480,24,0.543412705526521
1,"OLTT",480,25,0.849668114045004
1,"OLTT",480,28,-0.0196196947090783
1,"OLTT",480,30,0.354583827333976
1,"OLTT",480,50,-0.0727170186733815
1,"OLTT",480,56,-0.285839716493129
1,"OLTT",480,57,-0.279531899166219
1,"OLTT",480,68,0.274340406699
1,"OLTT",480,81,-0.769245096968475
1,"OLTT",480,82,-0.753627713144158
1,"OLTT",480,86,-0.282038207169861
1,"OLTT",480,90,-0.0769815013453087
1,"OLTT",480,99,-0.22887741635232
1,"OLTT",480,101,-0.552396444950983
1,"PAT",0,8,-0.913478490480995
1,"PAT",0,11,-0.791411189255058
1,"PAT",0,24,-1.16910498605479
1,"PAT",0,25,-1.05786046957114
1,"PAT",0,28,-0.238138927095655
1,"PAT",0,30,-0.852278213316311
1,"PAT",0,50,0.0444096609440804
1,"PAT",0,56,-0.284790348933881
1,"PAT",0,57,-0.911965367050358
1,"PAT",0,68,-0.105375224450822
1,"PAT",0,81,0.485948691378448
1,"PAT",0,82,-0.760807918669724
1,"PAT",0,86,-0.729233153332033
1,"PAT",0,90,-1.0240243186691
1,"PAT",0,99,-0.261513308437776
1,"PAT",0,101,0.134505104682987
1,"PAT",15,8,-0.843108053671914
1,"PAT",15,11,-0.416636249102229
1,"PAT",15,24,-0.326929954896958
1,"PAT",15,25,-0.464171131931985
1,"PAT",15,28,0.0854156386159154
1,"PAT",15,30,-0.214076308368663
1,"PAT",15,50,0.20928771192832
1,"PAT",15,56,-0.563776005223561
1,"PAT",15,57,-0.940848727167227
1,"PAT",15,68,0.00601194131851743
1,"PAT",15,81,-0.188973872004784
1,"PAT",15,82,-0.675479870778503
1,"PAT",15,86,-0.664673218116583
1,"PAT",15,90,-0.913963956400741
1,"PAT",15,99,-0.281119729445542
1,"PAT",15,101,0.239218752188514
1,"PAT",30,8,-0.482984603341734
1,"PAT",30,11,0.452494015379088
1,"PAT",30,24,0.227371864857351
1,"PAT",30,25,0.0778582918739661
1,"PAT",30,28,0.318827668689018
1,"PAT",30,30,0.281951302033534
1,"PAT",30,50,0.124074433624617
1,"PAT",30,56,-0.707072093406158
1,"PAT",30,57,-0.655183622703847
1,"PAT",30,68,-0.134643509145845
1,"PAT",30,81,-0.525648572912414
1,"PAT",30,82,-0.51691437512906
1,"PAT",30,86,-0.237360881052159
1,"PAT",30,90,-0.771966703809282
1,"PAT",30,99,-0.206051756109186
1,"PAT",30,101,0.528656319854365
1,"PAT",45,8,-0.258410992027254
1,"PAT",45,11,0.659483238830141
1,"PAT",45,24,1.05526706080262
1,"PAT",45,25,0.777404930788611
1,"PAT",45,28,0.276022520910723
1,"PAT",45,30,0.83558106461195
1,"PAT",45,50,-0.524192652969375
1,"PAT",45,56,-0.676177882266045
1,"PAT",45,57,-0.948754536500242
1,"PAT",45,68,-0.283112146003341
1,"PAT",45,81,-0.718873568060671
1,"PAT",45,82,-0.728658267952224
1,"PAT",45,86,0.0178010635674889
1,"PAT",45,90,-0.685858623191468
1,"PAT",45,99,0.0532026334865166
1,"PAT",45,101,0.616448122975024
1,"PAT",60,8,-0.182188414866433
1,"PAT",60,11,0.840504305243321
1,"PAT",60,24,-0.00215573835545835
1,"PAT",60,25,-0.00852903229962313
1,"PAT",60,28,0.175174451422072
1,"PAT",60,30,-0.0849955299315202
1,"PAT",60,50,-0.746097135851588
1,"PAT",60,56,-0.545405431369892
1,"PAT",60,57,-0.391052139102233
1,"PAT",60,68,-0.426668890334222
1,"PAT",60,81,-0.824130490084512
1,"PAT",60,82,-0.579058966303839
1,"PAT",60,86,-0.0594202244044046
1,"PAT",60,90,-0.615029796606438
1,"PAT",60,99,0.0181848189939518
1,"PAT",60,101,0.267365391592692
1,"PAT",90,8,-0.285779570668694
1,"PAT",90,11,0.993782198509961
1,"PAT",90,24,-0.0767265943106011
1,"PAT",90,25,-0.3712818520809
1,"PAT",90,28,0.0452787815284589
1,"PAT",90,30,-0.584604354301421
1,"PAT",90,50,-0.644607600674968
1,"PAT",90,56,-0.214974198409739
1,"PAT",90,57,-0.190087602890057
1,"PAT",90,68,-0.567008676808948
1,"PAT",90,81,-0.614016103046408
1,"PAT",90,82,-0.50263605612499
1,"PAT",90,86,-0.101480690899075
1,"PAT",90,90,-0.327427142653453
1,"PAT",90,99,0.193273891456775
1,"PAT",90,101,0.0785141245934247
1,"PAT",120,8,-0.407371744761376
1,"PAT",120,11,0.735342076845571
1,"PAT",120,24,-0.0726151200903715
1,"PAT",120,25,-0.436112325418115
1,"PAT",120,28,0.0347900558087403
1,"PAT",120,30,-0.591096468245415
1,"PAT",120,50,-0.534361264611477
1,"PAT",120,56,-0.155718139146383
1,"PAT",120,57,-0.069170668515013
1,"PAT",120,68,-0.241291693873336
1,"PAT",120,81,-0.726543142644571
1,"PAT",120,82,-0.207883009764946
1,"PAT",120,86,-0.157931022471888
1,"PAT",120,90,-0.0243254965773961
1,"PAT",120,99,0.0954195418214611
1,"PAT",120,101,-0.0928169601383809
2,"Fasting",0,4,-0.184452177812542
2,"Fasting",0,5,-0.262417541148604
2,"Fasting",0,6,-0.539100651271443
2,"Fasting",0,7,-0.181131193981562
2,"Fasting",0,9,-0.970488297014794
2,"Fasting",0,12,-0.210292979973541
2,"Fasting",0,14,-0.651642386655839
2,"Fasting",0,15,-0.55700707882555
2,"Fasting",0,16,-0.729132271738105
2,"Fasting",0,31,-0.34789412301662
2,"Fasting",0,32,-0.647623246513725
2,"Fasting",0,33,-0.943266616413957
2,"Fasting",0,36,-0.78372537372588
2,"Fasting",0,37,-0.557439518367053
2,"Fasting",0,46,-0.869526180228762
2,"Fasting",0,49,-0.361633019128526
2,"Fasting",0,58,-0.672387586627281
2,"Fasting",0,64,-0.3569073489641
2,"Fasting",0,75,-0.824263108159009
2,"Fasting",0,87,-0.186891157601381
2,"Fasting",0,100,-0.201786826356869
2,"Fasting",120,4,-0.00637284065589465
2,"Fasting",120,5,0.019488790865109
2,"Fasting",120,6,-0.394433750282732
2,"Fasting",120,7,-0.0608436903149992
2,"Fasting",120,9,-0.868207100219553
2,"Fasting",120,12,-0.301367510638835
2,"Fasting",120,14,-0.664067165443268
2,"Fasting",120,15,-0.576766348770586
2,"Fasting",120,16,-0.830989572302443
2,"Fasting",120,31,0.041661411431392
2,"Fasting",120,32,-0.660453598545968
2,"Fasting",120,33,-1.0682168136443
2,"Fasting",120,36,-0.624819453445097
2,"Fasting",120,37,-0.662167363241592
2,"Fasting",120,46,-0.81960442943405
2,"Fasting",120,49,-0.0453447780021195
2,"Fasting",120,58,-0.238302583914741
2,"Fasting",120,64,-0.0525710238938864
2,"Fasting",120,75,-0.75486772894541
2,"Fasting",120,87,-0.341790970276017
2,"Fasting",120,100,-0.165212699121771
2,"Fasting",240,4,0.0409812226196883
2,"Fasting",240,5,0.0979884493306129
2,"Fasting",240,6,-0.32103810511415
2,"Fasting",240,7,-0.089865141370664
2,"Fasting",240,9,-0.741062095532495
2,"Fasting",240,12,-0.166599567498176
2,"Fasting",240,14,-0.610234355932406
2,"Fasting",240,15,-0.534110617700939
2,"Fasting",240,16,-0.690208671384318
2,"Fasting",240,31,0.188112028188972
2,"Fasting",240,32,-0.645235622044366
2,"Fasting",240,33,-0.781717230388736
2,"Fasting",240,36,-0.490541029530452
2,"Fasting",240,37,-0.651466899740724
2,"Fasting",240,46,-0.737674743596106
2,"Fasting",240,49,0.0837668393784984
2,"Fasting",240,58,-0.0387903651237992
2,"Fasting",240,64,0.0770465733609587
2,"Fasting",240,75,-0.60525397956066
2,"Fasting",240,87,0.132848345328568
2,"Fasting",240,100,0.0427436045037836
2,"Fasting",360,4,0.373222371042501
2,"Fasting",360,5,0.340511230137479
2,"Fasting",360,6,0.00732724704957386
2,"Fasting",360,7,0.196928693300467
2,"Fasting",360,9,-0.391329137464899
2,"Fasting",360,12,0.27690394996077
2,"Fasting",360,14,-0.410981730441179
2,"Fasting",360,15,-0.422237213539173
2,"Fasting",360,16,-0.402078205521991
2,"Fasting",360,31,0.424202182281769
2,"Fasting",360,32,-0.432011360234211
2,"Fasting",360,33,-0.362880679018623
2,"Fasting",360,36,-0.448376873639131
2,"Fasting",360,37,-0.225482755051394
2,"Fasting",360,46,-0.443892552925686
2,"Fasting",360,49,0.39814492019953
2,"Fasting",360,58,0.149858008609995
2,"Fasting",360,64,0.293625270772245
2,"Fasting",360,75,0.0282849552783326
2,"Fasting",360,87,0.274928988349592
2,"Fasting",360,100,0.417533865712606
2,"Fasting",480,4,0.699754667018438
2,"Fasting",480,5,0.970690814560484
2,"Fasting",480,6,0.510015031438555
2,"Fasting",480,7,0.989300915012457
2,"Fasting",480,9,-0.0162238566157841
2,"Fasting",480,12,0.495597655527515
2,"Fasting",480,14,-0.0133709001846789
2,"Fasting",480,15,-0.215248958509431
2,"Fasting",480,16,-0.102466535958616
2,"Fasting",480,31,0.688103403890072
2,"Fasting",480,32,-0.0949870630667743
2,"Fasting",480,33,0.135468294169834
2,"Fasting",480,36,-0.154615273463186
2,"Fasting",480,37,0.023594692339056
2,"Fasting",480,46,0.078597071192693
2,"Fasting",480,49,0.798579071657209
2,"Fasting",480,58,0.185855342485581
2,"Fasting",480,64,0.659330832794217
2,"Fasting",480,75,0.913268841650108
2,"Fasting",480,87,0.403948138653371
2,"Fasting",480,100,0.599990790444304
2,"Fasting",600,4,0.727785921490385
2,"Fasting",600,5,0.64666939071222
2,"Fasting",600,6,0.679497526723175
2,"Fasting",600,7,0.570243096210774
2,"Fasting",600,9,0.356892510223586
2,"Fasting",600,12,0.699748209376368
2,"Fasting",600,14,0.240736852566965
2,"Fasting",600,15,0.0471502081389739
2,"Fasting",600,16,0.137356181961375
2,"Fasting",600,31,0.927820509746914
2,"Fasting",600,32,0.101418284257717
2,"Fasting",600,33,0.358011190628208
2,"Fasting",600,36,0.0701437591756753
2,"Fasting",600,37,0.0960517075425411
2,"Fasting",600,46,0.421029080550174
2,"Fasting",600,49,0.900067044099537
2,"Fasting",600,58,0.225631589701608
2,"Fasting",600,64,0.848118255635986
2,"Fasting",600,75,1.42510841343039
2,"Fasting",600,87,0.484753094812629
2,"Fasting",600,100,0.614423555069468
2,"Fasting",720,4,0.804599213732996
2,"Fasting",720,5,0.84009625807288
2,"Fasting",720,6,1.02905961124573
2,"Fasting",720,7,0.680178934898339
2,"Fasting",720,9,0.742265845977537
2,"Fasting",720,12,0.883601060724175
2,"Fasting",720,14,0.766134350061663
2,"Fasting",720,15,0.431276398938045
2,"Fasting",720,16,0.639532474968898
2,"Fasting",720,31,1.2010470342921
2,"Fasting",720,32,0.46000279748475
2,"Fasting",720,33,0.617696841498499
2,"Fasting",720,36,0.524972186114037
2,"Fasting",720,37,0.440982556273344
2,"Fasting",720,46,0.754629230167451
2,"Fasting",720,49,1.21691006792522
2,"Fasting",720,58,0.47088321836562
2,"Fasting",720,64,1.04500292931676
2,"Fasting",720,75,1.59874620589598
2,"Fasting",720,87,0.547013472105344
2,"Fasting",720,100,0.694988415176527
2,"Fasting",840,4,1.06326789304827
2,"Fasting",840,5,0.87314657135776
2,"Fasting",840,6,1.1235982678637
2,"Fasting",840,7,0.99503503454745
2,"Fasting",840,9,1.46768270087755
2,"Fasting",840,12,1.14774936303651
2,"Fasting",840,14,1.3788048839443
2,"Fasting",840,15,1.10039162316534
2,"Fasting",840,16,1.11248296965907
2,"Fasting",840,31,1.13657330957332
2,"Fasting",840,32,1.4906702888843
2,"Fasting",840,33,1.03253974029215
2,"Fasting",840,36,0.788222663730995
2,"Fasting",840,37,1.20838427086516
2,"Fasting",840,46,1.08093222386778
2,"Fasting",840,49,1.07835101869716
2,"Fasting",840,58,0.706641844396465
2,"Fasting",840,64,1.18385925834519
2,"Fasting",840,75,1.51357462399954
2,"Fasting",840,87,0.44220572169758
2,"Fasting",840,100,0.672771968819988
2,"Fasting",960,4,0.894088510053364
2,"Fasting",960,5,1.20183664158384
2,"Fasting",960,6,1.1794511070216
2,"Fasting",960,7,1.43856406480142
2,"Fasting",960,9,1.7265468344079
2,"Fasting",960,12,1.29182393316599
2,"Fasting",960,14,1.78526301513671
2,"Fasting",960,15,1.52417646366437
2,"Fasting",960,16,1.29764721569566
2,"Fasting",960,31,0.8672974352279
2,"Fasting",960,32,2.05305907114659
2,"Fasting",960,33,1.11709439183156
2,"Fasting",960,36,1.08474677998847
2,"Fasting",960,37,1.65799448897529
2,"Fasting",960,46,1.41361389127317
2,"Fasting",960,49,0.965030442116612
2,"Fasting",960,58,0.653009210434373
2,"Fasting",960,64,0.952318116710191
2,"Fasting",960,75,1.30693623774071
2,"Fasting",960,87,0.859216715237498
2,"Fasting",960,100,0.394002702953016
2,"Fasting",1920,4,1.97347495078874
2,"Fasting",1920,5,0.95818577701986
2,"Fasting",1920,6,1.5790839532738
2,"Fasting",1920,7,0.790733115413184
2,"Fasting",1920,9,2.83205680672696
2,"Fasting",1920,12,1.89593919355687
2,"Fasting",1920,14,2.83102554028438
2,"Fasting",1920,15,3.60430350245275
2,"Fasting",1920,16,2.46878587722336
2,"Fasting",1920,31,1.87551481736849
2,"Fasting",1920,32,2.4597349305577
2,"Fasting",1920,33,2.04499118781564
2,"Fasting",1920,36,2.54664653832552
2,"Fasting",1920,37,2.43609543786792
2,"Fasting",1920,46,2.21567702025228
2,"Fasting",1920,49,1.46785401544997
2,"Fasting",1920,58,1.70144812749261
2,"Fasting",1920,64,1.77892321484206
2,"Fasting",1920,75,0.929203439942209
2,"Fasting",1920,87,0.64779850108481
2,"Fasting",1920,100,0.781910365829466
2,"OLTT",0,4,0.230536736854482
2,"OLTT",0,5,0.77449064579087
2,"OLTT",0,6,-0.259964946091467
2,"OLTT",0,7,0.69772827668697
2,"OLTT",0,9,-0.342447309722851
2,"OLTT",0,12,0.25235555215095
2,"OLTT",0,14,-0.41979636202867
2,"OLTT",0,15,-0.178189913795536
2,"OLTT",0,16,-0.307766247964667
2,"OLTT",0,31,-0.00616749813998309
2,"OLTT",0,32,-0.361941951371381
2,"OLTT",0,33,-0.483753842893304
2,"OLTT",0,36,0.255300682959704
2,"OLTT",0,37,-0.138874392406138
2,"OLTT",0,46,-0.54503480006313
2,"OLTT",0,49,-0.0809543749905117
2,"OLTT",0,58,-0.0604418375618841
2,"OLTT",0,64,0.119810970330498
2,"OLTT",0,75,-0.160933975677283
2,"OLTT",0,87,-0.341957888177606
2,"OLTT",0,100,0.421449983656363
2,"OLTT",30,4,-0.535719478474402
2,"OLTT",30,5,-0.196870285427669
2,"OLTT",30,6,-0.730196619609538
2,"OLTT",30,7,0.22005254235961
2,"OLTT",30,9,-0.19000721577276
2,"OLTT",30,12,0.226781316280253
2,"OLTT",30,14,-0.57019075011935
2,"OLTT",30,15,-0.184483494985389
2,"OLTT",30,16,-0.352903926079813
2,"OLTT",30,31,-0.591861086802243
2,"OLTT",30,32,-0.491977539856054
2,"OLTT",30,33,-0.48530407124391
2,"OLTT",30,36,0.0687785681605218
2,"OLTT",30,37,0.356365116841882
2,"OLTT",30,46,-0.498428165532129
2,"OLTT",30,49,-0.753450370574574
2,"OLTT",30,58,-0.833255292083711
2,"OLTT",30,64,-0.648951320734574
2,"OLTT",30,75,-0.304309155595505
2,"OLTT",30,87,-0.989549270972634
2,"OLTT",30,100,-0.204648351366367
2,"OLTT",60,4,-0.726959697442708
2,"OLTT",60,5,-0.644374799970043
2,"OLTT",60,6,-0.890847076155786
2,"OLTT",60,7,-0.357776773977698
2,"OLTT",60,9,-0.250866338771133
2,"OLTT",60,12,0.147920178340428
2,"OLTT",60,14,-0.657024488034919
2,"OLTT",60,15,-0.213785379008902
2,"OLTT",60,16,-0.355512015862075
2,"OLTT",60,31,-0.675426850377964
2,"OLTT",60,32,-0.618621155354484
2,"OLTT",60,33,-0.755823398853407
2,"OLTT",60,36,0.266684987696238
2,"OLTT",60,37,0.0607684720974721
2,"OLTT",60,46,-0.782943143694182
2,"OLTT",60,49,-0.841358587392913
2,"OLTT",60,58,-0.855868643485421
2,"OLTT",60,64,-0.731136659026021
2,"OLTT",60,75,-0.438022203348536
2,"OLTT",60,87,-1.21694152830739
2,"OLTT",60,100,-0.221642306014609
2,"OLTT",90,4,-0.698420353333287
2,"OLTT",90,5,-0.871596863037845
2,"OLTT",90,6,-0.947575680257497
2,"OLTT",90,7,-0.686672347057714
2,"OLTT",90,9,-0.389670634229419
2,"OLTT",90,12,-0.250714528851427
2,"OLTT",90,14,-0.695862782566254
2,"OLTT",90,15,-0.29328254911069
2,"OLTT",90,16,-0.562594344573672
2,"OLTT",90,31,-0.770661715385255
2,"OLTT",90,32,-0.631162146711284
2,"OLTT",90,33,-0.998797050452715
2,"OLTT",90,36,-0.112097671931925
2,"OLTT",90,37,-0.129906425791542
2,"OLTT",90,46,-0.990430420434707
2,"OLTT",90,49,-0.978940556643147
2,"OLTT",90,58,-0.842865305882535
2,"OLTT",90,64,-0.802455353885668
2,"OLTT",90,75,-0.626015163602409
2,"OLTT",90,87,-1.52131632185502
2,"OLTT",90,100,-0.715309597303318
2,"OLTT",120,4,-0.840501238208258
2,"OLTT",120,5,-0.976779603460733
2,"OLTT",120,6,-0.958815227258396
2,"OLTT",120,7,-0.843019410810118
2,"OLTT",120,9,-0.486379326235605
2,"OLTT",120,12,-0.646315446675889
2,"OLTT",120,14,-0.714683107626306
2,"OLTT",120,15,-0.346531850369239
2,"OLTT",120,16,-0.643518977278645
2,"OLTT",120,31,-0.8304995672656
2,"OLTT",120,32,-0.672674917170894
2,"OLTT",120,33,-1.21164429907666
2,"OLTT",120,36,-0.0976937497805177
2,"OLTT",120,37,-0.247462098587095
2,"OLTT",120,46,-1.10665449650365
2,"OLTT",120,49,-1.07200328436144
2,"OLTT",120,58,-0.860013103481928
2,"OLTT",120,64,-0.85145290068959
2,"OLTT",120,75,-0.716830154777529
2,"OLTT",120,87,-1.62001487706463
2,"OLTT",120,100,-0.843502580673418
2,"OLTT",180,4,-0.692775493100179
2,"OLTT",180,5,-0.795669347958968
2,"OLTT",180,6,-0.754298752889445
2,"OLTT",180,7,-0.768862876560059
2,"OLTT",180,9,-0.475876076045971
2,"OLTT",180,12,-0.77230028708174
2,"OLTT",180,14,-0.659958473560052
2,"OLTT",180,15,-0.421962049232818
2,"OLTT",180,16,-0.713771230630823
2,"OLTT",180,31,-0.710556054117829
2,"OLTT",180,32,-0.574177750633176
2,"OLTT",180,33,-1.14597017432758
2,"OLTT",180,36,-0.490417554944781
2,"OLTT",180,37,-0.28971628337071
2,"OLTT",180,46,-1.06901817656857
2,"OLTT",180,49,-0.760790890916444
2,"OLTT",180,58,-0.516875972914973
2,"OLTT",180,64,-0.698681252744629
2,"OLTT",180,75,-0.837170087519723
2,"OLTT",180,87,-1.18107087125591
2,"OLTT",180,100,-1.03145388370251
2,"OLTT",240,4,-0.669275256736793
2,"OLTT",240,5,-0.714940476959845
2,"OLTT",240,6,-0.545396691137771
2,"OLTT",240,7,-0.68338045531536
2,"OLTT",240,9,-0.268949974608821
2,"OLTT",240,12,-0.354802190413538
2,"OLTT",240,14,-0.460573964689623
2,"OLTT",240,15,-0.397688971358597
2,"OLTT",240,16,-0.411076988854265
2,"OLTT",240,31,-0.557212092997833
2,"OLTT",240,32,-0.338646484198557
2,"OLTT",240,33,-0.371859615066619
2,"OLTT",240,36,-0.637927601073647
2,"OLTT",240,37,-0.0827674692312707
2,"OLTT",240,46,-0.444216264278496
2,"OLTT",240,49,-0.56493189722619
2,"OLTT",240,58,-0.409278544262471
2,"OLTT",240,64,-0.559899138750421
2,"OLTT",240,75,-0.511042579219895
2,"OLTT",240,87,-0.759152491409272
2,"OLTT",240,100,-1.10076452445734
2,"OLTT",300,4,-0.523378894634418
2,"OLTT",300,5,-0.60629155119597
2,"OLTT",300,6,-0.47487225317214
2,"OLTT",300,7,-0.413948013208382
2,"OLTT",300,9,-0.0211418939096598
2,"OLTT",300,12,0.0166588045649247
2,"OLTT",300,14,0.0176622004443316
2,"OLTT",300,15,-0.250124940915293
2,"OLTT",300,16,-0.041999367026175
2,"OLTT",300,31,-0.497843369285203
2,"OLTT",300,32,0.164378206107339
2,"OLTT",300,33,0.261440029157224
2,"OLTT",300,36,-0.739437651641072
2,"OLTT",300,37,-0.0907382256586063
2,"OLTT",300,46,0.197746249847261
2,"OLTT",300,49,-0.439931902775134
2,"OLTT",300,58,-0.465602435034681
2,"OLTT",300,64,-0.594461861398261
2,"OLTT",300,75,0.0364088511120864
2,"OLTT",300,87,-0.179680304252734
2,"OLTT",300,100,-0.887243034390028
2,"OLTT",360,4,-0.494237785011609
2,"OLTT",360,5,-0.613119260742314
2,"OLTT",360,6,-0.306387250777191
2,"OLTT",360,7,-0.311601319537649
2,"OLTT",360,9,0.253581956785441
2,"OLTT",360,12,0.0801249827063119
2,"OLTT",360,14,0.406628328381602
2,"OLTT",360,15,-0.0001879738431848
2,"OLTT",360,16,0.271715851889901
2,"OLTT",360,31,-0.401997160090851
2,"OLTT",360,32,0.41622282831355
2,"OLTT",360,33,0.504117972458439
2,"OLTT",360,36,-0.365224911089059
2,"OLTT",360,37,0.132041300203586
2,"OLTT",360,46,0.482104735020983
2,"OLTT",360,49,-0.390278851190226
2,"OLTT",360,58,-0.39882680498166
2,"OLTT",360,64,-0.566506229823351
2,"OLTT",360,75,0.481165619574041
2,"OLTT",360,87,-0.12731815852425
2,"OLTT",360,100,-0.429048642052879
2,"OLTT",420,4,-0.613852026870302
2,"OLTT",420,5,-0.560245494991877
2,"OLTT",420,6,-0.370683275513082
2,"OLTT",420,7,-0.30160108624466
2,"OLTT",420,9,0.486172079708333
2,"OLTT",420,12,0.207422436849919
2,"OLTT",420,14,0.588805126837395
2,"OLTT",420,15,0.332230123606044
2,"OLTT",420,16,0.547276996204887
2,"OLTT",420,31,-0.429420841327945
2,"OLTT",420,32,0.702928577201904
2,"OLTT",420,33,0.647724675041161
2,"OLTT",420,36,-0.110558939686031
2,"OLTT",420,37,0.424583988749512
2,"OLTT",420,46,0.638656712920875
2,"OLTT",420,49,-0.43715798927877
2,"OLTT",420,58,-0.345994376410515
2,"OLTT",420,64,-0.588053979101399
2,"OLTT",420,75,0.700475654574106
2,"OLTT",420,87,0.0378971804685894
2,"OLTT",420,100,-0.364459934695642
2,"OLTT",480,4,-0.46058328742065
2,"OLTT",480,5,-0.410785497475292
2,"OLTT",480,6,-0.354513746704929
2,"OLTT",480,7,-0.313078222319354
2,"OLTT",480,9,0.418539535837515
2,"OLTT",480,12,0.187142119961293
2,"OLTT",480,14,0.259904028794286
2,"OLTT",480,15,0.47801627416449
2,"OLTT",480,16,0.616216658740676
2,"OLTT",480,31,-0.220518437637029
2,"OLTT",480,32,0.416505757289595
2,"OLTT",480,33,0.493732338595131
2,"OLTT",480,36,0.00820110921693421
2,"OLTT",480,37,0.377645859240841
2,"OLTT",480,46,0.488280601613438
2,"OLTT",480,49,-0.256348511348638
2,"OLTT",480,58,-0.177664378228133
2,"OLTT",480,64,-0.333256189374038
2,"OLTT",480,75,0.691795575186361
2,"OLTT",480,87,0.10387982696674
2,"OLTT",480,100,-0.0872841127843961
2,"PAT",0,4,-0.704735513871311
2,"PAT",0,5,-0.746248306258122
2,"PAT",0,6,-0.451388903617012
2,"PAT",0,7,-0.941393591878253
2,"PAT",0,9,-0.89002056537443
2,"PAT",0,12,-0.945582686077825
2,"PAT",0,14,-0.547422994640623
2,"PAT",0,15,-0.587579418017051
2,"PAT",0,16,-1.0147520713661
2,"PAT",0,31,-0.600288771169489
2,"PAT",0,32,-0.539893766163446
2,"PAT",0,33,-1.21099911733537
2,"PAT",0,36,-0.909924556719893
2,"PAT",0,37,-0.647259659573068
2,"PAT",0,46,-1.09748917506868
2,"PAT",0,49,-0.607298250671396
2,"PAT",0,58,-0.587282723657101
2,"PAT",0,64,-0.475188536268226
2,"PAT",0,75,-0.907760222186066
2,"PAT",0,87,0.437248260020386
2,"PAT",0,100,-1.21899639744453
2,"PAT",15,4,-0.338513877455593
2,"PAT",15,5,-0.76077366333213
2,"PAT",15,6,-0.233783293736484
2,"PAT",15,7,-0.980620485640522
2,"PAT",15,9,-0.898833637372628
2,"PAT",15,12,-0.792432826264791
2,"PAT",15,14,-0.633950196755059
2,"PAT",15,15,-0.502975813357793
2,"PAT",15,16,-0.717845737884107
2,"PAT",15,31,-0.596321498318109
2,"PAT",15,32,-0.609130677075962
2,"PAT",15,33,-0.351384055638095
2,"PAT",15,36,-0.67278624962159
2,"PAT",15,37,-1.17508058791505
2,"PAT",15,46,-0.563755456611148
2,"PAT",15,49,-0.548118669302709
2,"PAT",15,58,0.260648124662994
2,"PAT",15,64,-0.458587804929206
2,"PAT",15,75,-0.877800824090721
2,"PAT",15,87,0.95337510352388
2,"PAT",15,100,-0.668215402905022
2,"PAT",30,4,0.0684971800346354
2,"PAT",30,5,-0.591656689513254
2,"PAT",30,6,-0.0274138072583774
2,"PAT",30,7,-0.78835808224861
2,"PAT",30,9,-0.710667354245673
2,"PAT",30,12,-0.721354270796984
2,"PAT",30,14,-0.58475096260399
2,"PAT",30,15,-0.479819387001137
2,"PAT",30,16,-0.250001110689169
2,"PAT",30,31,-0.482478941582624
2,"PAT",30,32,-0.564255098343744
2,"PAT",30,33,0.542494950580592
2,"PAT",30,36,0.180374632593778
2,"PAT",30,37,-1.20973156440111
2,"PAT",30,46,0.262116057346584
2,"PAT",30,49,-0.323070353163514
2,"PAT",30,58,0.934598467865578
2,"PAT",30,64,-0.289107965205214
2,"PAT",30,75,-0.769396826426639
2,"PAT",30,87,1.33312280222988
2,"PAT",30,100,0.508855765629786
2,"PAT",45,4,0.153905934828043
2,"PAT",45,5,0.399953255646486
2,"PAT",45,6,0.693181776636725
2,"PAT",45,7,-0.122215228798131
2,"PAT",45,9,-0.338399777738098
2,"PAT",45,12,-0.857785343353813
2,"PAT",45,14,-0.330963538026799
2,"PAT",45,15,-0.487253220638016
2,"PAT",45,16,-0.168053663667498
2,"PAT",45,31,0.132775705800216
2,"PAT",45,32,-0.421529869756674
2,"PAT",45,33,0.557524683265442
2,"PAT",45,36,0.499901262979821
2,"PAT",45,37,-0.585139801346498
2,"PAT",45,46,0.412448779632333
2,"PAT",45,49,0.574517244030794
2,"PAT",45,58,1.15178251498676
2,"PAT",45,64,0.415710217826057
2,"PAT",45,75,-0.676249199683728
2,"PAT",45,87,0.881199802876776
2,"PAT",45,100,0.936816477713888
2,"PAT",60,4,0.0269297692098521
2,"PAT",60,5,0.654939062129673
2,"PAT",60,6,0.50381366886345
2,"PAT",60,7,0.452900501102912
2,"PAT",60,9,-0.161642721612733
2,"PAT",60,12,-0.902362053600222
2,"PAT",60,14,-0.0617173652912998
2,"PAT",60,15,-0.421888207576259
2,"PAT",60,16,0.0842625639473282
2,"PAT",60,31,-0.0670765875686518
2,"PAT",60,32,-0.158912562293947
2,"PAT",60,33,0.532461164787726
2,"PAT",60,36,0.45224684101866
2,"PAT",60,37,-0.29718150963367
2,"PAT",60,46,0.402113417163115
2,"PAT",60,49,0.147959731169841
2,"PAT",60,58,0.290859652724968
2,"PAT",60,64,0.0851369251313259
2,"PAT",60,75,-0.474588961144668
2,"PAT",60,87,0.335929093755834
2,"PAT",60,100,0.694537912696897
2,"PAT",90,4,0.0626908036391791
2,"PAT",90,5,0.440517812438351
2,"PAT",90,6,0.41475953247275
2,"PAT",90,7,0.297220712703687
2,"PAT",90,9,-0.00239108247008989
2,"PAT",90,12,-0.535038834377861
2,"PAT",90,14,0.0673682665192441
2,"PAT",90,15,-0.298299995005127
2,"PAT",90,16,0.483036959529174
2,"PAT",90,31,-0.0558396750789914
2,"PAT",90,32,-0.028448332298225
2,"PAT",90,33,0.60530397555117
2,"PAT",90,36,0.00908038478601604
2,"PAT",90,37,-0.0923379170006692
2,"PAT",90,46,0.443454867039987
2,"PAT",90,49,0.163862121825859
2,"PAT",90,58,0.234026197199088
2,"PAT",90,64,0.0947438660085777
2,"PAT",90,75,-0.248458863768518
2,"PAT",90,87,0.325413265955724
2,"PAT",90,100,0.613447466363605
2,"PAT",120,4,0.370042746667372
2,"PAT",120,5,0.533254681827022
2,"PAT",120,6,0.840922308258354
2,"PAT",120,7,0.515482032226477
2,"PAT",120,9,0.130866124412546
2,"PAT",120,12,-0.35282023059759
2,"PAT",120,14,0.34485893162944
2,"PAT",120,15,-0.148121212569288
2,"PAT",120,16,0.636357188962144
2,"PAT",120,31,0.358956432361081
2,"PAT",120,32,0.226762400389427
2,"PAT",120,33,0.721015528680503
2,"PAT",120,36,-0.117153506454145
2,"PAT",120,37,-0.13175541968042
2,"PAT",120,46,0.67726806705116
2,"PAT",120,49,0.666569770416088
2,"PAT",120,58,0.338207654725143
2,"PAT",120,64,0.453591133714484
2,"PAT",120,75,0.107994615322384
2,"PAT",120,87,0.264905526629694
2,"PAT",120,100,0.746095418698929
3,"Fasting",0,1,-0.150038632477539
3,"Fasting",0,3,-0.427391655266904
3,"Fasting",0,17,-0.549631980223802
3,"Fasting",0,19,-0.43332478780489
3,"Fasting",0,20,-0.377438501054579
3,"Fasting",0,21,-0.566358168006142
3,"Fasting",0,39,-0.119260219696188
3,"Fasting",0,41,-0.667566754644089
3,"Fasting",0,42,-0.573817388072817
3,"Fasting",0,43,-0.634575327267256
3,"Fasting",0,45,-1.05610245621284
3,"Fasting",0,51,-0.8568505338483
3,"Fasting",0,80,-0.930239427030081
3,"Fasting",120,1,-0.243272836739295
3,"Fasting",120,3,0.00801963549937677
3,"Fasting",120,17,-0.3528538847368
3,"Fasting",120,19,-0.0495839042090351
3,"Fasting",120,20,0.0654584280914042
3,"Fasting",120,21,-0.514987362655187
3,"Fasting",120,39,0.272828136414693
3,"Fasting",120,41,-0.355008423574445
3,"Fasting",120,42,-0.29939585530822
3,"Fasting",120,43,-0.325057236492932
3,"Fasting",120,45,-0.770278666334085
3,"Fasting",120,51,-0.88210339545189
3,"Fasting",120,80,-0.778596240367675
3,"Fasting",240,1,0.125835973218366
3,"Fasting",240,3,0.294269240970132
3,"Fasting",240,17,-0.241293422775334
3,"Fasting",240,19,-0.0278674196684681
3,"Fasting",240,20,0.0634086103461076
3,"Fasting",240,21,-0.433658664951386
3,"Fasting",240,39,0.436109709657709
3,"Fasting",240,41,-0.298200474650294
3,"Fasting",240,42,0.0394573289971256
3,"Fasting",240,43,-0.190841816066653
3,"Fasting",240,45,-0.577747226666329
3,"Fasting",240,51,-0.638851661737741
3,"Fasting",240,80,-0.466018484285429
3,"Fasting",360,1,0.413799015288321
3,"Fasting",360,3,0.626196602739357
3,"Fasting",360,17,-0.110215474156498
3,"Fasting",360,19,0.129514435904305
3,"Fasting",360,20,0.232280466031494
3,"Fasting",360,21,-0.37398981813232
3,"Fasting",360,39,0.180017324123971
3,"Fasting",360,41,-0.206985680341519
3,"Fasting",360,42,0.0831074531582931
3,"Fasting",360,43,-0.267087613460352
3,"Fasting",360,45,-0.217008090502758
3,"Fasting",360,51,-0.59651912935128
3,"Fasting",360,80,-0.0378918191695387
3,"Fasting",480,1,1.02914811978589
3,"Fasting",480,3,1.10912636895466
3,"Fasting",480,17,0.27330790899455
3,"Fasting",480,19,0.619083017467539
3,"Fasting",480,20,1.00991065596121
3,"Fasting",480,21,-0.217589321451647
3,"Fasting",480,39,0.588448748769186
3,"Fasting",480,41,0.278390816375614
3,"Fasting",480,42,0.556278170297235
3,"Fasting",480,43,0.209305815989816
3,"Fasting",480,45,0.259320820699704
3,"Fasting",480,51,-0.254752392908147
3,"Fasting",480,80,0.381817560302321
3,"Fasting",600,1,1.09917542304445
3,"Fasting",600,3,0.855832638989108
3,"Fasting",600,17,0.348989290093031
3,"Fasting",600,19,0.724063627934387
3,"Fasting",600,20,0.992935588522493
3,"Fasting",600,21,-0.205568137041585
3,"Fasting",600,39,0.642932016195612
3,"Fasting",600,41,0.370371022589972
3,"Fasting",600,42,0.368173202734559
3,"Fasting",600,43,0.22331904071601
3,"Fasting",600,45,0.352614656481335
3,"Fasting",600,51,-0.029645981091976
3,"Fasting",600,80,0.41411656140887
3,"Fasting",720,1,1.28278228641947
3,"Fasting",720,3,0.899572499992344
3,"Fasting",720,17,0.550206796203129
3,"Fasting",720,19,0.990761169309103
3,"Fasting",720,20,1.0152094425769
3,"Fasting",720,21,-0.158333142046242
3,"Fasting",720,39,1.18380844056728
3,"Fasting",720,41,0.925475563074146
3,"Fasting",720,42,0.677763849975625
3,"Fasting",720,43,0.774968633045315
3,"Fasting",720,45,0.7440278550847
3,"Fasting",720,51,0.193512161718657
3,"Fasting",720,80,0.821935817138809
3,"Fasting",840,1,1.31399844515732
3,"Fasting",840,3,0.72253155096611
3,"Fasting",840,17,0.372516540237699
3,"Fasting",840,19,0.591874671483101
3,"Fasting",840,20,0.814300153633921
3,"Fasting",840,21,-0.153716008933727
3,"Fasting",840,39,0.753810244642375
3,"Fasting",840,41,0.749916518059014
3,"Fasting",840,42,0.379410642355187
3,"Fasting",840,43,0.401928277904109
3,"Fasting",840,45,0.918716105873903
3,"Fasting",840,51,0.364767897912469
3,"Fasting",840,80,0.908721995639239
3,"Fasting",960,1,1.22378689180309
3,"Fasting",960,3,0.541920962120705
3,"Fasting",960,17,0.353262832626912
3,"Fasting",960,19,0.389731826343934
3,"Fasting",960,20,0.599389531694046
3,"Fasting",960,21,-0.221130906181453
3,"Fasting",960,39,0.855894682557154
3,"Fasting",960,41,1.0597139898584
3,"Fasting",960,42,0.675655608585929
3,"Fasting",960,43,0.581566734987353
3,"Fasting",960,45,1.08173272338618
3,"Fasting",960,51,0.384595090490245
3,"Fasting",960,80,0.983095074219302
3,"Fasting",1920,1,0.178494368699572
3,"Fasting",1920,3,-0.161222733658063
3,"Fasting",1920,17,0.84890595403926
3,"Fasting",1920,19,0.966310493225027
3,"Fasting",1920,20,1.19283176695711
3,"Fasting",1920,21,-0.0322325219938862
3,"Fasting",1920,39,1.60069050674438
3,"Fasting",1920,41,1.88637337872646
3,"Fasting",1920,42,1.19420644557256
3,"Fasting",1920,43,1.60694684821504
3,"Fasting",1920,45,1.03379831094636
3,"Fasting",1920,51,0.214106463537812
3,"Fasting",1920,80,1.23989467612673
3,"OLTT",0,1,-0.257833728674522
3,"OLTT",0,3,-0.368638586158767
3,"OLTT",0,17,-0.40381116359589
3,"OLTT",0,19,-0.258005343152637
3,"OLTT",0,20,0.0318872985840086
3,"OLTT",0,21,-0.383033620188639
3,"OLTT",0,39,0.207065876784199
3,"OLTT",0,41,-0.179621205721791
3,"OLTT",0,42,-0.371054890570192
3,"OLTT",0,43,-0.124557283842727
3,"OLTT",0,45,-0.141585174251506
3,"OLTT",0,51,-0.478273595937021
3,"OLTT",0,80,-0.101861660010507
3,"OLTT",30,1,-0.174557394661409
3,"OLTT",30,3,-0.144099764815711
3,"OLTT",30,17,-0.452725988336808
3,"OLTT",30,19,-0.598828122270295
3,"OLTT",30,20,-0.551525871502721
3,"OLTT",30,21,-0.322782112860008
3,"OLTT",30,39,0.239947006599446
3,"OLTT",30,41,-0.124694637081937
3,"OLTT",30,42,-0.109499411863995
3,"OLTT",30,43,-0.181124792695075
3,"OLTT",30,45,0.0840234859507811
3,"OLTT",30,51,-0.302626912339387
3,"OLTT",30,80,-0.0547321701273842
3,"OLTT",60,1,-0.287653637500775
3,"OLTT",60,3,-0.106604418852343
3,"OLTT",60,17,-0.484823089757561
3,"OLTT",60,19,-0.715201128366436
3,"OLTT",60,20,-0.711961760064769
3,"OLTT",60,21,-0.196348726457201
3,"OLTT",60,39,-0.0775852993489564
3,"OLTT",60,41,-0.38552318392992
3,"OLTT",60,42,-0.248745946293508
3,"OLTT",60,43,-0.440923645457818
3,"OLTT",60,45,-0.163373543542332
3,"OLTT",60,51,-0.472143254777422
3,"OLTT",60,80,-0.137671630646309
3,"OLTT",90,1,-0.539922241034003
3,"OLTT",90,3,-0.18676590830078
3,"OLTT",90,17,-0.527109695560847
3,"OLTT",90,19,-0.773085648308691
3,"OLTT",90,20,-0.872667325524726
3,"OLTT",90,21,-0.10551242616832
3,"OLTT",90,39,-0.251931755113522
3,"OLTT",90,41,-0.547832647344514
3,"OLTT",90,42,-0.396461275799437
3,"OLTT",90,43,-0.530307434813033
3,"OLTT",90,45,-0.414534018640224
3,"OLTT",90,51,-0.167908273080126
3,"OLTT",90,80,-0.509421909791567
3,"OLTT",120,1,-0.561257246551319
3,"OLTT",120,3,-0.394765712434171
3,"OLTT",120,17,-0.698022126076803
3,"OLTT",120,19,-0.863630802618409
3,"OLTT",120,20,-0.989058416949737
3,"OLTT",120,21,-0.243937285699899
3,"OLTT",120,39,-0.581125391984773
3,"OLTT",120,41,-0.644608030186161
3,"OLTT",120,42,-0.393041185480115
3,"OLTT",120,43,-0.677327538296322
3,"OLTT",120,45,-0.537935419260088
3,"OLTT",120,51,0.406001248144558
3,"OLTT",120,80,-0.648843852792036
3,"OLTT",180,1,-0.85738497505488
3,"OLTT",180,3,-0.40939275897552
3,"OLTT",180,17,-0.471355251376434
3,"OLTT",180,19,-0.648784756060968
3,"OLTT",180,20,-0.854059619568934
3,"OLTT",180,21,-0.108516236706771
3,"OLTT",180,39,-0.582272408141119
3,"OLTT",180,41,-0.512086785213815
3,"OLTT",180,42,-0.408024438307619
3,"OLTT",180,43,-0.368086545186075
3,"OLTT",180,45,-0.539718104020247
3,"OLTT",180,51,0.0409406721607949
3,"OLTT",180,80,-0.639471674567771
3,"OLTT",240,1,-0.582507863337714
3,"OLTT",240,3,-0.00707833977801072
3,"OLTT",240,17,-0.130704476230921
3,"OLTT",240,19,-0.426256392031399
3,"OLTT",240,20,-0.677253614447266
3,"OLTT",240,21,0.317804996271705
3,"OLTT",240,39,-0.18865469715511
3,"OLTT",240,41,0.0163998024664702
3,"OLTT",240,42,0.226972330979719
3,"OLTT",240,43,0.357117627084755
3,"OLTT",240,45,0.0572832145484029
3,"OLTT",240,51,0.13026984668327
3,"OLTT",240,80,-0.187726928470476
3,"OLTT",300,1,-0.422008168829346
3,"OLTT",300,3,0.290972457260622
3,"OLTT",300,17,0.315035116536171
3,"OLTT",300,19,-0.0732215488543759
3,"OLTT",300,20,-0.221769333877212
3,"OLTT",300,21,0.801908729103586
3,"OLTT",300,39,-0.162464494918547
3,"OLTT",300,41,0.269672313416907
3,"OLTT",300,42,0.535431905493753
3,"OLTT",300,43,0.595896642758207
3,"OLTT",300,45,0.424912427309987
3,"OLTT",300,51,0.289667562089743
3,"OLTT",300,80,0.174085196488151
3,"OLTT",360,1,-0.151526942822868
3,"OLTT",360,3,0.315065171396341
3,"OLTT",360,17,0.905668616020859
3,"OLTT",360,19,0.36122263005752
3,"OLTT",360,20,0.255886760839933
3,"OLTT",360,21,1.69054938347188
3,"OLTT",360,39,-0.262729000531923
3,"OLTT",360,41,0.550930129051923
3,"OLTT",360,42,0.88049051796062
3,"OLTT",360,43,1.03971427289255
3,"OLTT",360,45,0.845648809457116
3,"OLTT",360,51,0.204271636285128
3,"OLTT",360,80,0.731427627224854
3,"OLTT",420,1,0.0117805949143159
3,"OLTT",420,3,0.3010314950624
3,"OLTT",420,17,0.825798252590841
3,"OLTT",420,19,0.213625898218292
3,"OLTT",420,20,0.185909250114682
3,"OLTT",420,21,1.6800405032795
3,"OLTT",420,39,-0.343884216980579
3,"OLTT",420,41,0.718820524172959
3,"OLTT",420,42,0.584453200070692
3,"OLTT",420,43,1.02401253375761
3,"OLTT",420,45,1.04687133252086
3,"OLTT",420,51,0.449995995084351
3,"OLTT",420,80,1.1185072214186
3,"OLTT",480,1,-0.155546915095818
3,"OLTT",480,3,0.489676128144618
3,"OLTT",480,17,0.66637300033186
3,"OLTT",480,19,0.27814409100149
3,"OLTT",480,20,0.219225279853785
3,"OLTT",480,21,1.350153175985
3,"OLTT",480,39,-0.0965564686515174
3,"OLTT",480,41,0.567251529861579
3,"OLTT",480,42,0.591681805252744
3,"OLTT",480,43,0.933420400660113
3,"OLTT",480,45,0.887225474775913
3,"OLTT",480,51,0.435144808733426
3,"OLTT",480,80,0.833869276413103
3,"PAT",0,1,-0.378394538348964
3,"PAT",0,3,-1.22106669126167
3,"PAT",0,17,-0.719711817978212
3,"PAT",0,19,-0.773955094173787
3,"PAT",0,20,-0.842871672588071
3,"PAT",0,21,-0.498645274034895
3,"PAT",0,39,-0.857556285664117
3,"PAT",0,41,-0.760564119536963
3,"PAT",0,42,-0.960776178487466
3,"PAT",0,43,-0.784920602719472
3,"PAT",0,45,-0.844953350176281
3,"PAT",0,51,-0.689337381945634
3,"PAT",0,80,-0.771910049761419
3,"PAT",15,1,-0.399760230677524
3,"PAT",15,3,-0.904169326206788
3,"PAT",15,17,-0.775885810858873
3,"PAT",15,19,-0.799163640002351
3,"PAT",15,20,-0.957404179986945
3,"PAT",15,21,-0.508201306008479
3,"PAT",15,39,-0.763500960843759
3,"PAT",15,41,-0.682678826439181
3,"PAT",15,42,-0.698406392562382
3,"PAT",15,43,-0.721188139981698
3,"PAT",15,45,-0.637369613660042
3,"PAT",15,51,-0.320416458348342
3,"PAT",15,80,-0.652709756399383
3,"PAT",30,1,-0.469091883104445
3,"PAT",30,3,-0.725310662898757
3,"PAT",30,17,-0.661157276524197
3,"PAT",30,19,-0.699953843725252
3,"PAT",30,20,-0.760243308817856
3,"PAT",30,21,-0.400295718634085
3,"PAT",30,39,-0.744294653229147
3,"PAT",30,41,-0.603842489976987
3,"PAT",30,42,-0.691664335943615
3,"PAT",30,43,-0.696583351863407
3,"PAT",30,45,-0.607654734659255
3,"PAT",30,51,0.462845783076143
3,"PAT",30,80,-0.533423103739022
3,"PAT",45,1,-0.635411925922185
3,"PAT",45,3,-0.47727242698808
3,"PAT",45,17,0.00460160446697913
3,"PAT",45,19,0.195981456749911
3,"PAT",45,20,0.000262215880450315
3,"PAT",45,21,-0.194375897379524
3,"PAT",45,39,-0.711311725730024
3,"PAT",45,41,-0.610605868647204
3,"PAT",45,42,-0.751173500346198
3,"PAT",45,43,-0.704760207039973
3,"PAT",45,45,-0.568241060182783
3,"PAT",45,51,1.01294439300988
3,"PAT",45,80,-0.646627913007179
3,"PAT",60,1,-0.332855310463028
3,"PAT",60,3,-0.49966037909934
3,"PAT",60,17,0.299921606524798
3,"PAT",60,19,0.475455206447604
3,"PAT",60,20,0.301622505012514
3,"PAT",60,21,0.000488512091137938
3,"PAT",60,39,-0.561817286686285
3,"PAT",60,41,-0.375787522292697
3,"PAT",60,42,-0.485709346989347
3,"PAT",60,43,-0.461943482547109
3,"PAT",60,45,-0.366203454031482
3,"PAT",60,51,0.390692074046989
3,"PAT",60,80,-0.397953423644226
3,"PAT",90,1,-0.25182678537353
3,"PAT",90,3,-0.313492831168684
3,"PAT",90,17,0.332474032112022
3,"PAT",90,19,0.416084000445949
3,"PAT",90,20,0.227169815494918
3,"PAT",90,21,-0.000643487726023029
3,"PAT",90,39,-0.445395146817184
3,"PAT",90,41,-0.413858318545717
3,"PAT",90,42,-0.381966607303265
3,"PAT",90,43,-0.458182871391774
3,"PAT",90,45,-0.388982203744619
3,"PAT",90,51,0.332868317144607
3,"PAT",90,80,-0.224640072592246
3,"PAT",120,1,0.172050138338355
3,"PAT",120,3,-0.107282556232238
3,"PAT",120,17,0.482239907410861
3,"PAT",120,19,0.789009906658795
3,"PAT",120,20,0.608565834787796
3,"PAT",120,21,-0.00108915694537772
3,"PAT",120,39,-0.211212681563245
3,"PAT",120,41,-0.0238506195262269
3,"PAT",120,42,-0.0233457081058511
3,"PAT",120,43,-0.18072893888925
3,"PAT",120,45,0.0955118988495805
3,"PAT",120,51,0.376805020699191
3,"PAT",120,80,0.112269110022276
4,"Fasting",0,2,-0.368396596193215
4,"Fasting",0,13,-0.938184076176369
4,"Fasting",0,23,-0.220079818916078
4,"Fasting",0,35,0.231938225116739
4,"Fasting",0,47,0.445628980275736
4,"Fasting",0,48,0.199577759126477
4,"Fasting",0,53,0.32253686676013
4,"Fasting",0,55,-0.111167880930713
4,"Fasting",0,63,0.0303800876042255
4,"Fasting",0,67,0.0959984816952238
4,"Fasting",0,69,-0.389343195476016
4,"Fasting",0,71,-0.13523213076419
4,"Fasting",0,74,-0.910965210415747
4,"Fasting",0,77,0.598202550566189
4,"Fasting",0,83,0.0607158137746979
4,"Fasting",0,84,0.00651143074155966
4,"Fasting",0,85,-0.605654546553289
4,"Fasting",0,92,0.586090687349666
4,"Fasting",0,93,-0.0217328530598779
4,"Fasting",120,2,-0.69984880284724
4,"Fasting",120,13,-0.909890539079136
4,"Fasting",120,23,-0.337752763234018
4,"Fasting",120,35,0.310294546113036
4,"Fasting",120,47,0.289112879441674
4,"Fasting",120,48,0.181283647721573
4,"Fasting",120,53,-0.126974954029159
4,"Fasting",120,55,-0.532962687526122
4,"Fasting",120,63,-0.235388000020528
4,"Fasting",120,67,-0.373307686123171
4,"Fasting",120,69,-0.313965047305757
4,"Fasting",120,71,-0.202714924553326
4,"Fasting",120,74,-1.02474191726932
4,"Fasting",120,77,0.0481352904337094
4,"Fasting",120,83,0.148922182472157
4,"Fasting",120,84,0.0553338127367026
4,"Fasting",120,85,-0.798091046280395
4,"Fasting",120,92,0.117294205998457
4,"Fasting",120,93,-0.346495559806052
4,"Fasting",240,2,-0.606207096076338
4,"Fasting",240,13,-0.810231016538448
4,"Fasting",240,23,-0.436885766419855
4,"Fasting",240,35,0.118938783314853
4,"Fasting",240,47,-0.088734857920273
4,"Fasting",240,48,-0.21327500835438
4,"Fasting",240,53,-0.414835212603982
4,"Fasting",240,55,-0.685970824068449
4,"Fasting",240,63,-0.487556272455356
4,"Fasting",240,67,-0.467091984249503
4,"Fasting",240,69,-0.432107928902682
4,"Fasting",240,71,-0.163104375044994
4,"Fasting",240,74,-1.06535895796773
4,"Fasting",240,77,-0.0146872667546433
4,"Fasting",240,83,0.103898914449945
4,"Fasting",240,84,-0.0733733157983163
4,"Fasting",240,85,-0.736373385914385
4,"Fasting",240,92,-0.155085913186737
4,"Fasting",240,93,-0.4925112004437
4,"Fasting",360,2,-0.535613683278027
4,"Fasting",360,13,-0.756708941879682
4,"Fasting",360,23,-0.397270224935311
4,"Fasting",360,35,-0.386606587403237
4,"Fasting",360,47,-0.237329641918816
4,"Fasting",360,48,-0.442393644724857
4,"Fasting",360,53,-0.557649439393641
4,"Fasting",360,55,-0.812446205974572
4,"Fasting",360,63,-0.654644783524172
4,"Fasting",360,67,-0.570255994445757
4,"Fasting",360,69,-0.451376746996172
4,"Fasting",360,71,-0.220626789642613
4,"Fasting",360,74,-1.035485013547
4,"Fasting",360,77,-0.198940933756729
4,"Fasting",360,83,0.0666051096847123
4,"Fasting",360,84,-0.166826129334522
4,"Fasting",360,85,-0.578445855762822
4,"Fasting",360,92,-0.33138709320663
4,"Fasting",360,93,-0.531703929496144
4,"Fasting",480,2,-0.431028264276332
4,"Fasting",480,13,-0.681953415673993
4,"Fasting",480,23,-0.579473557683937
4,"Fasting",480,35,-0.479579729138511
4,"Fasting",480,47,-0.605000751700942
4,"Fasting",480,48,-0.573185107450288
4,"Fasting",480,53,-0.697679985204912
4,"Fasting",480,55,-0.992025591293143
4,"Fasting",480,63,-0.854478678980823
4,"Fasting",480,67,-0.557952735756638
4,"Fasting",480,69,-0.320878885911343
4,"Fasting",480,71,-0.305247693091123
4,"Fasting",480,74,-0.925078907405104
4,"Fasting",480,77,-0.320565268361242
4,"Fasting",480,83,-0.0541045454780295
4,"Fasting",480,84,-0.393411621773679
4,"Fasting",480,85,-0.490518023698076
4,"Fasting",480,92,-0.542732431901526
4,"Fasting",480,93,-0.583766020854821
4,"Fasting",600,2,-0.49412274866263
4,"Fasting",600,13,-0.586276296150476
4,"Fasting",600,23,-0.714552825170656
4,"Fasting",600,35,-0.389650692578401
4,"Fasting",600,47,-0.700512545517003
4,"Fasting",600,48,-0.559301183616209
4,"Fasting",600,53,-0.821547570934577
4,"Fasting",600,55,-1.05457781760537
4,"Fasting",600,63,-0.881094521892179
4,"Fasting",600,67,-0.475033431060128
4,"Fasting",600,69,-0.193086735980156
4,"Fasting",600,71,-0.479058855473335
4,"Fasting",600,74,-0.911855160589692
4,"Fasting",600,77,-0.494200800273359
4,"Fasting",600,83,-0.152196110667446
4,"Fasting",600,84,-0.56183715966123
4,"Fasting",600,85,-0.549191836313031
4,"Fasting",600,92,-0.712911590154034
4,"Fasting",600,93,-0.685778466785297
4,"Fasting",720,2,-0.457181592826961
4,"Fasting",720,13,-0.538422222018761
4,"Fasting",720,23,-0.812797805998238
4,"Fasting",720,35,-0.450152383139344
4,"Fasting",720,47,-0.80864730124482
4,"Fasting",720,48,-0.554131055390819
4,"Fasting",720,53,-0.90354241803224
4,"Fasting",720,55,-1.10288030058687
4,"Fasting",720,63,-0.878616307323693
4,"Fasting",720,67,-0.435708737098259
4,"Fasting",720,69,-0.10326148895817
4,"Fasting",720,71,-0.40206273709603
4,"Fasting",720,74,-0.717948709228228
4,"Fasting",720,77,-0.57126204819397
4,"Fasting",720,83,-0.27336580766693
4,"Fasting",720,84,-0.657972284208245
4,"Fasting",720,85,-0.55203973617164
4,"Fasting",720,92,-0.854255618907476
4,"Fasting",720,93,-0.646818815393323
4,"Fasting",840,2,-0.449582990612927
4,"Fasting",840,13,-0.260753785717132
4,"Fasting",840,23,-0.840986210882097
4,"Fasting",840,35,-0.691415809748664
4,"Fasting",840,47,-0.810197057125126
4,"Fasting",840,48,-0.744365721310454
4,"Fasting",840,53,-0.863633238792061
4,"Fasting",840,55,-1.10968964651421
4,"Fasting",840,63,-0.796099932131255
4,"Fasting",840,67,-0.289533543233913
4,"Fasting",840,69,-0.319047948415002
4,"Fasting",840,71,-0.37070752865192
4,"Fasting",840,74,-0.621628717325111
4,"Fasting",840,77,-0.720266727654989
4,"Fasting",840,83,-0.300474058046796
4,"Fasting",840,84,-0.774179481353025
4,"Fasting",840,85,-0.273470318324837
4,"Fasting",840,92,-0.761218329009668
4,"Fasting",840,93,-0.694807211393596
4,"Fasting",960,2,-0.484538243765858
4,"Fasting",960,13,-0.268805743724706
4,"Fasting",960,23,-0.811968933466391
4,"Fasting",960,35,-0.74591251439992
4,"Fasting",960,47,-0.744879314257368
4,"Fasting",960,48,-0.519936176039587
4,"Fasting",960,53,-0.872624858559675
4,"Fasting",960,55,-1.12514139265648
4,"Fasting",960,63,-0.723251317068624
4,"Fasting",960,67,-0.226275516970596
4,"Fasting",960,69,-0.323575191876104
4,"Fasting",960,71,-0.368006482838512
4,"Fasting",960,74,-0.514732009893186
4,"Fasting",960,77,-0.711403105243321
4,"Fasting",960,83,-0.352941639427181
4,"Fasting",960,84,-0.848931453785779
4,"Fasting",960,85,-0.150957557947635
4,"Fasting",960,92,-0.811612117535618
4,"Fasting",960,93,-0.761397294915623
4,"Fasting",1920,2,-1.18187619003053
4,"Fasting",1920,13,0.0789721304116524
4,"Fasting",1920,23,-1.00626878477318
4,"Fasting",1920,35,-0.446056749545601
4,"Fasting",1920,47,-0.274098601512393
4,"Fasting",1920,48,0.313099254005118
4,"Fasting",1920,53,-0.874344984599209
4,"Fasting",1920,55,-1.19048827550553
4,"Fasting",1920,63,-0.0204913938675482
4,"Fasting",1920,67,-1.13667819224672
4,"Fasting",1920,69,-0.119339124187235
4,"Fasting",1920,71,-0.448494516987029
4,"Fasting",1920,74,-0.240228019701633
4,"Fasting",1920,77,-0.840459189792575
4,"Fasting",1920,83,-0.61680034578941
4,"Fasting",1920,84,-1.10682575867878
4,"Fasting",1920,85,-0.11701271429129
4,"Fasting",1920,92,-0.225241410973429
4,"Fasting",1920,93,-0.59742045105696
4,"OLTT",0,2,-0.921369515233113
4,"OLTT",0,13,-0.823653913674325
4,"OLTT",0,23,-0.208671028701311
4,"OLTT",0,35,0.108311306461495
4,"OLTT",0,47,-0.218023935465544
4,"OLTT",0,48,-0.296486672451125
4,"OLTT",0,53,-0.0367408076023338
4,"OLTT",0,55,-0.804386942398623
4,"OLTT",0,63,-0.18125762100265
4,"OLTT",0,67,-0.487856003951341
4,"OLTT",0,69,-0.236728634213837
4,"OLTT",0,71,0.184570568348575
4,"OLTT",0,74,-0.629124836097955
4,"OLTT",0,77,0.055659569409708
4,"OLTT",0,83,-0.305036456427699
4,"OLTT",0,84,-0.473069192397334
4,"OLTT",0,85,-0.148846692213925
4,"OLTT",0,92,-0.057194427789514
4,"OLTT",0,93,-0.202802470957813
4,"OLTT",30,2,-0.923128217185199
4,"OLTT",30,13,-0.238397578609399
4,"OLTT",30,23,0.0117079827538245
4,"OLTT",30,35,-0.163982739084044
4,"OLTT",30,47,0.135677804214581
4,"OLTT",30,48,-0.00508761221587911
4,"OLTT",30,53,0.223365699315381
4,"OLTT",30,55,-0.621496204609661
4,"OLTT",30,63,-0.0535342547806917
4,"OLTT",30,67,-0.47075924009639
4,"OLTT",30,69,-0.267298914003492
4,"OLTT",30,71,0.0940918562475683
4,"OLTT",30,74,-0.434670723090986
4,"OLTT",30,77,0.377831555028911
4,"OLTT",30,83,-0.207705290968433
4,"OLTT",30,84,-0.2717060666566
4,"OLTT",30,85,0.315455325107412
4,"OLTT",30,92,0.109859796632305
4,"OLTT",30,93,0.121984972074958
4,"OLTT",60,2,-0.847015972416719
4,"OLTT",60,13,0.280209023121161
4,"OLTT",60,23,0.19139137453561
4,"OLTT",60,35,0.457110621521462
4,"OLTT",60,47,0.414202519084645
4,"OLTT",60,48,0.000629297598153133
4,"OLTT",60,53,0.801073585394435
4,"OLTT",60,55,-0.247444949688384
4,"OLTT",60,63,0.250832251690954
4,"OLTT",60,67,-0.424597977688023
4,"OLTT",60,69,-0.0517310739492082
4,"OLTT",60,71,0.187189064826229
4,"OLTT",60,74,-0.14891684993136
4,"OLTT",60,77,0.325531827211659
4,"OLTT",60,83,-0.230517282872949
4,"OLTT",60,84,-0.334544443482885
4,"OLTT",60,85,0.422366547128752
4,"OLTT",60,92,0.452542071148592
4,"OLTT",60,93,0.709224415913344
4,"OLTT",90,2,-0.42732573385089
4,"OLTT",90,13,1.68939476066625
4,"OLTT",90,23,0.540582568480575
4,"OLTT",90,35,0.737843712799303
4,"OLTT",90,47,0.592902004288889
4,"OLTT",90,48,0.228652329037841
4,"OLTT",90,53,1.64329495471333
4,"OLTT",90,55,0.21620359480464
4,"OLTT",90,63,0.702275800062256
4,"OLTT",90,67,-0.390404449978122
4,"OLTT",90,69,0.0433046021668426
4,"OLTT",90,71,0.232193293290218
4,"OLTT",90,74,0.56102378690679
4,"OLTT",90,77,0.386281396541755
4,"OLTT",90,83,-0.302755257237247
4,"OLTT",90,84,-0.356269235471154
4,"OLTT",90,85,0.968066613203928
4,"OLTT",90,92,0.697787329435054
4,"OLTT",90,93,1.22756093343278
4,"OLTT",120,2,0.264685617506266
4,"OLTT",120,13,2.64564622450787
4,"OLTT",120,23,0.738359641140477
4,"OLTT",120,35,1.02774461023538
4,"OLTT",120,47,0.849859539910165
4,"OLTT",120,48,0.601558189193147
4,"OLTT",120,53,1.43765570435165
4,"OLTT",120,55,1.074439612254
4,"OLTT",120,63,1.03068008007731
4,"OLTT",120,67,0.0558210866360899
4,"OLTT",120,69,0.212361164329
4,"OLTT",120,71,0.203182867180701
4,"OLTT",120,74,0.559460669293579
4,"OLTT",120,77,0.40718822090343
4,"OLTT",120,83,-0.119498922270974
4,"OLTT",120,84,-0.0750149391929138
4,"OLTT",120,85,1.20081019730102
4,"OLTT",120,92,0.823168248547972
4,"OLTT",120,93,1.56699225813161
4,"OLTT",180,2,0.367885238273611
4,"OLTT",180,13,1.23790332336876
4,"OLTT",180,23,0.687212141004573
4,"OLTT",180,35,0.564107227256919
4,"OLTT",180,47,0.514027748750464
4,"OLTT",180,48,0.431030936454584
4,"OLTT",180,53,0.807267230596687
4,"OLTT",180,55,1.36863581039101
4,"OLTT",180,63,1.04554936748822
4,"OLTT",180,67,0.20798228494515
4,"OLTT",180,69,-0.0323923659654667
4,"OLTT",180,71,0.109493143656423
4,"OLTT",180,74,0.174283388239643
4,"OLTT",180,77,0.222641940027563
4,"OLTT",180,83,-0.0388965508750194
4,"OLTT",180,84,0.181010566389272
4,"OLTT",180,85,1.03457657263481
4,"OLTT",180,92,0.623905771105874
4,"OLTT",180,93,0.317624262779162
4,"OLTT",240,2,0.657187501970718
4,"OLTT",240,13,0.12517392414297
4,"OLTT",240,23,0.466624226716208
4,"OLTT",240,35,-0.0548290024878258
4,"OLTT",240,47,0.19791452147537
4,"OLTT",240,48,0.2036612661365
4,"OLTT",240,53,0.533911718726082
4,"OLTT",240,55,1.36531828263118
4,"OLTT",240,63,0.253673574621122
4,"OLTT",240,67,0.310562868074854
4,"OLTT",240,69,-0.339170042591208
4,"OLTT",240,71,0.0632934614758411
4,"OLTT",240,74,1.00219947121357
4,"OLTT",240,77,-0.28135408371208
4,"OLTT",240,83,0.298720929311809
4,"OLTT",240,84,0.591212015114014
4,"OLTT",240,85,0.609054342829154
4,"OLTT",240,92,0.112973449113425
4,"OLTT",240,93,-0.160157112862726
4,"OLTT",300,2,0.896009129253661
4,"OLTT",300,13,-0.124537617496526
4,"OLTT",300,23,0.21555671517953
4,"OLTT",300,35,-0.306032721306869
4,"OLTT",300,47,-0.297514396125363
4,"OLTT",300,48,-0.239644254871604
4,"OLTT",300,53,0.0140537638826159
4,"OLTT",300,55,0.824465097553325
4,"OLTT",300,63,-0.196989290772562
4,"OLTT",300,67,0.670449747221565
4,"OLTT",300,69,-0.479013587087864
4,"OLTT",300,71,0.0945559727996104
4,"OLTT",300,74,1.2490921867776
4,"OLTT",300,77,-0.393924266134472
4,"OLTT",300,83,0.334459716628883
4,"OLTT",300,84,0.835557525003582
4,"OLTT",300,85,0.338545130172246
4,"OLTT",300,92,-0.361080141137065
4,"OLTT",300,93,-0.44448835916434
4,"OLTT",360,2,1.75184903709479
4,"OLTT",360,13,-0.322787993989352
4,"OLTT",360,23,-0.0577892727009292
4,"OLTT",360,35,-0.465616679377638
4,"OLTT",360,47,-0.638670199533907
4,"OLTT",360,48,-0.545552423864162
4,"OLTT",360,53,-0.191385169820348
4,"OLTT",360,55,0.348568144410768
4,"OLTT",360,63,-0.583645229710593
4,"OLTT",360,67,1.2635835014504
4,"OLTT",360,69,-0.312571348614512
4,"OLTT",360,71,-0.0826910296426157
4,"OLTT",360,74,0.952236755678892
4,"OLTT",360,77,-0.570989823918427
4,"OLTT",360,83,0.347846553878183
4,"OLTT",360,84,0.789736901901442
4,"OLTT",360,85,-0.0683220731201385
4,"OLTT",360,92,-0.767761511759847
4,"OLTT",360,93,-0.304864389461485
4,"OLTT",420,2,1.71335955035393
4,"OLTT",420,13,-0.302541741195743
4,"OLTT",420,23,-0.224325263591391
4,"OLTT",420,35,-0.648200316490847
4,"OLTT",420,47,-0.81081326224652
4,"OLTT",420,48,-0.675436122981265
4,"OLTT",420,53,-0.388775880157016
4,"OLTT",420,55,-0.141770872512369
4,"OLTT",420,63,-0.759580308654998
4,"OLTT",420,67,1.74070716454148
4,"OLTT",420,69,-0.225242006438285
4,"OLTT",420,71,-0.144734295418274
4,"OLTT",420,74,0.646687195957797
4,"OLTT",420,77,-0.848778363653158
4,"OLTT",420,83,0.345865712581141
4,"OLTT",420,84,0.828549527588011
4,"OLTT",420,85,-0.090153790415135
4,"OLTT",420,92,-0.9472139393583
4,"OLTT",420,93,-0.211138599541366
4,"OLTT",480,2,1.42871069421426
4,"OLTT",480,13,-0.345857862115098
4,"OLTT",480,23,-0.249966401670062
4,"OLTT",480,35,-0.39237625657139
4,"OLTT",480,47,-0.796038203948296
4,"OLTT",480,48,-0.729551166228792
4,"OLTT",480,53,-0.184159771435678
4,"OLTT",480,55,-0.395932999733043
4,"OLTT",480,63,-0.794665654102608
4,"OLTT",480,67,1.7391834154629
4,"OLTT",480,69,-0.0801060505716081
4,"OLTT",480,71,-0.0643756455232331
4,"OLTT",480,74,0.470682434633765
4,"OLTT",480,77,-0.648889522607709
4,"OLTT",480,83,0.189569350047352
4,"OLTT",480,84,0.602361739002187
4,"OLTT",480,85,-0.232800377314486
4,"OLTT",480,92,-0.923207227474883
4,"OLTT",480,93,-0.0371064551805839
4,"PAT",0,2,0.771671425693787
4,"PAT",0,13,0.683481798592953
4,"PAT",0,23,0.433206512200536
4,"PAT",0,35,0.00701360725683339
4,"PAT",0,47,0.393251544957251
4,"PAT",0,48,0.21427838436256
4,"PAT",0,53,0.615703821024746
4,"PAT",0,55,1.40726818075372
4,"PAT",0,63,0.556496870555615
4,"PAT",0,67,0.374675732530919
4,"PAT",0,69,-0.62434083493177
4,"PAT",0,71,-0.00968826167203822
4,"PAT",0,74,0.258018571913769
4,"PAT",0,77,0.0102090043651089
4,"PAT",0,83,0.223441356026908
4,"PAT",0,84,0.363452099107964
4,"PAT",0,85,0.0767180468405041
4,"PAT",0,92,0.371124571307137
4,"PAT",0,93,-0.437599303346775
4,"PAT",15,2,0.630748068796305
4,"PAT",15,13,0.487853350622823
4,"PAT",15,23,0.671739853743435
4,"PAT",15,35,0.930965225671501
4,"PAT",15,47,0.622479850115799
4,"PAT",15,48,0.763428407070461
4,"PAT",15,53,0.520989165930155
4,"PAT",15,55,1.19073939428398
4,"PAT",15,63,0.620639962646899
4,"PAT",15,67,0.482385344817108
4,"PAT",15,69,0.923858009922069
4,"PAT",15,71,0.14316056162398
4,"PAT",15,74,0.64766842307266
4,"PAT",15,77,0.779503918077587
4,"PAT",15,83,0.438634479659503
4,"PAT",15,84,0.716421568938879
4,"PAT",15,85,0.374656352972589
4,"PAT",15,92,0.739708824434478
4,"PAT",15,93,1.25530267885253
4,"PAT",30,2,0.386450777682016
4,"PAT",30,13,0.555314194611492
4,"PAT",30,23,0.937313813877617
4,"PAT",30,35,1.26789106573987
4,"PAT",30,47,1.64324982242253
4,"PAT",30,48,1.21333859231658
4,"PAT",30,53,0.257864451139669
4,"PAT",30,55,0.949771742075722
4,"PAT",30,63,1.03021185184492
4,"PAT",30,67,0.305111137500608
4,"PAT",30,69,3.00375317876001
4,"PAT",30,71,0.728303983006201
4,"PAT",30,74,1.39636579098119
4,"PAT",30,77,2.27722035942692
4,"PAT",30,83,0.475158379697958
4,"PAT",30,84,0.764421095237477
4,"PAT",30,85,0.554925686996309
4,"PAT",30,92,1.65365875776022
4,"PAT",30,93,2.02828689875588
4,"PAT",45,2,0.10735331895057
4,"PAT",45,13,0.31799427115092
4,"PAT",45,23,0.837514360112769
4,"PAT",45,35,0.554370987966456
4,"PAT",45,47,0.932431026176954
4,"PAT",45,48,1.0004351539322
4,"PAT",45,53,0.090968735051313
4,"PAT",45,55,0.766222051320443
4,"PAT",45,63,1.18983047500292
4,"PAT",45,67,0.0455630283231194
4,"PAT",45,69,1.47423235583713
4,"PAT",45,71,0.515583362098429
4,"PAT",45,74,0.729794850663117
4,"PAT",45,77,1.11912003527356
4,"PAT",45,83,0.240170150090219
4,"PAT",45,84,0.385410491010086
4,"PAT",45,85,0.168588510290255
4,"PAT",45,92,1.05259705473831
4,"PAT",45,93,0.875934619441094
4,"PAT",60,2,-0.0345545744464053
4,"PAT",60,13,0.0380529796506217
4,"PAT",60,23,0.545845572117748
4,"PAT",60,35,-0.0912524485759483
4,"PAT",60,47,0.389554314228887
4,"PAT",60,48,0.666730961073115
4,"PAT",60,53,0.0272431171946823
4,"PAT",60,55,0.654784370663122
4,"PAT",60,63,0.816191970831222
4,"PAT",60,67,-0.216017458657625
4,"PAT",60,69,0.334833575464848
4,"PAT",60,71,0.3324655902322
4,"PAT",60,74,0.191352176191202
4,"PAT",60,77,0.377297995448848
4,"PAT",60,83,0.0782050075681598
4,"PAT",60,84,0.203669758032951
4,"PAT",60,85,-0.0379245452255665
4,"PAT",60,92,0.465233589414026
4,"PAT",60,93,-0.031800521705296
4,"PAT",90,2,-0.146623438551061
4,"PAT",90,13,-0.097697757471281
4,"PAT",90,23,0.417646620525463
4,"PAT",90,35,-0.274010988191381
4,"PAT",90,47,-0.0257679375906326
4,"PAT",90,48,0.149432293043393
4,"PAT",90,53,-0.0984106065666267
4,"PAT",90,55,0.482248887095526
4,"PAT",90,63,0.456859936109829
4,"PAT",90,67,-0.497259224071563
4,"PAT",90,69,-0.0959741755398972
4,"PAT",90,71,0.351085013545214
4,"PAT",90,74,0.280050543527714
4,"PAT",90,77,0.0258237888102346
4,"PAT",90,83,-0.279943265332732
4,"PAT",90,84,-0.243206877166612
4,"PAT",90,85,-0.156673154401449
4,"PAT",90,92,0.0528212932100525
4,"PAT",90,93,-0.482174091796512
4,"PAT",120,2,0.0325033004634914
4,"PAT",120,13,-0.133295479337133
4,"PAT",120,23,0.204087275755115
4,"PAT",120,35,-0.330854301414141
4,"PAT",120,47,-0.364064549235909
4,"PAT",120,48,-0.0687903215722389
4,"PAT",120,53,-0.263623916349437
4,"PAT",120,55,0.279717423366099
4,"PAT",120,63,0.117671337752794
4,"PAT",120,67,-0.27329161757171
4,"PAT",120,69,-0.281791558564082
4,"PAT",120,71,0.157576528068053
4,"PAT",120,74,0.0618187874117552
4,"PAT",120,77,-0.394926051468469
4,"PAT",120,83,-0.117978122810673
4,"PAT",120,84,0.0135194281571304
4,"PAT",120,85,-0.47728767152884
4,"PAT",120,92,-0.407863897800847
4,"PAT",120,93,-0.428347932159094
5,"Fasting",0,34,-0.419861115852754
5,"Fasting",0,40,-0.236715938974807
5,"Fasting",0,44,-0.607016818136261
5,"Fasting",0,54,-0.334676473481016
5,"Fasting",0,59,-0.433564209407742
5,"Fasting",0,72,-0.601257083257912
5,"Fasting",0,73,-0.0734519783753961
5,"Fasting",0,79,-0.513145608134209
5,"Fasting",0,94,-0.328676788710126
5,"Fasting",0,95,-0.460609113194715
5,"Fasting",0,96,-0.378136589263984
5,"Fasting",120,34,-0.470997396344176
5,"Fasting",120,40,-0.00859086252299968
5,"Fasting",120,44,-0.362537964044189
5,"Fasting",120,54,-0.339498454107353
5,"Fasting",120,59,-0.425438317682981
5,"Fasting",120,72,-0.395837174528675
5,"Fasting",120,73,0.011412486609904
5,"Fasting",120,79,-0.54733216969458
5,"Fasting",120,94,-0.31175824902082
5,"Fasting",120,95,-0.458089602143128
5,"Fasting",120,96,-0.363948417739271
5,"Fasting",240,34,-0.489696065585197
5,"Fasting",240,40,0.232019251998475
5,"Fasting",240,44,-0.244809888071359
5,"Fasting",240,54,-0.27857406482074
5,"Fasting",240,59,-0.372840738527002
5,"Fasting",240,72,-0.313311516948939
5,"Fasting",240,73,0.162818771328802
5,"Fasting",240,79,-0.42540759472203
5,"Fasting",240,94,-0.297172292085083
5,"Fasting",240,95,-0.413288415371795
5,"Fasting",240,96,-0.299328721440613
5,"Fasting",360,34,-0.383237478679437
5,"Fasting",360,40,0.278408348870205
5,"Fasting",360,44,-0.312594024340143
5,"Fasting",360,54,-0.205266503100322
5,"Fasting",360,59,-0.247853780339003
5,"Fasting",360,72,-0.30287479022259
5,"Fasting",360,73,0.26920637260217
5,"Fasting",360,79,-0.373069518998235
5,"Fasting",360,94,-0.253584506116001
5,"Fasting",360,95,-0.298648783895465
5,"Fasting",360,96,-0.192480059141778
5,"Fasting",480,34,-0.272541086591698
5,"Fasting",480,40,0.625761759706846
5,"Fasting",480,44,0.225241348098172
5,"Fasting",480,54,0.00508731087188269
5,"Fasting",480,59,0.0578716499754951
5,"Fasting",480,72,0.279789365291534
5,"Fasting",480,73,0.65625033572778
5,"Fasting",480,79,0.0622371834921329
5,"Fasting",480,94,-0.0693679853308745
5,"Fasting",480,95,0.00171368094013092
5,"Fasting",480,96,0.0875396847110673
5,"Fasting",600,34,-0.0150833746515884
5,"Fasting",600,40,0.605972596448376
5,"Fasting",600,44,0.304910230768071
5,"Fasting",600,54,0.194884210606294
5,"Fasting",600,59,0.276878025456966
5,"Fasting",600,72,0.393444630969739
5,"Fasting",600,73,0.652230555881783
5,"Fasting",600,79,0.314276131491196
5,"Fasting",600,94,0.0374689180419769
5,"Fasting",600,95,0.297207386799466
5,"Fasting",600,96,0.323148928725998
5,"Fasting",720,34,0.301317286878907
5,"Fasting",720,40,1.2746319319827
5,"Fasting",720,44,0.738067129267648
5,"Fasting",720,54,0.676454345331184
5,"Fasting",720,59,0.774195207475321
5,"Fasting",720,72,1.0331064403863
5,"Fasting",720,73,1.22981524273504
5,"Fasting",720,79,0.666851691560984
5,"Fasting",720,94,0.497226680625049
5,"Fasting",720,95,0.721510272631609
5,"Fasting",720,96,0.852842391388636
5,"Fasting",840,34,0.945477898004862
5,"Fasting",840,40,1.28704963192739
5,"Fasting",840,44,0.844244424357625
5,"Fasting",840,54,0.909105428419119
5,"Fasting",840,59,1.05192812612488
5,"Fasting",840,72,0.72348337104586
5,"Fasting",840,73,1.27176976864139
5,"Fasting",840,79,1.18380470585405
5,"Fasting",840,94,0.720316974774928
5,"Fasting",840,95,1.51632792522499
5,"Fasting",840,96,1.09126459162631
5,"Fasting",960,34,1.50666179997245
5,"Fasting",960,40,1.65095035629147
5,"Fasting",960,44,1.23148347830465
5,"Fasting",960,54,1.62687844248424
5,"Fasting",960,59,1.75171226961308
5,"Fasting",960,72,1.05133523938188
5,"Fasting",960,73,1.57097699621447
5,"Fasting",960,79,1.62571331876957
5,"Fasting",960,94,1.58334381892597
5,"Fasting",960,95,1.91513327875111
5,"Fasting",960,96,1.69049243380114
5,"Fasting",1920,34,2.90174344372915
5,"Fasting",1920,40,1.85104078479378
5,"Fasting",1920,44,1.8219988934882
5,"Fasting",1920,54,1.5874656412138
5,"Fasting",1920,59,1.21510527816427
5,"Fasting",1920,72,1.91572276347372
5,"Fasting",1920,73,1.90989330859701
5,"Fasting",1920,79,1.2624502512682
5,"Fasting",1920,94,1.35106326308073
5,"Fasting",1920,95,1.65901236694799
5,"Fasting",1920,96,1.32243954667539
5,"OLTT",0,34,0.0897221322119507
5,"OLTT",0,40,-0.182845438993416
5,"OLTT",0,44,-0.285122342702328
5,"OLTT",0,54,-0.204574025045281
5,"OLTT",0,59,-0.278024371152005
5,"OLTT",0,72,-0.0476791615875344
5,"OLTT",0,73,-0.0351694090863074
5,"OLTT",0,79,-0.346763778829289
5,"OLTT",0,94,-0.238411294487652
5,"OLTT",0,95,-0.165786395027643
5,"OLTT",0,96,-0.169764699889271
5,"OLTT",30,34,0.0806002796749338
5,"OLTT",30,40,0.066168198675665
5,"OLTT",30,44,-0.242632271945049
5,"OLTT",30,54,-0.244918182475848
5,"OLTT",30,59,-0.285195434481113
5,"OLTT",30,72,-0.19058885673731
5,"OLTT",30,73,0.0462432405657384
5,"OLTT",30,79,-0.310531707624035
5,"OLTT",30,94,-0.252789319513531
5,"OLTT",30,95,-0.150082282677202
5,"OLTT",30,96,-0.236159095446078
5,"OLTT",60,34,0.110995630243278
5,"OLTT",60,40,-0.180646643075809
5,"OLTT",60,44,-0.441241163287785
5,"OLTT",60,54,-0.272425639165439
5,"OLTT",60,59,-0.333921890435312
5,"OLTT",60,72,-0.347291542595134
5,"OLTT",60,73,-0.0697492019783721
5,"OLTT",60,79,-0.328840327772752
5,"OLTT",60,94,-0.235575583373757
5,"OLTT",60,95,-0.169819140161839
5,"OLTT",60,96,-0.316374079904627
5,"OLTT",90,34,0.0739529204213655
5,"OLTT",90,40,-0.340059347102373
5,"OLTT",90,44,-0.589473569225111
5,"OLTT",90,54,-0.2718280540817
5,"OLTT",90,59,-0.349583965563447
5,"OLTT",90,72,-0.427128790028592
5,"OLTT",90,73,-0.313639327705776
5,"OLTT",90,79,-0.327449231634002
5,"OLTT",90,94,-0.237587344855643
5,"OLTT",90,95,-0.266295441662716
5,"OLTT",90,96,-0.34827006971251
5,"OLTT",120,34,0.0132401560810071
5,"OLTT",120,40,-0.582476597018631
5,"OLTT",120,44,-0.612167129743204
5,"OLTT",120,54,-0.329013322313674
5,"OLTT",120,59,-0.40278773926287
5,"OLTT",120,72,-0.623089291948789
5,"OLTT",120,73,-0.451763112877413
5,"OLTT",120,79,-0.414325429202426
5,"OLTT",120,94,-0.269637824543379
5,"OLTT",120,95,-0.325606935029692
5,"OLTT",120,96,-0.388264094535866
5,"OLTT",180,34,-0.0238545116051244
5,"OLTT",180,40,-0.684170908207991
5,"OLTT",180,44,-0.533463930499607
5,"OLTT",180,54,-0.3004177382008
5,"OLTT",180,59,-0.420678622901902
5,"OLTT",180,72,-0.525669449690036
5,"OLTT",180,73,-0.667785014116028
5,"OLTT",180,79,-0.446567447773146
5,"OLTT",180,94,-0.238850999844033
5,"OLTT",180,95,-0.403326948458001
5,"OLTT",180,96,-0.397274183148714
5,"OLTT",240,34,-0.135882161595159
5,"OLTT",240,40,-0.493975061334918
5,"OLTT",240,44,-0.0337227573884265
5,"OLTT",240,54,-0.210771547077349
5,"OLTT",240,59,-0.288455247518265
5,"OLTT",240,72,-0.0130981112999124
5,"OLTT",240,73,-0.637555212995972
5,"OLTT",240,79,-0.132792999358401
5,"OLTT",240,94,-0.185961922927889
5,"OLTT",240,95,-0.333998372571356
5,"OLTT",240,96,-0.291452668363134
5,"OLTT",300,34,-0.162247530319986
5,"OLTT",300,40,-0.459893724611997
5,"OLTT",300,44,0.312152856465334
5,"OLTT",300,54,-0.196891390294526
5,"OLTT",300,59,-0.174176604417706
5,"OLTT",300,72,0.0204789494576106
5,"OLTT",300,73,-0.614986328559414
5,"OLTT",300,79,0.0622633600323781
5,"OLTT",300,94,-0.0923961021245713
5,"OLTT",300,95,-0.259160060349863
5,"OLTT",300,96,-0.241205159246876
5,"OLTT",360,34,-0.122759553513249
5,"OLTT",360,40,-0.49451514058218
5,"OLTT",360,44,0.531994309775787
5,"OLTT",360,54,-0.191725524316756
5,"OLTT",360,59,-0.097647174175248
5,"OLTT",360,72,0.430022707704503
5,"OLTT",360,73,-0.611420039758476
5,"OLTT",360,79,0.369856405443481
5,"OLTT",360,94,-0.0326864180984754
5,"OLTT",360,95,-0.154831020775703
5,"OLTT",360,96,-0.205826626090836
5,"OLTT",420,34,-0.0246046532697918
5,"OLTT",420,40,-0.606663352112317
5,"OLTT",420,44,0.920050573322316
5,"OLTT",420,54,-0.196701747637486
5,"OLTT",420,59,-0.06059799368975
5,"OLTT",420,72,0.555448381546484
5,"OLTT",420,73,-0.577949758937814
5,"OLTT",420,79,0.679453825936224
5,"OLTT",420,94,-0.0453731676752816
5,"OLTT",420,95,0.010444703716295
5,"OLTT",420,96,-0.185000395602454
5,"OLTT",480,34,0.0356956955233251
5,"OLTT",480,40,-0.519402761874603
5,"OLTT",480,44,0.548905438410803
5,"OLTT",480,54,-0.191874709873628
5,"OLTT",480,59,-0.144932850555814
5,"OLTT",480,72,0.478867711061565
5,"OLTT",480,73,-0.539825691373212
5,"OLTT",480,79,0.747479175022278
5,"OLTT",480,94,-0.0981800388985041
5,"OLTT",480,95,0.0851384535488049
5,"OLTT",480,96,-0.22048851324938
5,"PAT",0,34,-0.5573740982424
5,"PAT",0,40,-0.805654382655821
5,"PAT",0,44,-0.801602028536073
5,"PAT",0,54,-0.346785789275211
5,"PAT",0,59,-0.454033261053191
5,"PAT",0,72,-0.726941968942211
5,"PAT",0,73,-0.818512702319905
5,"PAT",0,79,-0.685697621925523
5,"PAT",0,94,-0.220877831258621
5,"PAT",0,95,-0.442969873021682
5,"PAT",0,96,-0.373281219734728
5,"PAT",15,34,-0.527628220976799
5,"PAT",15,40,-0.589622683750856
5,"PAT",15,44,-0.563882958428114
5,"PAT",15,54,-0.298561768730568
5,"PAT",15,59,-0.337297281049929
5,"PAT",15,72,-0.598172097247245
5,"PAT",15,73,-0.645802740158967
5,"PAT",15,79,-0.594868766780057
5,"PAT",15,94,-0.136835364561863
5,"PAT",15,95,-0.366556850197868
5,"PAT",15,96,-0.343137718911014
5,"PAT",30,34,-0.516643646533851
5,"PAT",30,40,-0.469454364111245
5,"PAT",30,44,-0.57502815227192
5,"PAT",30,54,-0.297681856301871
5,"PAT",30,59,-0.250998465631874
5,"PAT",30,72,-0.585940784871733
5,"PAT",30,73,-0.506007928542807
5,"PAT",30,79,-0.50710752168841
5,"PAT",30,94,-0.221493348450513
5,"PAT",30,95,-0.382545620893976
5,"PAT",30,96,-0.323815738334493
5,"PAT",45,34,-0.53798732015554
5,"PAT",45,40,-0.481881683788075
5,"PAT",45,44,-0.534429613925909
5,"PAT",45,54,-0.125995379386686
5,"PAT",45,59,-0.0235146652836371
5,"PAT",45,72,-0.546216551782386
5,"PAT",45,73,-0.514201245914615
5,"PAT",45,79,-0.43042400145329
5,"PAT",45,94,-0.141834220788464
5,"PAT",45,95,-0.40368835443046
5,"PAT",45,96,-0.109514801652143
5,"PAT",60,34,-0.501876604523063
5,"PAT",60,40,-0.386234061372136
5,"PAT",60,44,-0.354168707682907
5,"PAT",60,54,-0.0974385666614728
5,"PAT",60,59,0.0327847487576746
5,"PAT",60,72,-0.337908804077483
5,"PAT",60,73,-0.308203665163422
5,"PAT",60,79,-0.31234536791246
5,"PAT",60,94,-0.124457458451239
5,"PAT",60,95,-0.37302615689399
5,"PAT",60,96,-0.0445286099467215
5,"PAT",90,34,-0.471838464271227
5,"PAT",90,40,-0.375789780763499
5,"PAT",90,44,-0.329704727549928
5,"PAT",90,54,-0.074383919559181
5,"PAT",90,59,0.0816280956709005
5,"PAT",90,72,-0.266099822013797
5,"PAT",90,73,-0.273155345576602
5,"PAT",90,79,-0.254289541154118
5,"PAT",90,94,-0.121605974814064
5,"PAT",90,95,-0.263773782632237
5,"PAT",90,96,-0.0163507269988998
5,"PAT",120,34,-0.425293960030194
5,"PAT",120,40,0.0265898721587249
5,"PAT",120,44,-0.055450634480217
5,"PAT",120,54,0.0101292769803867
5,"PAT",120,59,0.139439211890198
5,"PAT",120,72,-0.0325937625389222
5,"PAT",120,73,-0.121438375463582
5,"PAT",120,79,-0.0234274142135087
5,"PAT",120,94,-0.0343056195182897
5,"PAT",120,95,-0.114384919171095
5,"PAT",120,96,0.0768746114248388
6,"Fasting",0,10,1.39361115298231
6,"Fasting",0,18,1.70723777034821
6,"Fasting",0,22,1.23041322727673
6,"Fasting",0,26,0.95092717543412
6,"Fasting",0,27,0.722372503080857
6,"Fasting",0,29,0.856640880678878
6,"Fasting",0,38,0.571496569881632
6,"Fasting",0,52,0.846945679773155
6,"Fasting",0,60,1.79766057562212
6,"Fasting",0,61,1.17005807898621
6,"Fasting",0,62,1.55560329640425
6,"Fasting",0,65,1.23100286834695
6,"Fasting",0,66,0.520921259877323
6,"Fasting",0,70,0.927216589552354
6,"Fasting",0,76,0.512516933774119
6,"Fasting",0,78,1.19550891297992
6,"Fasting",0,88,0.847754570939336
6,"Fasting",0,89,0.258406063488501
6,"Fasting",0,91,0.539070685261472
6,"Fasting",0,97,0.132931485847492
6,"Fasting",0,98,2.08920447647491
6,"Fasting",120,10,0.752481262152738
6,"Fasting",120,18,1.01328105719559
6,"Fasting",120,22,0.751668385761471
6,"Fasting",120,26,0.487326307681082
6,"Fasting",120,27,0.169946656184438
6,"Fasting",120,29,-0.0214905135648314
6,"Fasting",120,38,0.774233277172415
6,"Fasting",120,52,0.240076092198547
6,"Fasting",120,60,0.718848213463118
6,"Fasting",120,61,0.661047155980319
6,"Fasting",120,62,1.32053343762078
6,"Fasting",120,65,1.0001807868316
6,"Fasting",120,66,0.354782261877864
6,"Fasting",120,70,0.613796581042795
6,"Fasting",120,76,0.446907045884882
6,"Fasting",120,78,0.446024914957808
6,"Fasting",120,88,0.647742267379791
6,"Fasting",120,89,-0.138715772947412
6,"Fasting",120,91,0.324707804843568
6,"Fasting",120,97,0.977891060252804
6,"Fasting",120,98,1.47609289871872
6,"Fasting",240,10,0.325804313612128
6,"Fasting",240,18,0.417224590746922
6,"Fasting",240,22,0.118475053733544
6,"Fasting",240,26,0.275106710882338
6,"Fasting",240,27,0.197194817806182
6,"Fasting",240,29,-0.566244165373241
6,"Fasting",240,38,0.601872292716646
6,"Fasting",240,52,-0.112002493685624
6,"Fasting",240,60,0.219592118476753
6,"Fasting",240,61,0.0548310705029589
6,"Fasting",240,62,1.07111935826954
6,"Fasting",240,65,0.969121400053044
6,"Fasting",240,66,0.402717047872016
6,"Fasting",240,70,0.344414338935096
6,"Fasting",240,76,0.163742376759002
6,"Fasting",240,78,-0.0405736740887529
6,"Fasting",240,88,0.478990560189385
6,"Fasting",240,89,-0.164292058952764
6,"Fasting",240,91,0.0919357840833765
6,"Fasting",240,97,0.778124913767165
6,"Fasting",240,98,0.59218536183112
6,"Fasting",360,10,-0.236453106244152
6,"Fasting",360,18,0.135868321476215
6,"Fasting",360,22,-0.0269884208797476
6,"Fasting",360,26,-0.0571107427610052
6,"Fasting",360,27,0.0945545916245085
6,"Fasting",360,29,-0.661484382054033
6,"Fasting",360,38,0.359465278988217
6,"Fasting",360,52,0.0733031402713505
6,"Fasting",360,60,-0.0616705887564155
6,"Fasting",360,61,-0.169026264437202
6,"Fasting",360,62,0.694214161646019
6,"Fasting",360,65,0.675164602720394
6,"Fasting",360,66,0.382328835880746
6,"Fasting",360,70,-0.168988238700112
6,"Fasting",360,76,-0.164041151735088
6,"Fasting",360,78,-0.500368256010323
6,"Fasting",360,88,0.285598541571951
6,"Fasting",360,89,-0.0985521871990144
6,"Fasting",360,91,-0.375196635332458
6,"Fasting",360,97,0.665393730713615
6,"Fasting",360,98,0.35128414751146
6,"Fasting",480,10,-0.212442046138966
6,"Fasting",480,18,-0.0314475724791669
6,"Fasting",480,22,0.16971800168773
6,"Fasting",480,26,-0.30607540867404
6,"Fasting",480,27,-0.116742784021275
6,"Fasting",480,29,-0.72887719221126
6,"Fasting",480,38,-0.0277692854925948
6,"Fasting",480,52,-0.26718367172725
6,"Fasting",480,60,-0.151369748926716
6,"Fasting",480,61,-0.467364794372746
6,"Fasting",480,62,0.389731816940827
6,"Fasting",480,65,0.600305913220495
6,"Fasting",480,66,0.581747135681508
6,"Fasting",480,70,-0.108001517068165
6,"Fasting",480,76,-0.471714932110451
6,"Fasting",480,78,-0.853350131247744
6,"Fasting",480,88,0.132738401769599
6,"Fasting",480,89,-0.0920655034094835
6,"Fasting",480,91,-0.502100635755872
6,"Fasting",480,97,0.646190569685075
6,"Fasting",480,98,0.379153822833402
6,"Fasting",600,10,-0.569512080754729
6,"Fasting",600,18,-0.125450141426421
6,"Fasting",600,22,-0.037334024237466
6,"Fasting",600,26,-0.527187512653316
6,"Fasting",600,27,-0.329551539487961
6,"Fasting",600,29,-0.546766822309246
6,"Fasting",600,38,-0.17187135685124
6,"Fasting",600,52,-0.498550884913395
6,"Fasting",600,60,-0.337417664064749
6,"Fasting",600,61,-0.618251514836926
6,"Fasting",600,62,0.0498152480501963
6,"Fasting",600,65,0.473516319148682
6,"Fasting",600,66,0.672142378847434
6,"Fasting",600,70,-0.261369302883078
6,"Fasting",600,76,-0.651459122617142
6,"Fasting",600,78,-1.09104950349122
6,"Fasting",600,88,-0.01728993616729
6,"Fasting",600,89,-0.444458571989581
6,"Fasting",600,91,-0.5793720552113
6,"Fasting",600,97,0.458279162518338
6,"Fasting",600,98,0.214770632622979
6,"Fasting",720,10,-0.447783367903073
6,"Fasting",720,18,-0.207844787051151
6,"Fasting",720,22,-0.0127064932207002
6,"Fasting",720,26,-0.66817265561086
6,"Fasting",720,27,-0.71291029269711
6,"Fasting",720,29,-0.64295625230965
6,"Fasting",720,38,-0.362307213188633
6,"Fasting",720,52,-1.02786300065612
6,"Fasting",720,60,-0.386468923046949
6,"Fasting",720,61,-0.630297247552457
6,"Fasting",720,62,-0.259971055925536
6,"Fasting",720,65,-0.00335885024680143
6,"Fasting",720,66,0.600990089668129
6,"Fasting",720,70,-0.472191873866816
6,"Fasting",720,76,-0.55586402046145
6,"Fasting",720,78,-1.24503793311555
6,"Fasting",720,88,-0.0697845662314168
6,"Fasting",720,89,-0.845888708161173
6,"Fasting",720,91,-0.627095876615237
6,"Fasting",720,97,0.475624287393423
6,"Fasting",720,98,0.0626273738616261
6,"Fasting",840,10,-0.986106101950231
6,"Fasting",840,18,-0.245876569071482
6,"Fasting",840,22,-0.0338551830180961
6,"Fasting",840,26,-0.69642283945502
6,"Fasting",840,27,-0.852399462256464
6,"Fasting",840,29,-0.635106710037004
6,"Fasting",840,38,-0.440199351794923
6,"Fasting",840,52,-1.140036169758
6,"Fasting",840,60,-0.36845331092542
6,"Fasting",840,61,-0.699022128950775
6,"Fasting",840,62,-0.432291735101863
6,"Fasting",840,65,-0.0287655342896532
6,"Fasting",840,66,0.652074279677003
6,"Fasting",840,70,-0.553582942271508
6,"Fasting",840,76,-0.663598581053798
6,"Fasting",840,78,-1.35208816864493
6,"Fasting",840,88,-0.116231858398631
6,"Fasting",840,89,-0.93011596799369
6,"Fasting",840,91,-0.724910381282533
6,"Fasting",840,97,0.20122865100397
6,"Fasting",840,98,-0.0994598476833445
6,"Fasting",960,10,-1.05865812959235
6,"Fasting",960,18,-0.28487261063876
6,"Fasting",960,22,-0.0729395923078788
6,"Fasting",960,26,-0.753079007021798
6,"Fasting",960,27,-0.939270887500087
6,"Fasting",960,29,-0.597213113987527
6,"Fasting",960,38,-0.358707145923138
6,"Fasting",960,52,-0.995826779040447
6,"Fasting",960,60,-0.352487379224904
6,"Fasting",960,61,-0.724055155144447
6,"Fasting",960,62,-0.584648737932015
6,"Fasting",960,65,-0.17506121975713
6,"Fasting",960,66,0.67604944240274
6,"Fasting",960,70,-0.507966958031713
6,"Fasting",960,76,-0.707987392254042
6,"Fasting",960,78,-1.40299397890513
6,"Fasting",960,88,-0.185545222315941
6,"Fasting",960,89,-0.813223179565257
6,"Fasting",960,91,-0.812226225117286
6,"Fasting",960,97,-0.525877099699857
6,"Fasting",960,98,-0.192391613584065
6,"Fasting",1920,10,-1.18255063514045
6,"Fasting",1920,18,-0.367973594611087
6,"Fasting",1920,22,-0.105400014724994
6,"Fasting",1920,26,-0.837013774352442
6,"Fasting",1920,27,0.376447057643354
6,"Fasting",1920,29,-0.43913942831093
6,"Fasting",1920,38,-0.273239710496631
6,"Fasting",1920,52,1.28724423516648
6,"Fasting",1920,60,-0.491164441393915
6,"Fasting",1920,61,-0.478401200267675
6,"Fasting",1920,62,-0.865483721857115
6,"Fasting",1920,65,-0.750490915929203
6,"Fasting",1920,66,-0.24060094581127
6,"Fasting",1920,70,0.357635970703928
6,"Fasting",1920,76,-0.228771033322099
6,"Fasting",1920,78,-1.504915220292
6,"Fasting",1920,88,-0.354085888455233
6,"Fasting",1920,89,0.777495865441476
6,"Fasting",1920,91,-0.708151472310176
6,"Fasting",1920,97,-0.797293566643691
6,"Fasting",1920,98,-0.378010158304924
6,"OLTT",0,10,-0.576611925772582
6,"OLTT",0,18,-0.0794080162500875
6,"OLTT",0,22,-0.552040984189414
6,"OLTT",0,26,0.167024669315646
6,"OLTT",0,27,0.838279490313833
6,"OLTT",0,29,0.725241825479181
6,"OLTT",0,38,0.156085081413263
6,"OLTT",0,52,1.57370212024086
6,"OLTT",0,60,0.0582909825594552
6,"OLTT",0,61,0.348109786991189
6,"OLTT",0,62,-0.416171944283243
6,"OLTT",0,65,-0.464401575459472
6,"OLTT",0,66,-0.242554477588923
6,"OLTT",0,70,0.439106845065603
6,"OLTT",0,76,0.0889726492274675
6,"OLTT",0,78,1.02255889860301
6,"OLTT",0,88,-0.299517157387699
6,"OLTT",0,89,1.2647731821462
6,"OLTT",0,91,-0.107391869733048
6,"OLTT",0,97,-0.34020947519676
6,"OLTT",0,98,-0.472201409068636
6,"OLTT",30,10,-0.56989427529129
6,"OLTT",30,18,-0.109229663267082
6,"OLTT",30,22,-0.409871568402588
6,"OLTT",30,26,0.394112156868772
6,"OLTT",30,27,0.777352172889362
6,"OLTT",30,29,0.990300072422019
6,"OLTT",30,38,0.358821788704046
6,"OLTT",30,52,1.18300743840152
6,"OLTT",30,60,-0.0712620973305969
6,"OLTT",30,61,0.214219345273492
6,"OLTT",30,62,-0.39927522345439
6,"OLTT",30,65,-0.368496626097459
6,"OLTT",30,66,-0.0542162548434111
6,"OLTT",30,70,0.68290028400162
6,"OLTT",30,76,0.316063234063498
6,"OLTT",30,78,1.20391818492926
6,"OLTT",30,88,-0.343773138912492
6,"OLTT",30,89,0.699214059244196
6,"OLTT",30,91,0.172671964570256
6,"OLTT",30,97,-0.479623433366297
6,"OLTT",30,98,-0.577793981659427
6,"OLTT",60,10,-0.341900183612506
6,"OLTT",60,18,-0.104941940107209
6,"OLTT",60,22,-0.285060446484216
6,"OLTT",60,26,0.731666340598889
6,"OLTT",60,27,0.509531684823789
6,"OLTT",60,29,0.456256224386827
6,"OLTT",60,38,0.387642202975775
6,"OLTT",60,52,1.27594279147236
6,"OLTT",60,60,-0.153079198994443
6,"OLTT",60,61,0.279368332201896
6,"OLTT",60,62,-0.377679084724275
6,"OLTT",60,65,-0.300225306212637
6,"OLTT",60,66,-0.0561697866210637
6,"OLTT",60,70,0.669096605373072
6,"OLTT",60,76,0.337092151396645
6,"OLTT",60,78,1.15803878536547
6,"OLTT",60,88,-0.336332874870785
6,"OLTT",60,89,0.646850984256758
6,"OLTT",60,91,0.156215557746531
6,"OLTT",60,97,-0.140516232991082
6,"OLTT",60,98,-0.535505442518989
6,"OLTT",90,10,0.0643753452281824
6,"OLTT",90,18,-0.107602016421567
6,"OLTT",90,22,0.0431506556774769
6,"OLTT",90,26,0.92563260693132
6,"OLTT",90,27,0.212173351118277
6,"OLTT",90,29,0.388217308702401
6,"OLTT",90,38,0.456214912794716
6,"OLTT",90,52,0.48736553640202
6,"OLTT",90,60,-0.048001958787693
6,"OLTT",90,61,0.156182097534201
6,"OLTT",90,62,-0.39117527777167
6,"OLTT",90,65,-0.418887362202923
6,"OLTT",90,66,-0.198777606389707
6,"OLTT",90,70,0.526733785833192
6,"OLTT",90,76,0.407547796955022
6,"OLTT",90,78,1.02141356798037
6,"OLTT",90,88,-0.281891545584787
6,"OLTT",90,89,0.340573956047364
6,"OLTT",90,91,0.636756650677113
6,"OLTT",90,97,-0.250474668893011
6,"OLTT",90,98,-0.577731164459278
6,"OLTT",120,10,0.489813810160163
6,"OLTT",120,18,-0.096023125289385
6,"OLTT",120,22,0.286104837370105
6,"OLTT",120,26,0.735038949732596
6,"OLTT",120,27,-0.00790564206765535
6,"OLTT",120,29,0.438891331151751
6,"OLTT",120,38,0.66093923486286
6,"OLTT",120,52,-0.0958248358134847
6,"OLTT",120,60,-0.122205369009115
6,"OLTT",120,61,0.237602781239343
6,"OLTT",120,62,-0.361922376897566
6,"OLTT",120,65,-0.37174764133007
6,"OLTT",120,66,-0.202418279248059
6,"OLTT",120,70,0.417096912515538
6,"OLTT",120,76,0.545902533163574
6,"OLTT",120,78,0.944971657046234
6,"OLTT",120,88,-0.34535292100354
6,"OLTT",120,89,0.290451196922479
6,"OLTT",120,91,1.32269573606807
6,"OLTT",120,97,-0.222178446846284
6,"OLTT",120,98,-0.588347271284492
6,"OLTT",180,10,0.699777562922427
6,"OLTT",180,18,-0.153155917013594
6,"OLTT",180,22,-0.0494796689065729
6,"OLTT",180,26,0.435825283151559
6,"OLTT",180,27,-0.0584045369201968
6,"OLTT",180,29,0.274969791664588
6,"OLTT",180,38,0.717586256017638
6,"OLTT",180,52,-0.0955650325101716
6,"OLTT",180,60,-0.383921344547958
6,"OLTT",180,61,0.232659315711908
6,"OLTT",180,62,-0.396958962318003
6,"OLTT",180,65,-0.48553317447144
6,"OLTT",180,66,-0.351419475743565
6,"OLTT",180,70,0.273528747832256
6,"OLTT",180,76,0.553630681170392
6,"OLTT",180,78,0.540629224387845
6,"OLTT",180,88,-0.30210086551725
6,"OLTT",180,89,-0.137285417435166
6,"OLTT",180,91,0.698410551056458
6,"OLTT",180,97,0.0279187067327561
6,"OLTT",180,98,-0.56543783839008
6,"OLTT",240,10,0.372951065428896
6,"OLTT",240,18,-0.204103602746013
6,"OLTT",240,22,-0.337193819862774
6,"OLTT",240,26,0.0651636252488458
6,"OLTT",240,27,-0.31410529022116
6,"OLTT",240,29,0.156896736344411
6,"OLTT",240,38,0.445283031519233
6,"OLTT",240,52,-0.428997829140729
6,"OLTT",240,60,-0.494243111176083
6,"OLTT",240,61,0.0297590284374028
6,"OLTT",240,62,-0.437414093645944
6,"OLTT",240,65,-0.532672895344294
6,"OLTT",240,66,-0.473248821149903
6,"OLTT",240,70,0.123680679913258
6,"OLTT",240,76,0.28267364527872
6,"OLTT",240,78,0.328529264149945
6,"OLTT",240,88,-0.301130913287156
6,"OLTT",240,89,-0.343360010392146
6,"OLTT",240,91,0.234488230320113
6,"OLTT",240,97,-0.180823335806707
6,"OLTT",240,98,-0.568635233877675
6,"OLTT",300,10,0.0773886967332402
6,"OLTT",300,18,-0.254812881169111
6,"OLTT",300,22,-0.488374409414017
6,"OLTT",300,26,-0.197359169955032
6,"OLTT",300,27,-0.273281342366558
6,"OLTT",300,29,-0.0764198007532425
6,"OLTT",300,38,0.161054118356664
6,"OLTT",300,52,-0.402299946828845
6,"OLTT",300,60,-0.585968384591705
6,"OLTT",300,61,-0.160817632023378
6,"OLTT",300,62,-0.504900633518626
6,"OLTT",300,65,-0.579812616217148
6,"OLTT",300,66,-0.518446442732866
6,"OLTT",300,70,0.0212758774560164
6,"OLTT",300,76,-0.266104421356075
6,"OLTT",300,78,0.173960533676818
6,"OLTT",300,88,-0.35930086804611
6,"OLTT",300,89,-0.257314648071173
6,"OLTT",300,91,0.000355916351617062
6,"OLTT",300,97,0.0515283302049522
6,"OLTT",300,98,-0.527521376380026
6,"OLTT",360,10,-0.335385849526732
6,"OLTT",360,18,-0.282369972359192
6,"OLTT",360,22,-0.586475435137976
6,"OLTT",360,26,-0.283722708464501
6,"OLTT",360,27,-0.352708889841769
6,"OLTT",360,29,-0.262930964705778
6,"OLTT",360,38,-0.150497044439198
6,"OLTT",360,52,-0.569922563809252
6,"OLTT",360,60,-0.636280985371451
6,"OLTT",360,61,-0.302951502965692
6,"OLTT",360,62,-0.539926069667647
6,"OLTT",360,65,-0.655520633446566
6,"OLTT",360,66,-0.630570065087982
6,"OLTT",360,70,-0.0744142168964294
6,"OLTT",360,76,-0.582135546307331
6,"OLTT",360,78,0.122553004974426
6,"OLTT",360,88,-0.420384076876189
6,"OLTT",360,89,-0.217393942720375
6,"OLTT",360,91,-0.238972089473249
6,"OLTT",360,97,0.363881882436113
6,"OLTT",360,98,-0.569021559658592
6,"OLTT",420,10,-0.432542201555898
6,"OLTT",420,18,-0.300103607879389
6,"OLTT",420,22,-0.637793932098627
6,"OLTT",420,26,-0.276587990500939
6,"OLTT",420,27,-0.233242932876329
6,"OLTT",420,29,-0.405322692975695
6,"OLTT",420,38,-0.362682375477859
6,"OLTT",420,52,-0.507402754604847
6,"OLTT",420,60,-0.697870977617413
6,"OLTT",420,61,-0.410619769854881
6,"OLTT",420,62,-0.590942348343085
6,"OLTT",420,65,-1.01219764215436
6,"OLTT",420,66,-0.602359512272945
6,"OLTT",420,70,-0.227633398515581
6,"OLTT",420,76,-0.764959737984923
6,"OLTT",420,78,-0.0116695632822984
6,"OLTT",420,88,-0.482009167950401
6,"OLTT",420,89,-0.286412904485946
6,"OLTT",420,91,-0.369569902075801
6,"OLTT",420,97,0.28379168091684
6,"OLTT",420,98,-0.58168550720867
6,"OLTT",480,10,-0.496822754210135
6,"OLTT",480,18,-0.290675550250974
6,"OLTT",480,22,-0.631324432321043
6,"OLTT",480,26,-0.326063616610492
6,"OLTT",480,27,-0.256905272178662
6,"OLTT",480,29,-0.510267774535706
6,"OLTT",480,38,-0.364848875585183
6,"OLTT",480,52,-0.349417603018767
6,"OLTT",480,60,-0.70844301347316
6,"OLTT",480,61,-0.430909297307746
6,"OLTT",480,62,-0.615771775783439
6,"OLTT",480,65,-0.756724737637734
6,"OLTT",480,66,-0.493325356025738
6,"OLTT",480,70,-0.292697268893324
6,"OLTT",480,76,-0.858146227049527
6,"OLTT",480,78,-0.0766428969150665
6,"OLTT",480,88,-0.499167639887681
6,"OLTT",480,89,-0.253187296924393
6,"OLTT",480,91,-0.532294795907792
6,"OLTT",480,97,0.521395163421566
6,"OLTT",480,98,-0.643752041816083
6,"PAT",0,10,0.864186585024195
6,"PAT",0,18,-0.101616657296955
6,"PAT",0,22,0.448250914048952
6,"PAT",0,26,0.409408039053979
6,"PAT",0,27,-0.322658039555709
6,"PAT",0,29,0.129381775359692
6,"PAT",0,38,0.213725909956721
6,"PAT",0,52,-0.680246180823258
6,"PAT",0,60,0.05093868760797
6,"PAT",0,61,0.356753745052633
6,"PAT",0,62,0.377748161926718
6,"PAT",0,65,0.410121522112776
6,"PAT",0,66,0.032982299959084
6,"PAT",0,70,-0.361646863797285
6,"PAT",0,76,0.373986747718926
6,"PAT",0,78,-0.255487546229833
6,"PAT",0,88,0.703591811024368
6,"PAT",0,89,-0.296683891055804
6,"PAT",0,91,0.578557846723833
6,"PAT",0,97,-0.0151379457490821
6,"PAT",0,98,0.169256430254879
6,"PAT",15,10,0.572592221121754
6,"PAT",15,18,0.0109666684015102
6,"PAT",15,22,0.440829340238396
6,"PAT",15,26,0.161150097427858
6,"PAT",15,27,-0.0343253813428896
6,"PAT",15,29,0.484851354524777
6,"PAT",15,38,0.105400904590567
6,"PAT",15,52,-0.572440181534214
6,"PAT",15,60,0.524601576641036
6,"PAT",15,61,0.271405773393323
6,"PAT",15,62,0.460921726679767
6,"PAT",15,65,0.559668222812863
6,"PAT",15,66,0.200186860746353
6,"PAT",15,70,-0.329749248369952
6,"PAT",15,76,0.597468078566907
6,"PAT",15,78,-0.068488142881872
6,"PAT",15,88,0.583409463775332
6,"PAT",15,89,-0.122878463119057
6,"PAT",15,91,0.560029831735277
6,"PAT",15,97,0.1087154306502
6,"PAT",15,98,0.300691998987049
6,"PAT",30,10,0.465914774557415
6,"PAT",30,18,0.161027505676922
6,"PAT",30,22,0.394614594558175
6,"PAT",30,26,-0.069313882800062
6,"PAT",30,27,0.476710809841116
6,"PAT",30,29,0.680921765987804
6,"PAT",30,38,-0.226066158274449
6,"PAT",30,52,0.0241064465373797
6,"PAT",30,60,1.04380369683451
6,"PAT",30,61,0.374685569266702
6,"PAT",30,62,0.515887272402512
6,"PAT",30,65,0.602471902119222
6,"PAT",30,66,0.180549648528242
6,"PAT",30,70,-0.341024701800567
6,"PAT",30,76,0.780226413891348
6,"PAT",30,78,0.185998251216364
6,"PAT",30,88,0.478058637391079
6,"PAT",30,89,0.482754482106352
6,"PAT",30,91,0.378113447754872
6,"PAT",30,97,-0.308542905803294
6,"PAT",30,98,0.542289008024162
6,"PAT",45,10,0.492557887878908
6,"PAT",45,18,0.128718713544426
6,"PAT",45,22,0.274471855889581
6,"PAT",45,26,-0.293941347551683
6,"PAT",45,27,0.537554563618152
6,"PAT",45,29,0.433789880096551
6,"PAT",45,38,-0.530635824164832
6,"PAT",45,52,0.78388152079038
6,"PAT",45,60,0.832924961429332
6,"PAT",45,61,0.398730165524044
6,"PAT",45,62,0.341072633608332
6,"PAT",45,65,0.401993984031249
6,"PAT",45,66,-0.0717092439433006
6,"PAT",45,70,-0.371165788114698
6,"PAT",45,76,0.706062009217612
6,"PAT",45,78,0.140521969854062
6,"PAT",45,88,0.325374991523415
6,"PAT",45,89,0.780864955834777
6,"PAT",45,91,0.179885142801287
6,"PAT",45,97,-0.812077547825408
6,"PAT",45,98,0.366405072063123
6,"PAT",60,10,0.348239163313549
6,"PAT",60,18,0.0012649490188311
6,"PAT",60,22,0.162817942247318
6,"PAT",60,26,-0.129173811382267
6,"PAT",60,27,0.221407434748456
6,"PAT",60,29,0.238249910939301
6,"PAT",60,38,-0.71747161323673
6,"PAT",60,52,0.375340826330606
6,"PAT",60,60,0.530493370563784
6,"PAT",60,61,0.345816455763715
6,"PAT",60,62,0.229496299926544
6,"PAT",60,65,0.167920887283287
6,"PAT",60,66,-0.259425888395923
6,"PAT",60,70,-0.419621763651276
6,"PAT",60,76,0.22176311887111
6,"PAT",60,78,0.0445636251101484
6,"PAT",60,88,0.123368425410225
6,"PAT",60,89,0.621793912994051
6,"PAT",60,91,0.120805410066927
6,"PAT",60,97,-0.762303044874299
6,"PAT",60,98,0.131317982224772
6,"PAT",90,10,0.385706085960903
6,"PAT",90,18,-0.0771324602766863
6,"PAT",90,22,0.0138084296893343
6,"PAT",90,26,-0.16971843857661
6,"PAT",90,27,-0.0114085019169506
6,"PAT",90,29,0.0683522182022034
6,"PAT",90,38,-0.982818186014373
6,"PAT",90,52,-0.0792654681237457
6,"PAT",90,60,0.232219228649357
6,"PAT",90,61,0.0741266435558363
6,"PAT",90,62,0.117588275420171
6,"PAT",90,65,-0.105164392256002
6,"PAT",90,66,-0.48479241801785
6,"PAT",90,70,-0.439383369758054
6,"PAT",90,76,0.0311410378726609
6,"PAT",90,78,0.000414947376130899
6,"PAT",90,88,0.107747268303481
6,"PAT",90,89,-0.26732713665689
6,"PAT",90,91,-0.185120425023308
6,"PAT",90,97,-0.582027967294454
6,"PAT",90,98,0.0616851158593881
6,"PAT",120,10,0.14126273061629
6,"PAT",120,18,-0.150948890803317
6,"PAT",120,22,-0.0674848129727022
6,"PAT",120,26,-0.147439055956934
6,"PAT",120,27,-0.317704338441603
6,"PAT",120,29,-0.228741262812241
6,"PAT",120,38,-1.00070671901062
6,"PAT",120,52,-0.328070431596545
6,"PAT",120,60,0.0409350853912484
6,"PAT",120,61,-0.113638837701256
6,"PAT",120,62,0.0508013523287568
6,"PAT",120,65,-0.0824072856277279
6,"PAT",120,66,-0.377436967145939
6,"PAT",120,70,-0.467045765606173
6,"PAT",120,76,-0.450914287559916
6,"PAT",120,78,-0.126940727503078
6,"PAT",120,88,-0.000476298385368275
6,"PAT",120,89,-0.454022997402788
6,"PAT",120,91,-0.232298196222846
6,"PAT",120,97,-0.275809384554074
6,"PAT",120,98,0.140530124626652
