"metabolite","cluster","Cluster_1","Cluster_2","Cluster_3","Cluster_4","Cluster_5","Cluster_6","metabolite_name","super_pathway"
1,3,0.00490065254446955,0.00383858676620238,0.863268966173926,4.88292000603396e-07,0.000108722083323225,0.127882584140078,"1-docosahexaenoyl-gpe (22:6)","Lipids"
2,5,5.21804838962516e-12,4.61416387907164e-10,2.26307142360944e-12,1.0711908223285e-09,0.999999998455989,3.92234962567058e-12,"1-linoleoyl-gpe (18:2)","Lipids"
3,3,0.00639825053206338,0.00314761001736371,0.989651980027483,1.2261937370396e-06,0.00027272883716306,0.000528204392190385,"10-undecenoate (11:1n1)","Lipids"
4,3,0.000137502179223805,8.53542246905874e-08,0.999855352951983,7.41637198877498e-11,6.3995118400252e-11,7.05937640921668e-06,"13-hode + 9-hode","Lipids"
5,3,1.53462674071589e-08,4.0456148950809e-10,0.999999954152627,4.3418345534556e-14,5.21274657079612e-13,3.00959795848245e-08,"15-methylpalmitate","Lipids"
6,3,2.01966997281554e-06,3.81504544662647e-11,0.9999669006519,7.64720405573414e-14,1.48008492522662e-12,3.10796384202623e-05,"16-hydroxypalmitate","Lipids"
7,3,6.35867166900393e-06,4.59128782536474e-08,0.999984471702385,5.58563969301939e-12,8.47238152031393e-11,9.12362275779837e-06,"17-methylstearate","Lipids"
8,1,0.997996457570482,0.00146401672107198,3.04267934759168e-05,8.02444121771095e-06,1.19783253360763e-05,0.00048909614841614,"2,3-dihydroxyisovalerate","Xenobiotics"
9,1,0.99999974232046,2.50862832323399e-13,6.64432938869491e-08,7.73199995600131e-16,6.51867086086247e-14,1.91235928783438e-07,"2-hydroxy-3-methylvalerate","Amino Acids"
10,4,3.60264315446725e-08,0.219006590235181,2.84106869161222e-07,0.780853547434365,0.00013950722863789,3.49685161291232e-08,"2-hydroxybutyrate/2-hydroxyisobutyrate","Amino Acids"
11,2,0.220137441467477,0.75437481122541,0.0116950660175937,0.0122560558608728,0.000852587619286906,0.00068403780936002,"3-(4-hydroxyphenyl)lactate","Amino Acids"
12,1,0.981822013173905,5.150189423049e-05,0.00318410891539468,3.55199228327991e-09,2.04446970553018e-08,0.0149423520197804,"3-aminoisobutyrate","Nucleotides"
13,4,1.32733977946414e-06,0.000879257481504701,1.00821328314435e-07,0.998458946734694,0.00066009976442727,2.67858266225047e-07,"3-hydroxy-3-methylglutarate","Lipids"
14,1,0.999970111392772,2.80211367843366e-12,5.58626405935179e-06,3.84186204730363e-15,1.18057925067502e-12,2.43023391818383e-05,"3-hydroxybutyrate (bhba)","Lipids"
15,1,0.999964047937869,5.33941938644844e-12,3.9724161371398e-08,1.16064463070585e-14,4.66917909363979e-13,3.59123321516217e-05,"3-hydroxybutyrylcarnitine (1)","Lipids"
16,1,0.999900718947961,1.64116833548031e-11,5.05913931821777e-07,3.30865230421776e-14,7.54691688097396e-12,9.87751141157598e-05,"3-hydroxybutyrylcarnitine (2)","Lipids"
17,3,0.0010627500733257,3.65014479131512e-07,0.972646687624339,5.70536422633634e-10,1.74734265227391e-05,0.0262727232907972,"3-hydroxydecanoate","Lipids"
18,2,5.93020150716894e-06,0.963374467191467,2.00919850766752e-05,0.0364696400610473,0.000124660044157985,5.21051674414232e-06,"3-hydroxyhippurate","Xenobiotics"
19,3,2.72301162956325e-07,2.64998273492364e-10,0.999998771152083,1.61015014145706e-13,1.76553065606752e-10,9.56105041488455e-07,"3-hydroxylaurate","Lipids"
20,3,4.05561803893276e-09,6.69840159243756e-13,0.99999998003097,8.93269492220513e-17,4.75998990658429e-14,1.5912694790882e-08,"3-hydroxymyristate","Lipids"
21,5,0.000172123222900592,1.53781547651998e-05,6.04528129694898e-05,4.7269505113971e-07,0.999330965190866,0.000420607923448027,"3-hydroxyoctanoate","Lipids"
22,2,8.26839906903979e-05,0.85190798860717,0.000548117780400514,0.147359234095079,9.34800553444766e-05,8.49547131550125e-06,"3-hydroxypyridine sulfate","Xenobiotics"
23,4,3.68958834467228e-10,0.000388197060013204,1.65201974747641e-10,0.999610829226476,9.73123902804264e-07,5.54466180052705e-11,"3-indoxyl sulfate","Amino Acids"
24,1,0.998963256718016,6.50187528331757e-05,0.000883919752845187,2.51979318495472e-07,9.63736068513744e-07,8.65890609188969e-05,"3-methyl-2-oxobutyrate","Amino Acids"
25,1,0.999984940965884,8.13661856068866e-06,1.07409741590834e-06,3.30550862135172e-08,1.67728593221995e-07,5.64753446014576e-06,"3-methyl-2-oxovalerate","Amino Acids"
26,2,8.98768701765586e-08,0.891088259503535,5.1211865534662e-08,0.108907964621611,3.5428686897193e-06,9.1917428806882e-08,"3-phenylpropionate (hydrocinnamate)","Amino Acids"
27,2,2.45452472425104e-05,0.982074228752602,2.81755452234744e-05,0.0173577379596729,0.000510598523817908,4.71397144168889e-06,"4-androsten-3alpha,17alpha-diol monosulfate (2)","Lipids"
28,2,0.117614930852851,0.851456421350989,0.0107344703718251,0.000466595041399444,0.000346856883515608,0.0193807254994194,"4-androsten-3beta,17beta-diol monosulfate (1)","Lipids"
29,4,2.93523630892399e-08,0.0379790416479081,5.66271260489709e-09,0.962015578982295,5.33722955286296e-06,7.12516802784628e-09,"4-hydroxyhippurate","Xenobiotics"
30,1,0.999997647499559,6.46587902620986e-07,8.48162856662539e-07,1.29938429739228e-09,1.03431325629488e-09,8.55415983995772e-07,"4-methyl-2-oxopentanoate","Amino Acids"
31,3,4.94672495377341e-10,4.20894367790833e-14,0.99999999572536,7.68744182471488e-18,1.32075288853003e-16,3.77992515541265e-09,"5-dodecenoate (12:1n7)","Lipids"
32,1,0.999935037812435,8.27363298566013e-11,7.43028755139987e-06,1.86408574446266e-13,2.10766547397262e-10,5.75316063247118e-05,"acetoacetate","Lipids"
33,1,0.999915250932763,1.12281237841255e-09,7.93222711473341e-05,7.40852937808714e-12,1.97426463339767e-09,5.42369160395362e-06,"acetylcarnitine","Lipids"
34,6,0.00080263039266437,1.67394173608674e-09,3.37056775213132e-08,3.02658178897479e-12,1.13805008941481e-11,0.999197334213309,"adipoylcarnitine","Lipids"
35,4,3.8755462143012e-09,0.00745159260552293,6.29226142414438e-09,0.992536466514093,1.19280459048646e-05,2.66667129823014e-09,"alanine","Amino Acids"
36,1,0.999996842561865,1.30680867947635e-08,2.07623893498467e-06,2.34111930663256e-11,3.1218079417777e-11,1.06807648359339e-06,"alpha-hydroxyisocaproate","Amino Acids"
37,1,0.99999277880588,3.41670928958443e-09,2.85856407714141e-07,3.08026512570651e-12,4.90737985607289e-11,6.93186884863255e-06,"alpha-ketobutyrate","Amino Acids"
38,4,3.55260134699009e-06,0.0882625053504799,1.67525431059129e-06,0.911288021632135,0.00044065537109206,3.58979063580457e-06,"c0 (carnitine)","Lipids"
39,6,4.40745948943129e-05,1.51705995291747e-06,0.0012131668491914,8.33059166804741e-11,7.05787559430691e-10,0.998741240706868,"c12 (dodecanoylcarnitine)","Lipids"
40,6,4.21223393940796e-07,2.79340458446133e-10,1.94941950450456e-06,1.27336271058804e-14,1.28406463041927e-13,0.99999762907762,"c14 (tetradecanoylcarnitine)","Lipids"
41,6,3.38976961293592e-07,4.45059060168041e-13,5.7356753746903e-08,5.48143519796555e-16,1.6977945789233e-12,0.999999603664142,"c14:1 (tetradecenoylcarnitine)","Lipids"
42,6,7.40454821106396e-05,2.35818374201429e-08,3.78031152623821e-05,5.9308183512463e-11,1.81379892281562e-07,0.999887946381589,"c14:1-oh (hydroxytetradecenoylcarnitine)","Lipids"
43,6,0.000864910906479507,7.24500897021888e-08,6.29787618252108e-05,3.81367198711112e-10,2.32011089227598e-07,0.999071805489149,"c14:2 (tetradecadienylcarnitine)","Lipids"
44,6,1.60288015490481e-06,5.92103956898266e-12,3.57301442865414e-08,2.40316907430992e-14,2.35496125777174e-12,0.999998361381401,"c16:2 (hexadecadienylcarnitine)","Lipids"
45,6,0.0039747038257242,2.71957626881947e-07,2.8293237534176e-05,9.89993969841336e-10,3.38783224364678e-06,0.995993342156877,"c18:1 (octadecenoylcarnitine)","Lipids"
46,1,0.999716624505146,4.24663960013281e-10,0.000208779432024601,3.72628500378559e-12,8.64842343053106e-10,7.45947695971742e-05,"c2 (acetylcarnitine)","Lipids"
47,4,1.01459884073287e-12,6.03532034758161e-07,7.27696497714194e-13,0.999999395821767,6.4423256925679e-10,2.23669351120499e-13,"c3 (propionylcarnitine)","Lipids"
48,4,1.51154563615888e-09,4.33930190855757e-05,1.69087712398296e-09,0.99995592879217,6.7424158227839e-07,7.44739531847069e-10,"c4 (butyrylcarnitine)","Lipids"
49,3,1.95687034078022e-10,3.7951221618441e-14,0.99999999966723,1.07075440972231e-17,3.0125223320061e-16,1.37044598888757e-10,"caprate (10:0)","Lipids"
50,2,1.76271864555025e-07,0.999841871256336,7.65374265568255e-07,0.000153782168242533,2.80883078909674e-06,5.9609850215604e-07,"choline","Lipids"
51,5,0.00314139912266885,0.00010002722538613,0.00402301504876975,2.23395162814294e-05,0.99204363446099,0.000669584625903485,"cis-aconitate","Energy"
52,2,2.1713585298945e-05,0.98697669602722,1.33903245997883e-05,0.0129746249477632,1.25905197702433e-05,9.84595347813759e-07,"cortisol","Lipids"
53,4,4.14057709853987e-10,9.76231143346374e-05,1.5172384376821e-10,0.999900807161666,1.56878324731402e-06,3.74970769744171e-10,"deoxycholate","Lipids"
54,6,3.03941304437685e-07,1.33694725207592e-10,1.65701889197505e-07,3.7188727616892e-13,2.9807840769871e-12,0.999999530219759,"dodecanedioate","Lipids"
55,4,9.10412511526542e-11,5.60441641270022e-06,3.81602967841101e-11,0.999781738910913,0.000212656505909662,3.75628527743843e-11,"dopamine sulfate (2)","Amino Acids"
56,2,1.30323959825259e-07,0.999832838376399,9.87625237820353e-08,0.000165524734843003,1.13171495164775e-06,2.76087322326599e-07,"gamma-glutamylglycine","Peptides"
57,2,0.0177843448935855,0.968247036148356,0.0018070418202119,0.000151329064790765,1.71736889176835e-05,0.0119930743841378,"gamma-glutamyltryptophan","Peptides"
58,3,3.81435649712649e-05,1.88466693749491e-08,0.999961296045769,1.43869050848046e-10,5.3290876747208e-10,5.40865812054025e-07,"glycerol","Lipids"
59,6,3.65278068036726e-09,4.64270160917078e-13,5.88790849997834e-09,1.41350589764881e-15,3.04719363481912e-14,0.999999990458815,"hexadecanedioate","Lipids"
60,2,1.65880587964136e-07,0.982998319432336,1.08900410679587e-06,0.0169996598223696,6.76308039546938e-07,8.95525601368842e-08,"hippurate","Xenobiotics"
61,2,1.14934670393255e-07,0.846302471622597,9.10001843495894e-07,0.153683312373548,1.31265839533159e-05,6.44833869276938e-08,"indoleacetylglutamine","Amino Acids"
62,2,6.09161246703901e-07,0.995991406233984,1.6435732584522e-05,0.00396546770997537,2.56015760739719e-05,4.79586135287516e-07,"indolepropionate","Amino Acids"
63,4,1.94004388709999e-11,1.15752702646137e-05,5.27604208442068e-12,0.999988417023858,7.67858759430233e-09,2.61330676094331e-12,"isobutyrylcarnitine","Amino Acids"
64,3,5.37499850900996e-08,1.01226121007485e-11,0.999999939216611,3.91393883479876e-15,2.21060590586971e-14,7.02325513469216e-09,"laurate (12:0)","Lipids"
65,2,3.07481843445816e-07,0.995592616342466,2.61455584865465e-05,0.00432193239671186,5.8389638352265e-05,6.08582140062882e-07,"lysopc a c14:0","Lipids"
66,2,8.47164831054027e-05,0.990599744380234,0.00596026582855953,0.00130547487657699,0.00080374445689207,0.00124605397463186,"lysopc a c16:1","Lipids"
67,5,2.50908652990512e-09,6.84172497606168e-07,4.58087295497493e-10,8.05815733682224e-07,0.999998506126487,9.18108108113602e-10,"lysopc a c18:2","Lipids"
68,2,0.0337927012545768,0.856602001895815,0.0111189596434273,0.00381705757197045,0.0218659351808502,0.0728033444533597,"lysopc a c20:4","Lipids"
69,4,5.29013662322461e-05,0.0480677180918586,0.000135380744783694,0.948155193993811,0.00358494734768297,3.85845563151504e-06,"malate","Energy"
70,2,0.000699239387022997,0.950751595705865,7.2703756776977e-05,0.0431932427258545,0.00513399281961718,0.000149225604863805,"methyl-4-hydroxybenzoate sulfate","Xenobiotics"
71,4,5.9270460728087e-06,0.00314950567917916,2.88228754264713e-06,0.996740876488751,9.99885407065961e-05,8.19957747675476e-07,"methylmalonate (mma)","Lipids"
72,6,8.94083136522323e-09,1.66611627657787e-14,1.65771061538737e-09,8.64817292165156e-18,1.56760970907437e-15,0.99999998940144,"myristoleoylcarnitine","Lipids"
73,6,2.88500320491056e-07,1.61986311292263e-10,4.17366820077232e-06,3.85112870504929e-15,2.12534850397541e-14,0.999995537669467,"myristoylcarnitine","Lipids"
74,5,5.63653117140178e-07,6.85386134167264e-05,1.65497787086189e-08,0.00501140663144687,0.994919443835084,3.07171565242266e-08,"n-acetylglutamate","Amino Acids"
75,1,0.930548756066178,3.50981570202137e-06,0.0668337653429171,1.64478993254031e-09,2.01711532126073e-07,0.00261376541888084,"n-acetylglycine","Amino Acids"
76,4,2.84214332305119e-08,0.00197137640782202,7.77193399517406e-09,0.998027730119191,8.53413437581605e-07,3.86618215502481e-09,"n-acetylkynurenine (2)","Amino Acids"
77,4,2.57158669718348e-10,0.000492695431168867,2.72826749435936e-10,0.999507225929526,7.80639784355588e-08,4.53415752028818e-11,"n-acetyltryptophan","Amino Acids"
78,4,1.82354466364862e-08,0.0890787915035478,9.16462824370908e-09,0.910258926934899,0.000662246862309805,7.29916867164622e-09,"o-methylcatechol sulfate","Xenobiotics"
79,6,2.22239825983501e-05,1.71082048437823e-11,3.22090038843607e-07,5.0703467604293e-14,2.73988838052554e-11,0.999977453882805,"octadecanedioate","Lipids"
80,6,0.00283208991969782,1.63398657334482e-07,9.40697526222357e-05,4.50030547318309e-11,2.38350986934445e-07,0.997073438533033,"oleoylcarnitine","Lipids"
81,2,4.77269347038452e-06,0.998727835094287,4.73869855439839e-07,0.00125997030851729,1.25914030611104e-06,5.68889356390586e-06,"ornithine","Amino Acids"
82,6,0.00256691112758356,0.00334136934537594,0.0272671996048517,2.77241809965817e-08,5.70908821595013e-08,0.966824435107126,"palmitoylcarnitine","Lipids"
83,5,8.8020713676148e-09,1.21415882310275e-05,1.27547060604575e-07,1.84580046141817e-06,0.999985865638936,1.06232396440441e-08,"pc aa c36:1","Lipids"
84,5,1.59248186146559e-11,2.8589037210589e-08,2.07562282807538e-11,2.04890489896411e-07,0.999999766477719,6.07247758201073e-12,"pc aa c36:2","Lipids"
85,4,3.17870655350803e-07,0.000625190382819671,4.37593021934669e-08,0.99936183313798,1.24727056983227e-05,1.42143544796734e-07,"phenylacetylcarnitine","Amino Acids"
86,2,0.00352370698494648,0.904898364038177,0.000145021388080433,0.0911236116037029,0.000224024341151664,8.52716439412225e-05,"phenyllactate (pla)","Amino Acids"
87,3,0.0142549154668503,0.0108739603136702,0.972404135068483,0.000112357247070081,0.00176348063743204,0.000591151266494611,"phosphate","Energy"
88,2,2.21865896130892e-07,0.999409091563575,5.39070037662812e-07,0.000586947915118522,3.14166354011953e-06,5.7921832779523e-08,"piperine","Xenobiotics"
89,2,0.000100421771726241,0.951776781822973,0.000295623793499279,0.0476810085990048,9.07476835018626e-05,5.54163292952609e-05,"pregnenolone sulfate","Lipids"
90,2,4.26902790535542e-05,0.999945063274879,6.57689444162511e-06,1.36432323280777e-06,6.71460908336811e-08,4.23808230230887e-06,"pro-hydroxy-pro","Amino Acids"
91,4,3.85636308041428e-09,0.00328576298183504,1.38350753246867e-09,0.996713040336691,1.19078415932265e-06,6.57444301001859e-10,"proline","Amino Acids"
92,4,9.63108412235824e-14,1.50703625843081e-06,4.97387440136517e-14,0.999998492947243,1.63406804494728e-11,1.21902461179166e-14,"propionylcarnitine","Lipids"
93,4,6.92084146480165e-10,2.99297570827966e-05,1.61847949202522e-10,0.999968926477497,1.14278215725714e-06,1.29330807921394e-10,"pyruvate","Carbohydrates"
94,6,4.2531120899055e-07,8.49770387132663e-10,6.23849008403527e-08,4.75240041137986e-12,5.73705072870464e-11,0.999999511391997,"sebacate (decanedioate)","Lipids"
95,6,1.87929938619436e-07,1.34627267687948e-12,6.42729661497518e-10,2.57846705439373e-15,3.2522324390907e-14,0.99999981142595,"suberoyl carnitine","Lipids"
96,6,8.56805728907987e-09,4.23929197900131e-12,1.45659647062494e-08,8.00074050153034e-15,1.04731551726744e-13,0.999999976861626,"tetradecanedioate","Lipids"
97,2,0.000205492498667617,0.99145272333289,0.00211012373904414,0.00272492279896748,0.00240131987969126,0.00110541775074008,"trans-urocanate","Amino Acids"
98,2,4.28656387508768e-06,0.998623602076394,0.000417035535681599,0.000945763047204157,5.00817317686772e-06,4.30460366869875e-06,"trigonelline (n'-methylnicotinate)","Cofactors and Vitamins"
99,2,4.40905770527118e-05,0.986667510783798,4.60459813204515e-06,0.0131707241925183,0.000110450253542096,2.619594957003e-06,"urea","Amino Acids"
100,3,0.00350004629753418,0.00122067272355034,0.995182615010428,6.03398997941558e-07,3.00998857075211e-07,9.57615706321733e-05,"xanthine","Nucleotides"
101,2,0.000165244623463556,0.97426149255749,1.37523103249114e-05,0.0247051812737473,0.000846102390295004,8.22684467866532e-06,"xanthurenate","Amino Acids"
