"Metabolite","Correlation","p_value","p_adjusted"
"glucose [P, nt-ms]",0.667722828119578,1.52305389411816e-55,9.68662276659147e-53
"glycocholate [P, nt-ms]",0.59318936136524,2.83721160819899e-41,1.80446658281456e-38
"fructose [P, nt-ms]",0.586194664500039,4.0363078556849e-40,2.5670917962156e-37
"H1 (hexose) [P, t-ms]",0.586077834800492,4.21703126888475e-40,2.6820318870107e-37
"methionine sulfoxide [P, nt-ms]",0.559948292123129,4.93193081943906e-36,3.13670800116324e-33
"taurocholate [P, nt-ms]",0.53290704620481,3.46713675114938e-32,2.205098973731e-29
"gamma-glutamylmethionine [P, nt-ms]",0.525334267123313,3.60032858231279e-31,2.28980897835093e-28
"phosphate [P, nt-ms]",-0.52143723248985,1.17351782081954e-30,7.4635733404123e-28
"glycochenodeoxycholate [P, nt-ms]",0.518971527392576,2.45897546742386e-30,1.56390839728157e-27
"glycolithocholate [P, nt-ms]",0.518963639421444,2.46477758660497e-30,1.56759854508076e-27
"gamma-glutamylalanine [P, nt-ms]",0.513827000602698,1.12890955485109e-29,7.17986476885294e-27
"Glucose [P, chem.]",0.511911607387536,1.97802816268054e-29,1.25802591146482e-26
"azelate (nonanedioate) [P, nt-ms]",0.511833549793079,2.02360655541265e-29,1.28701376924245e-26
"3-hydroxy-3-methylglutarate [P, nt-ms]",0.503841628798901,2.02160825886082e-28,1.28574285263548e-25
"gluconate [P, nt-ms]",0.499868095188603,6.20797418488191e-28,3.9482715815849e-25
"gamma-glutamylphenylalanine [P, nt-ms]",0.488245435812021,1.52087650941173e-26,9.6727745998586e-24
"pyruvate [P, nt-ms]",0.478134144008976,2.22905871179809e-25,1.41768134070358e-22
"3-methylxanthine [P, nt-ms]",0.457628572055921,3.95355108624184e-23,2.51445849084981e-20
"methionine [P, t-ms]",0.456809653355389,4.82708010495607e-23,3.07002294675206e-20
"proline [P, nt-ms]",0.452611896362688,1.33179004485585e-22,8.47018468528321e-20
"deoxycholate [P, nt-ms]",0.444869116364078,8.34756449518263e-22,5.30905101893616e-19
"3,7-dimethylurate [P, nt-ms]",0.443684404709153,1.10087523682661e-21,7.00156650621725e-19
"isovalerylglycine [P, nt-ms]",0.440525246221915,2.29041251711929e-21,1.45670236088787e-18
"methionine [P, nt-ms]",0.430150700178623,2.40808029458125e-20,1.53153906735368e-17
"S-1-pyrroline-5-carboxylate [P, nt-ms]",0.421623434960961,1.5686235737482e-19,9.97644592903855e-17
"O-methylcatechol sulfate [P, nt-ms]",0.418334531913421,3.18626757159219e-19,2.02646617553263e-16
"proline [P, t-ms]",0.413052542772377,9.78413315021497e-19,6.22270868353672e-16
"phenylalanine [P, t-ms]",0.408468702727969,2.54932040711484e-18,1.62136777892504e-15
"taurochenodeoxycholate [P, nt-ms]",0.398784794535508,1.83758043348103e-17,1.16870115569394e-14
"7-methylxanthine [P, nt-ms]",0.39498001746559,3.92348701758893e-17,2.49533774318656e-14
"phenyllactate (PLA) [P, nt-ms]",0.380150144506464,6.88177187288355e-16,4.37680691115394e-13
"phenylalanine [P, nt-ms]",0.375745432510873,1.56740175026886e-15,9.96867513170997e-13
"asparagine [P, nt-ms]",0.37474518236846,1.88627654137686e-15,1.19967188031568e-12
"glycoursodeoxycholate [P, nt-ms]",0.372817367641004,2.69047435449699e-15,1.71114168946009e-12
"gamma-CEHC [P, nt-ms]",0.371443123759661,3.46051306481686e-15,2.20088630922352e-12
"5,6-dihydrothymine [P, nt-ms]",-0.370316944522495,4.24945100662567e-15,2.70265084021392e-12
"alanine [P, nt-ms]",0.368091799173791,6.36121511747588e-15,4.04573281471466e-12
"ribonate [P, nt-ms]",0.363846478035356,1.3616743130791e-14,8.66024863118304e-12
"acetylcarnitine [P, nt-ms]",-0.362480369589213,1.73539477062084e-14,1.10371107411485e-11
"tyrosine [P, nt-ms]",0.362295888343305,1.79301112688818e-14,1.14035507670088e-11
"gamma-glutamyltyrosine [P, nt-ms]",0.361288468647084,2.14230685877085e-14,1.36250716217826e-11
"phosphoethanolamine [P, nt-ms]",-0.359854734852117,2.75690328482349e-14,1.75339048914774e-11
"lysine [P, nt-ms]",0.354157174975846,7.4183626464995e-14,4.71807864317368e-11
"glutamate [P, nt-ms]",0.351928474074913,1.08674502643328e-13,6.91169836811567e-11
"erythronate [P, nt-ms]",0.351750280918106,1.12028665863294e-13,7.12502314890548e-11
"N-acetylcarnosine [P, nt-ms]",0.349563167383157,1.62436742281912e-13,1.03309768091296e-10
"theobromine [P, nt-ms]",0.341487383576181,6.24744986368227e-13,3.97337811330192e-10
"C2 (acetylcarnitine) [P, t-ms]",-0.338524260822021,1.01424877693374e-12,6.45062222129858e-10
"N-formylphenylalanine [P, nt-ms]",0.33722031600803,1.25326077663158e-12,7.97073853937685e-10
"caprate (10:0) [P, nt-ms]",-0.335858879360515,1.56145473164894e-12,9.93085209328724e-10
"ursodeoxycholate [P, nt-ms]",0.335489530949386,1.65711873454552e-12,1.05392751517095e-09
"N6-acetyllysine [P, nt-ms]",0.331234715029421,3.26859739063107e-12,2.07882794044136e-09
"catechol sulfate [P, nt-ms]",0.330596508308334,3.61592251321587e-12,2.29972671840529e-09
"glycohyocholate [P, nt-ms]",0.328902168540259,4.72237241073418e-12,3.00342885322694e-09
"pregnanolone/allopregnanolone sulfate [P, nt-ms]",0.328560540269477,4.9825369637109e-12,3.16889350892013e-09
"orotate [P, nt-ms]",0.326474772521345,6.90265909471683e-12,4.3900911842399e-09
"C8:1 (octenoylcarnitine) [P, t-ms]",0.325515620134109,8.01223689835782e-12,5.09578266735558e-09
"kynurenine [P, nt-ms]",0.32350743198552,1.0928437685899e-11,6.95048636823177e-09
"phenylpyruvate [P, nt-ms]",0.321361006180713,1.51894821001966e-11,9.66051061572504e-09
"16-hydroxypalmitate [P, nt-ms]",-0.321183015254212,1.56080650168403e-11,9.92672935071042e-09
"tyrosine [P, t-ms]",0.320343971354371,1.77377309810205e-11,1.1281196903929e-08
"glycerate [P, nt-ms]",0.318149140737914,2.47396022700468e-11,1.57343870437497e-08
"gamma-glutamylvaline [P, nt-ms]",0.314560960065655,4.23732068061768e-11,2.69493595287284e-08
"phenylacetylcarnitine [P, nt-ms]",0.313853510794614,4.70759763115906e-11,2.99403209341717e-08
"3-hydroxymyristate [P, nt-ms]",-0.308261530200705,1.07116279884211e-10,6.81259540063579e-08
"2-hydroxyphenylacetate [P, nt-ms]",0.307997321647748,1.11311546704685e-10,7.07941437041799e-08
"tryptophan [P, nt-ms]",0.305854933429342,1.5178101309652e-10,9.65327243293868e-08
"aspartate [P, nt-ms]",0.299200035927313,3.9141039030409e-10,2.48937008233401e-07
"glycerol 3-phosphate [P, nt-ms]",-0.297229765373471,5.1575012255565e-10,3.28017077945394e-07
"gamma-glutamylthreonine [P, nt-ms]",0.292492121251233,9.92704760693864e-10,6.31360227801298e-07
"isobutyrylcarnitine [P, nt-ms]",0.292437513091556,1.00015577034183e-09,6.36099069937403e-07
"argininosuccinate [P, nt-ms]",0.287306866370808,2.00502825606902e-09,1.2751979708599e-06
"gamma-glutamyl-epsilon-lysine [P, nt-ms]",0.287242404677646,2.02244649177376e-09,1.28627596876811e-06
"etiocholanolone glucuronide [P, nt-ms]",0.286201662524804,2.32485204541018e-09,1.47860590088088e-06
"2-hydroxydecanoate [P, nt-ms]",0.28585297073475,2.4356567441305e-09,1.549077689267e-06
"laurate (12:0) [P, nt-ms]",-0.282021477695703,4.04558601981103e-09,2.57299270859981e-06
"5-methyluridine (ribothymidine) [P, nt-ms]",0.281914320399252,4.1029532345684e-09,2.6094782571855e-06
"glycerol [P, nt-ms]",-0.281136478112047,4.54367855051621e-09,2.88977955812831e-06
"5-dodecenoate (12:1n7) [P, nt-ms]",-0.280367466941669,5.02436263523102e-09,3.19549463600693e-06
"15-methylpalmitate [P, nt-ms]",-0.280316635400004,5.05781653858517e-09,3.21677131854017e-06
"hexanoylcarnitine [P, nt-ms]",-0.279197028738834,5.85188353532825e-09,3.72179792846877e-06
"tryptophan [P, t-ms]",0.272991627883406,1.29780213921066e-08,8.25402160537981e-06
"2-aminooctanoate [P, nt-ms]",0.272958194487786,1.30331340893922e-08,8.28907328085345e-06
"xanthine [P, nt-ms]",-0.272034804477479,1.46480395603123e-08,9.31615316035861e-06
"propionylcarnitine [P, nt-ms]",0.27151528660395,1.56400523411703e-08,9.94707328898432e-06
"3-hydroxylaurate [P, nt-ms]",-0.268943534141053,2.15890845924611e-08,1.37306578008052e-05
"erythritol [P, nt-ms]",0.265552126039297,3.28559449750617e-08,2.08963810041393e-05
"N-acetylisoleucine [P, nt-ms]",0.262066019162829,5.02865428631097e-08,3.19822412609377e-05
"3-phenylpropionate (hydrocinnamate) [P, nt-ms]",0.26166843179057,5.27671264427751e-08,3.35598924176049e-05
"13-HODE + 9-HODE [P, nt-ms]",-0.257943200172483,8.25324474741559e-08,5.24906365935631e-05
"C4:1-DC (fumarylcarnitine) and C6 (hexanoylcarnitine) [P, t-ms]",-0.255695954236147,1.07735002918691e-07,6.85194618562875e-05
"5-methylthioadenosine (MTA) [P, nt-ms]",0.25443060097966,1.25037945911003e-07,7.95241335993981e-05
"isobutyrylglycine [P, nt-ms]",0.246155341412006,3.2479196323364e-07,0.000206567688616595
"pseudouridine [P, nt-ms]",0.246048130897541,3.2876101729591e-07,0.000209092007000199
"3-indoxyl sulfate [P, nt-ms]",0.245563571204888,3.47289384779821e-07,0.000220876048719966
"oleoyl ethanolamide [P, nt-ms]",-0.244635086218838,3.85636411974018e-07,0.000245264758015475
"3-hydroxybutyrate (BHBA) [P, nt-ms]",-0.243852960056684,4.2106851663518e-07,0.000267799576579975
"4-hydroxyphenylpyruvate [P, nt-ms]",0.242174068370415,5.07996873306851e-07,0.000323086011423157
"7-alpha-hydroxy-3-oxo-4-cholestenoate (7-Hoca) [P, nt-ms]",-0.241313996342613,5.58967077214256e-07,0.000355503061108267
"carnitine [P, nt-ms]",0.241075131362342,5.73972706190712e-07,0.000365046641137293
"C3 (propionylcarnitine) [P, t-ms]",0.240112728790081,6.38445873655272e-07,0.000406051575644753
"N1-methyl-2-pyridone-5-carboxamide [P, nt-ms]",0.236289889386654,9.70176654295547e-07,0.000617032352131968
"gamma-glutamylglycine [P, nt-ms]",0.234792826884982,1.14073439658105e-06,0.00072550707622555
"citrulline [P, nt-ms]",-0.233486497426949,1.31273213159426e-06,0.000834897635693947
"guanidinoacetate [P, nt-ms]",-0.231558824434165,1.61261408131136e-06,0.00102562255571403
"acetoacetate [P, nt-ms]",-0.229001433304532,2.11294044704845e-06,0.00134383012432281
"1-arachidoyl-GPC (20:0) [P, nt-ms]",0.228710044485223,2.17857838764819e-06,0.00138557585454425
"phenol sulfate [P, nt-ms]",0.228317979137111,2.26997922834828e-06,0.0014437067892295
"cinnamoylglycine [P, nt-ms]",-0.227955786698528,2.3576671139597e-06,0.00149947628447837
"C16:2 (hexadecadienylcarnitine) [P, t-ms]",-0.226418506346881,2.76724198285661e-06,0.0017599659010968
"choline phosphate [P, nt-ms]",-0.223400654736569,3.77746392127003e-06,0.00240246705392774
"N-acetylglycine [P, nt-ms]",-0.221940783590833,4.38441643506899e-06,0.00278848885270388
"indolelactate [P, nt-ms]",0.221780104049107,4.4566411191494e-06,0.00283442375177902
"cortisol [P, nt-ms]",0.221535847176003,4.56861291413394e-06,0.00290563781338918
"C14:2 (tetradecadienylcarnitine) [P, t-ms]",-0.220756206690562,4.94425794965431e-06,0.00314454805598014
"p-cresol sulfate [P, nt-ms]",0.219682752345545,5.50995654075519e-06,0.0035043323599203
"gamma-glutamylhistidine [P, nt-ms]",0.216840845949707,7.32106048167141e-06,0.00465619446634301
"N-acetylalliin [P, nt-ms]",-0.216798525606905,7.35190086615225e-06,0.00467580895087283
"C12:1 (dodecenoylcarnitine) [P, t-ms]",-0.216100674619638,7.87865182792728e-06,0.00501082256256175
"nicotinamide riboside [P, nt-ms]",-0.214543702378304,9.186440266918e-06,0.00584257600975984
"3-hydroxybutyrylcarnitine (2) [P, nt-ms]",-0.211100380855755,1.28503782193653e-05,0.00817284054751631
"17-methylstearate [P, nt-ms]",-0.210945786262198,1.30438170365654e-05,0.00829586763525558
"6-hydroxyindole sulfate [P, nt-ms]",0.210939661626727,1.30515372969112e-05,0.00830077772083553
"valine [P, nt-ms]",0.210393279291675,1.3758020276347e-05,0.00875010089575672
"N-acetylthreonine [P, nt-ms]",0.209073599267454,1.56173188239107e-05,0.00993261477200719
"3-hydroxydecanoate [P, nt-ms]",-0.208516444162958,1.64719060806236e-05,0.0104761322672766
"1-behenoyl-GPC (22:0) [P, nt-ms]",0.206272251078938,2.03851512200207e-05,0.0129649561759332
"vanillylmandelate (VMA) [P, nt-ms]",0.205777475351564,2.13593517257995e-05,0.0135845476976085
"C14:1 (tetradecenoylcarnitine) [P, t-ms]",-0.204387782082556,2.43373286392746e-05,0.0154785410145787
"PC aa C32:0 [P, t-ms]",-0.20436522720612,2.43887617535772e-05,0.0155112524752751
"methylsuccinate [P, nt-ms]",0.203930494405074,2.5400469441375e-05,0.0161546985647145
"spermidine [P, nt-ms]",-0.202454322659093,2.91408074483132e-05,0.0185335535371272
"PC ae C38:2 [P, t-ms]",-0.201464647632201,3.19343845938311e-05,0.0203102686016766
"succinylcarnitine [P, nt-ms]",0.199706568520704,3.75325168419263e-05,0.0238706807114651
"C14:1-OH (hydroxytetradecenoylcarnitine) [P, t-ms]",-0.197710588820473,4.50104011445432e-05,0.0286266151279295
"tartarate [P, nt-ms]",0.197018930808672,4.79151978020054e-05,0.0304740658020754
"N-acetylglutamate [P, nt-ms]",0.196425251301767,5.05488784819973e-05,0.0321490867145503
"5alpha-androstan-3alpha,17beta-diol monosulfate (2) [P, nt-ms]",-0.196344028773814,5.09196529073943e-05,0.0323848992491028
"C18:2 (octadecadienylcarnitine) [P, t-ms]",-0.196202700397499,5.15709354727919e-05,0.0327991149606957
"2-hydroxy-3-methylvalerate [P, nt-ms]",0.195848560614711,5.32376377329077e-05,0.0338591375981293
"palmitoyl ethanolamide [P, nt-ms]",-0.193563613427561,6.52766937963979e-05,0.0415159772545091
"myristoleoylcarnitine [P, nt-ms]",-0.193449737195515,6.5939267213703e-05,0.0419373739479151
"taurine [P, nt-ms]",-0.191282597980406,7.98236080835871e-05,0.0507678147411614
"PC ae C34:2 [P, t-ms]",-0.190802288823698,8.32531366740993e-05,0.0529489949247272
"dopamine sulfate (2) [P, nt-ms]",0.190241148183429,8.74354925344226e-05,0.0556089732518928
"N-acetyl-3-methylhistidine [P, nt-ms]",-0.189980817810966,8.94422703300265e-05,0.0568852839298969
"propionylglycine [P, nt-ms]",0.189874940081056,9.02707733801721e-05,0.0574122118697895
"indolin-2-one [P, nt-ms]",0.189654099449491,9.20221729380073e-05,0.0585261019885726
"5-hydroxyindoleacetate [P, nt-ms]",0.188164560334862,0.00010469698968442,0.0665872854392911
"methyl-4-hydroxybenzoate sulfate [P, nt-ms]",0.187477714087813,0.000111078864304241,0.0706461576974971
"octadecanedioate [P, nt-ms]",-0.183789646586442,0.000152076207606617,0.0967204680378086
"threonine [P, nt-ms]",0.182545614007867,0.000168846436819607,0.10738633381727
"caprylate (8:0) [P, nt-ms]",-0.182102450793492,0.000175228257264702,0.111445171620351
"3-methylhistidine [P, nt-ms]",-0.181760116173017,0.000180312075407601,0.114678479959234
"PC ae C36:3 [P, t-ms]",-0.181613676962956,0.000182528681274182,0.11608824129038
"adenosine [P, nt-ms]",-0.181386621724589,0.000186016078343656,0.118306225826565
"trigonelline (N'-methylnicotinate) [P, nt-ms]",-0.180316683230342,0.000203305740517146,0.129302450968905
"pristanate [P, nt-ms]",-0.180245601388086,0.000204506095494067,0.130065876734226
"C0 (carnitine) [P, t-ms]",0.179699789899907,0.000213946646456698,0.13607006714646
"2-hydroxyoctanoate [P, nt-ms]",0.179598066558812,0.000215750560251813,0.137217356320153
"ornithine [P, nt-ms]",0.179488293941707,0.000217713174354013,0.138465578889152
"PC ae C34:0 [P, t-ms]",-0.178244572052193,0.000241147534203254,0.153369831753269
"3b-hydroxy-5-cholenoic acid [P, nt-ms]",0.176009277132687,0.000289293880480089,0.183990907985337
"glutamine [P, nt-ms]",-0.17565819117843,0.000297625503657642,0.18928982032626
"gamma-glutamylglutamate [P, nt-ms]",0.174998390828428,0.000313892280624965,0.199635490477477
"C4 (butyrylcarnitine) [P, t-ms]",0.174984526672724,0.000314242820982175,0.199858434144663
"4-hydroxyhippurate [P, nt-ms]",0.172907872287163,0.000371074345465515,0.236003283716067
"N6-carbamoylthreonyladenosine [P, nt-ms]",0.172625251863008,0.000379510172630536,0.241368469793021
"1-methylguanidine [P, nt-ms]",0.172187563797221,0.000392927731518332,0.249902037245659
"N-acetyl-beta-alanine [P, nt-ms]",0.171095805949879,0.000428345098329445,0.272427482537527
"cystathionine [P, nt-ms]",0.170564005187785,0.000446652611894751,0.284071061165062
"cysteine s-sulfate [P, nt-ms]",0.16990354873975,0.000470402106332885,0.299175739627715
"gamma-carboxyglutamate [P, nt-ms]",0.169205308798227,0.000496783078446914,0.315954037892237
"andro steroid monosulfate (1) [P, nt-ms]",0.167879076012241,0.000550714168646158,0.350254211258957
"PC ae C32:1 [P, t-ms]",-0.167868702315477,0.000551156657668356,0.350535634277074
"gamma-glutamyltryptophan [P, nt-ms]",0.167823512192029,0.000553088090483317,0.35176402554739
"gamma-glutamylisoleucine [P, nt-ms]",0.167163471129425,0.000582023812629308,0.37016714483224
"lysoPC a C20:3 [P, t-ms]",-0.165966192341531,0.000638124705212802,0.405847312515342
"choline [P, nt-ms]",0.164579505204344,0.000709346987086938,0.451144683787292
"sarcosine (N-methylglycine) [P, nt-ms]",0.16425465103201,0.000727063357625091,0.462412295449558
"C8 (octanoylcarnitine) [P, t-ms]",-0.16359484728698,0.000764314078115914,0.486103753681721
"PC aa C30:0 [P, t-ms]",-0.16313832198587,0.000791113331635556,0.503148078920214
"hexadecanedioate [P, nt-ms]",-0.1626573101672,0.000820288194370278,0.521703291619497
"xanthurenate [P, nt-ms]",0.162477063752733,0.000831474557155062,0.52881781835062
"hypotaurine [P, nt-ms]",-0.161344601257748,0.000905044882887764,0.575608545516618
"N-acetyltyrosine [P, nt-ms]",0.161133279829745,0.000919421753303509,0.584752235101032
"isoleucine [P, nt-ms]",0.159728536494503,0.00102047928999363,0.649024828435952
"3-aminoisobutyrate [P, nt-ms]",-0.159447440461116,0.00104189283831049,0.662643845165475
"octanoylcarnitine [P, nt-ms]",-0.159234585090736,0.00105838269813966,0.673131396016824
"12-HETE [P, nt-ms]",-0.159082914500256,0.00107027901157185,0.680697451359695
"C16:1-OH (hexadecenoylcarnitine) [P, t-ms]",-0.15855746023059,0.00111245274130539,0.707519943470231
"orotidine [P, nt-ms]",0.158521849691018,0.00111536557104507,0.709372503184663
"1-docosahexaenoyl-GPE (22:6) [P, nt-ms]",-0.158069380788564,0.00115299302453641,0.733303563605159
"N-delta-acetylornithine [P, nt-ms]",0.15770485296317,0.0011841537745659,0.753121800623912
"1,5-anhydroglucitol (1,5-AG) [P, nt-ms]",0.157070098461354,0.00124027085278577,0.788812262371751
"gamma-glutamylleucine [P, nt-ms]",0.156896024636929,0.00125608227338728,0.798868325874311
"C12 (dodecanoylcarnitine) [P, t-ms]",-0.156752403584075,0.00126926700687221,0.807253816370726
"PC ae C40:3 [P, t-ms]",-0.155734505577382,0.00136642253236564,0.869044730584544
"cholate [P, nt-ms]",0.155295924080235,0.00141035362698577,0.89698490676295
"C14 (tetradecanoylcarnitine) [P, t-ms]",-0.154955629286081,0.0014453295968104,0.919229623571412
"arabonate/xylonate [P, nt-ms]",0.154867184955705,0.00145454954312547,0.925093509427801
"5alpha-androstan-3alpha,17beta-diol disulfate [P, nt-ms]",-0.154825973395362,0.00145886409386165,0.927837563696012
"1-methylimidazoleacetate [P, nt-ms]",-0.15449687715881,0.00149374202111079,0.950019925426464
"2-aminophenol sulfate [P, nt-ms]",-0.15431502751844,0.0015133413835844,0.962485119959675
"1-(1-enyl-oleoyl)-GPC (P-18:1) [P, nt-ms]",0.00740507491194301,0.879732232253654,1
"1-(1-enyl-oleoyl)-GPE (P-18:1) [P, nt-ms]",-0.017457177434256,0.721296473979756,1
"1-(1-enyl-palmitoyl)-GPC (P-16:0) [P, nt-ms]",0.0741920402007973,0.129002880644396,1
"1-(1-enyl-palmitoyl)-GPE (P-16:0) [P, nt-ms]",0.0402654301693869,0.410468024419181,1
"1-(1-enyl-stearoyl)-GPC (P-18:0) [P, nt-ms]",-0.0215888889844011,0.659087473622927,1
"1-(1-enyl-stearoyl)-GPE (P-18:0) [P, nt-ms]",0.0720131249734733,0.140658047763757,1
"1-adrenoyl-GPC (22:4) [P, nt-ms]",-0.0645364123934627,0.186822471105686,1
"1-arachidonoyl-GPC (20:4n6) [P, nt-ms]",0.0762797064298147,0.118550962839321,1
"1-arachidonoyl-GPE (20:4n6) [P, nt-ms]",-0.103663855509712,0.0336809877766855,1
"1-arachidonoyl-GPI (20:4) [P, nt-ms]",0.00423095865606389,0.9311080489337,1
"1-arachidonylglycerol (20:4) [P, nt-ms]",-0.0263558831411572,0.590149984087867,1
"1-dihomo-linolenoyl-GPC (20:3n3 or 6) [P, nt-ms]",-0.0399207575125589,0.414489184979343,1
"1-dihomo-linolenoyl-GPE (20:3n3 or 6) [P, nt-ms]",-0.0303679483803676,0.534832497014856,1
"1-dihomo-linoleoyl-GPC (20:2) [P, nt-ms]",-0.0598539255365722,0.220921139597857,1
"1-docosahexaenoyl-GPC (22:6) [P, nt-ms]",-0.0238723368278747,0.625656950520641,1
"1-docosapentaenoyl-GPC (22:5n3) [P, nt-ms]",-0.042539798953108,0.384517982845739,1
"1-docosapentaenoyl-GPC (22:5n6) [P, nt-ms]",-0.036744935609665,0.452618670040779,1
"1-eicosapentaenoyl-GPC (20:5) [P, nt-ms]",0.0181699758925058,0.710418137907154,1
"1-eicosapentaenoyl-GPE (20:5) [P, nt-ms]",-0.0492868782262343,0.313606845080345,1
"1-eicosenoyl-GPC (20:1) [P, nt-ms]",0.101791420369073,0.0370415875479241,1
"1-linolenoyl-GPC (18:3) [P, nt-ms]",0.100513102658934,0.039495827891511,1
"1-linoleoyl-GPC (18:2) [P, nt-ms]",0.00269310033090145,0.956116359917242,1
"1-linoleoyl-GPE (18:2) [P, nt-ms]",-0.0371220645206946,0.447990049194755,1
"1-linoleoyl-GPI (18:2) [P, nt-ms]",0.0143049746713685,0.770052680545969,1
"1-linoleoylglycerol (18:2) [P, nt-ms]",-0.0066571392451455,0.891800993858617,1
"1-margaroyl-GPC (17:0) [P, nt-ms]",0.0847372873234421,0.0828217947722635,1
"1-methylhistidine [P, nt-ms]",-0.0665514981739917,0.173404786180048,1
"1-methylnicotinamide [P, nt-ms]",-0.042559185484885,0.384301174658721,1
"1-methylurate [P, nt-ms]",-0.0768884595407909,0.11563126198964,1
"1-methylxanthine [P, nt-ms]",-0.108952594988654,0.0255581776947818,1
"1-myristoyl-GPC (14:0) [P, nt-ms]",-0.000716853840655596,0.988313523226721,1
"1-nonadecanoyl-GPC (19:0) [P, nt-ms]",-0.0225669844432857,0.644679543300126,1
"1-oleoyl-GPC (18:1) [P, nt-ms]",0.0880401581237167,0.0714808693886035,1
"1-oleoyl-GPE (18:1) [P, nt-ms]",0.027779819207069,0.570218496319389,1
"1-oleoyl-GPI (18:1) [P, nt-ms]",0.14242880756957,0.00344290938998854,1
"1-palmitoleoyl-GPC (16:1) [P, nt-ms]",0.0216085994068372,0.658795856129458,1
"1-palmitoyl-GPC (16:0) [P, nt-ms]",0.0628461957737061,0.198653870238879,1
"1-palmitoyl-GPE (16:0) [P, nt-ms]",0.013609431394018,0.780941738680062,1
"1-palmitoyl-GPG (16:0) [P, nt-ms]",0.114816381862208,0.0185820072705999,1
"1-palmitoyl-GPI (16:0) [P, nt-ms]",-0.0340897632916432,0.485957590009148,1
"1-palmitoylglycerol (16:0) [P, nt-ms]",-0.0417259906301173,0.393686284818406,1
"1-palmityl-GPC (O-16:0) [P, nt-ms]",0.0954891733562762,0.0505141640951777,1
"1-pentadecanoyl-GPC (15:0) [P, nt-ms]",0.058936562498371,0.228092012404774,1
"1-stearoyl-GPC (18:0) [P, nt-ms]",0.065678142123513,0.179129279147489,1
"1-stearoyl-GPE (18:0) [P, nt-ms]",0.0348319295646296,0.476507660525036,1
"1-stearoyl-GPI (18:0) [P, nt-ms]",0.0547733802324388,0.262707032442465,1
"1-stearyl-GPC (O-18:0) [P, nt-ms]",0.0940993286599981,0.053980542472636,1
"1,7-dimethylurate [P, nt-ms]",-0.0725581618795963,0.137669577623107,1
"10-undecenoate (11:1n1) [P, nt-ms]",-0.0597015407024329,0.222101018342565,1
"16a-hydroxy DHEA 3-sulfate [P, nt-ms]",0.124893543765704,0.010408142101193,1
"17alpha-hydroxypregnenolone sulfate [P, nt-ms]",0.00177862270127271,0.971009410925377,1
"2-aminoadipate [P, nt-ms]",0.0417053611013503,0.393920396517833,1
"2-aminobutyrate [P, nt-ms]",-0.0149166512078011,0.760513706136041,1
"2-aminoheptanoate [P, nt-ms]",-0.133259233493526,0.00623668665093268,1
"2-arachidonoyl-GPC (20:4) [P, nt-ms]",0.0293786472192755,0.548227465141981,1
"2-arachidonoyl-GPE (20:4) [P, nt-ms]",-0.0427102796751529,0.382613976213777,1
"2-docosahexaenoyl-GPC (22:6) [P, nt-ms]",-0.043867704315659,0.369840140831735,1
"2-docosahexaenoyl-GPE (22:6) [P, nt-ms]",-0.0844296851774168,0.0839481078881441,1
"2-hydroxybutyrate/2-hydroxyisobutyrate [P, nt-ms]",-0.139328413605683,0.00422521389041273,1
"2-hydroxyglutarate [P, nt-ms]",-0.103655235344977,0.0336958428000288,1
"2-hydroxypalmitate [P, nt-ms]",-0.0876099108356648,0.07288215581933,1
"2-hydroxystearate [P, nt-ms]",-0.0125345733095091,0.797852933207878,1
"2-linoleoyl-GPC (18:2) [P, nt-ms]",-0.0274418925778395,0.574919576087845,1
"2-linoleoyl-GPE (18:2) [P, nt-ms]",-0.0159423823503813,0.744599438371263,1
"2-linoleoylglycerol (18:2) [P, nt-ms]",0.0553362636527904,0.257826483944504,1
"2-methylbutyrylcarnitine (C5) [P, nt-ms]",0.145471031101695,0.00280538353011136,1
"2-methylmalonyl carnitine [P, nt-ms]",-0.0237813511040442,0.626975034990616,1
"2-myristoyl-GPC (14:0) [P, nt-ms]",-0.021469121438725,0.660860554418413,1
"2-oleoyl-GPC (18:1) [P, nt-ms]",0.0762390358414585,0.118748061272438,1
"2-oleoyl-GPE (18:1) [P, nt-ms]",0.0779180266926848,0.110821792408353,1
"2-palmitoyl-GPC (16:0) [P, nt-ms]",0.0328860966033644,0.501496070825737,1
"2-palmitoyl-GPE (16:0) [P, nt-ms]",0.109367529149923,0.0249992127399547,1
"2-piperidinone [P, nt-ms]",-0.0319943444501533,0.51317479423322,1
"2-pyrrolidinone [P, nt-ms]",0.14025332710421,0.00397650272847187,1
"2-stearoyl-GPE (18:0) [P, nt-ms]",0.0353580937264999,0.469869308372961,1
"2,3-dihydroxyisovalerate [P, nt-ms]",0.0790459089817798,0.105735207184679,1
"2'-deoxyuridine [P, nt-ms]",0.111932091293637,0.0217731108874409,1
"21-hydroxypregnenolone disulfate [P, nt-ms]",0.136695937990588,0.00501189610728802,1
"21-hydroxypregnenolone monosulfate (1) [P, nt-ms]",0.118915624313161,0.0147508058497563,1
"3-(4-hydroxyphenyl)lactate [P, nt-ms]",0.137528854280516,0.00474978073019249,1
"3-carboxy-4-methyl-5-propyl-2-furanpropanoate (CMPF) [P, nt-ms]",-0.0490555896685647,0.315885872139456,1
"3-hydroxy-2-ethylpropionate [P, nt-ms]",0.140151605087486,0.00400319242222813,1
"3-hydroxybutyrylcarnitine (1) [P, nt-ms]",-0.15005570247394,0.0020455468725379,1
"3-hydroxyhippurate [P, nt-ms]",-0.0370908055333549,0.448372679112516,1
"3-hydroxyisobutyrate [P, nt-ms]",-0.0761357004966184,0.119249998092169,1
"3-hydroxyoctanoate [P, nt-ms]",-0.0691808844799535,0.156993186104606,1
"3-hydroxypyridine sulfate [P, nt-ms]",0.0393312263156914,0.421420567162315,1
"3-methoxytyrosine [P, nt-ms]",0.0512050149928994,0.295122644534564,1
"3-methyl-2-oxobutyrate [P, nt-ms]",-0.0799893207885509,0.101623846657586,1
"3-methyl-2-oxovalerate [P, nt-ms]",0.0930183229721187,0.0568114725505189,1
"3-methylcytidine [P, nt-ms]",0.14438628323205,0.00301921432978837,1
"3-methylglutarylcarnitine (2) [P, nt-ms]",0.0307881450225744,0.529193295854967,1
"3-phosphoglycerate [P, nt-ms]",0.0514706341102923,0.292621529108386,1
"3-ureidopropionate [P, nt-ms]",0.136285949935457,0.00514564392866713,1
"3beta,7alpha-dihydroxy-5-cholestenoate [P, nt-ms]",-0.0709420936693238,0.146675053537146,1
"4-acetamidobutanoate [P, nt-ms]",-0.0281792992602929,0.564684776786274,1
"4-allylphenol sulfate [P, nt-ms]",-0.0347574750138737,0.477451133689542,1
"4-androsten-3alpha,17alpha-diol monosulfate (2) [P, nt-ms]",0.108222346361214,0.0265680926260433,1
"4-androsten-3alpha,17alpha-diol monosulfate (3) [P, nt-ms]",0.0849446974463074,0.0820692550508192,1
"4-androsten-3beta,17beta-diol disulfate (1) [P, nt-ms]",0.0818580350611528,0.0938550893909049,1
"4-androsten-3beta,17beta-diol disulfate (2) [P, nt-ms]",-0.0235240677341745,0.630708642401659,1
"4-androsten-3beta,17beta-diol monosulfate (1) [P, nt-ms]",-0.130456801145257,0.0074273466970898,1
"4-androsten-3beta,17beta-diol monosulfate (2) [P, nt-ms]",0.0563355800206648,0.249316940126224,1
"4-ethylphenylsulfate [P, nt-ms]",-0.0564044577244016,0.248737712770352,1
"4-guanidinobutanoate [P, nt-ms]",0.0160294498319054,0.743253463909574,1
"4-hydroxychlorothalonil [P, nt-ms]",0.0238320200668161,0.626240861288438,1
"4-hydroxyphenylacetatoylcarnitine [P, nt-ms]",-0.0589272322139617,0.228165784608254,1
"4-methyl-2-oxopentanoate [P, nt-ms]",-0.00631222398335075,0.897375177808267,1
"4-methylcatechol sulfate [P, nt-ms]",0.114408538750947,0.019006906168112,1
"4-vinylphenol sulfate [P, nt-ms]",-0.141146707084479,0.0037489248505295,1
"5-acetylamino-6-amino-3-methyluracil [P, nt-ms]",-0.0644725042957372,0.18726017396264,1
"5-hydroxylysine [P, nt-ms]",0.110658930414685,0.0233265198090148,1
"5-oxoproline [P, nt-ms]",-0.115562675518545,0.0178259121928025,1
"5alpha-androstan-3alpha, 17beta-diol-17-glucosiduronate [P, nt-ms]",0.134578183332153,0.00573800376534199,1
"5alpha-androstan-3alpha,17alpha-diol disulfate [P, nt-ms]",0.0434101989404049,0.374857479968724,1
"5alpha-androstan-3alpha,17alpha-diol monosulfate [P, nt-ms]",0.127068179845727,0.00913561741370875,1
"5alpha-androstan-3alpha,17beta-diol monosulfate (1) [P, nt-ms]",-0.00109485859470332,0.982151965546037,1
"5alpha-androstan-3beta,17alpha-diol disulfate [P, nt-ms]",-0.000717931046627,0.988295963380061,1
"5alpha-androstan-3beta,17beta-diol disulfate [P, nt-ms]",-0.0145736486916456,0.765858397308125,1
"5alpha-androstan-3beta,17beta-diol monosulfate (2) [P, nt-ms]",-0.014554439333702,0.766158050260334,1
"5alpha-pregnan-3(alpha or beta),20beta-diol disulfate [P, nt-ms]",-0.0290630489377281,0.552535090121581,1
"5alpha-pregnan-3beta,20alpha-diol disulfate [P, nt-ms]",-0.0701819708517834,0.151063028902324,1
"5alpha-pregnan-3beta,20alpha-diol monosulfate (2) [P, nt-ms]",-0.145512618334626,0.00279746695140535,1
"5alpha-pregnan-3beta,20beta-diol monosulfate (1) [P, nt-ms]",-0.0145734492108107,0.765861508894552,1
"6-oxopiperidine-2-carboxylic acid [P, nt-ms]",0.114721028480628,0.0186805994573365,1
"7-methylguanine [P, nt-ms]",-0.107876732498113,0.0270579219412564,1
"9,10-DiHOME [P, nt-ms]",-0.0174934641739843,0.72074130447969,1
"acisoga [P, nt-ms]",-0.0458899763279942,0.348164180464901,1
"adenine [P, nt-ms]",0.0884705050928749,0.0701013435582704,1
"adenosine 3',5'-cyclic monophosphate (cAMP) [P, nt-ms]",-0.143975727833771,0.00310393600925821,1
"adenosine 5'-monophosphate (AMP) [P, nt-ms]",-0.112432707086837,0.0211873329457468,1
"adipoylcarnitine [P, nt-ms]",-0.0430397952666583,0.378950152132579,1
"allantoin [P, nt-ms]",-0.0533861645568259,0.275005128410202,1
"alliin [P, nt-ms]",-0.0896403071798302,0.0664611209743575,1
"alpha-hydroxyisocaproate [P, nt-ms]",-0.0712768915630916,0.144773459347079,1
"alpha-hydroxyisovalerate [P, nt-ms]",0.149548995570159,0.00211913458212726,1
"alpha-ketobutyrate [P, nt-ms]",0.019756840973416,0.686413140606953,1
"alpha-ketoglutarate [P, nt-ms]",0.0481971839723427,0.324438759275345,1
"alpha-tocopherol [P, nt-ms]",-0.0964525000470674,0.0482222339881238,1
"androsterone sulfate [P, nt-ms]",0.077122183795173,0.114525355333881,1
"arabitol/xylitol [P, nt-ms]",-0.110642562211069,0.0233470995493814,1
"arginine [P, nt-ms]",0.147413566970373,0.00245658892088199,1
"benzoate [P, nt-ms]",-0.0550964564193783,0.259898045959682,1
"beta-alanine [P, nt-ms]",0.0486314914002883,0.320092849728569,1
"beta-hydroxyisovalerate [P, nt-ms]",0.0276181024729433,0.572465946551226,1
"betaine [P, nt-ms]",-0.0442552162745329,0.365623090316002,1
"betonicine [P, nt-ms]",-0.0977354974558412,0.0453054931020408,1
"bilirubin (E,E) [P, nt-ms]",-0.11892345726807,0.014744205072329,1
"bilirubin (E,Z or Z,E) [P, nt-ms]",-0.0595037669765272,0.223639028101247,1
"bilirubin (Z,Z) [P, nt-ms]",0.0158837985170625,0.74550552256464,1
"biliverdin [P, nt-ms]",-0.0188083591581106,0.700725060591174,1
"butyrylcarnitine [P, nt-ms]",-0.0296682648766489,0.544289052839916,1
"C-glycosyltryptophan [P, nt-ms]",0.135294109198069,0.00548259357756317,1
"caffeine [P, nt-ms]",-0.0139027042774866,0.776345056844353,1
"caproate (6:0) [P, nt-ms]",-0.0275179780534648,0.573859518284194,1
"cholesterol [P, nt-ms]",0.00790432871419674,0.871691514382068,1
"cis-4-decenoyl carnitine [P, nt-ms]",-0.126798628769267,0.00928544873603168,1
"cis-aconitate [P, nt-ms]",-0.0451710854221298,0.355775729643405,1
"citrate [P, nt-ms]",0.0343704877768679,0.482371321670076,1
"cortisone [P, nt-ms]",0.065215525982632,0.182217697559354,1
"creatine [P, nt-ms]",0.14563038532644,0.00277515890297441,1
"creatinine [P, nt-ms]",0.125283137472405,0.0101692184538998,1
"cys-gly, oxidized [P, nt-ms]",0.0791438437596259,0.105302388878655,1
"cysteine [P, nt-ms]",0.0446388722807222,0.361477591253424,1
"cysteine sulfinic acid [P, nt-ms]",-0.0785089179097136,0.108133459389004,1
"cysteine-glutathione disulfide [P, nt-ms]",-0.0507487891648075,0.299451757294938,1
"cysteinylglycine [P, nt-ms]",0.110222800868582,0.023880257280166,1
"cystine [P, nt-ms]",-0.0294105220590421,0.547793323909599,1
"decanoylcarnitine [P, nt-ms]",-0.148031355394848,0.00235424533940123,1
"dehydroisoandrosterone sulfate (DHEA-S) [P, nt-ms]",0.06608801042979,0.176425559271744,1
"deoxycarnitine [P, nt-ms]",0.040209207059002,0.411122376491482,1
"dihydroorotate [P, nt-ms]",-0.0436998593631885,0.371676002229468,1
"dimethyl sulfone [P, nt-ms]",0.106086730828118,0.0297209775310879,1
"dimethylarginine (SDMA + ADMA) [P, nt-ms]",0.0686970089088196,0.159921816738661,1
"dimethylglycine [P, nt-ms]",0.0531208195344587,0.277401401859138,1
"dodecanedioate [P, nt-ms]",-0.113549376566655,0.0199297783539689,1
"DSGEGDFXAEGGGVR [P, nt-ms]",-0.00847165580360936,0.862570499008722,1
"EDTA [P, nt-ms]",0.0153221495573317,0.75420988006251,1
"epiandrosterone sulfate [P, nt-ms]",0.10768625326323,0.0273311884397687,1
"ergothioneine [P, nt-ms]",0.0811462161122336,0.096756409468437,1
"ethylmalonate [P, nt-ms]",0.0831323404991517,0.0888350834886872,1
"flavin adenine dinucleotide (FAD) [P, nt-ms]",0.108743990118191,0.0258432398355835,1
"fumarate [P, nt-ms]",0.0228561781583273,0.640444581857607,1
"gamma-glutamyl-2-aminobutyrate [P, nt-ms]",0.103612884476239,0.033768906650159,1
"gamma-glutamylglutamine [P, nt-ms]",-0.0411662140214326,0.400068574255769,1
"gamma-tocopherol/beta-tocopherol [P, nt-ms]",0.107271531801738,0.0279343758957779,1
"glucuronate [P, nt-ms]",0.0122713534213076,0.802009065085952,1
"glutarate (pentanedioate) [P, nt-ms]",0.0278990335480919,0.568564409004272,1
"glutarylcarnitine (C5) [P, nt-ms]",0.105269561805225,0.0310095042473434,1
"glycerophosphoethanolamine [P, nt-ms]",0.0399904040094316,0.413674780589263,1
"glycerophosphorylcholine (GPC) [P, nt-ms]",-0.0206748712422454,0.672666544575411,1
"glycine [P, nt-ms]",0.0688969972800355,0.1587064461906,1
"glycochenodeoxycholate glucuronide (1) [P, nt-ms]",0.0461321954794449,0.345622992061006,1
"glycochenodeoxycholate sulfate [P, nt-ms]",0.0842249356454805,0.0847046424590754,1
"glycocholenate sulfate [P, nt-ms]",0.150554740493003,0.00197536338021442,1
"glycodeoxycholate sulfate [P, nt-ms]",-0.0236908279998504,0.628287596231251,1
"glycolithocholate sulfate [P, nt-ms]",0.147942375170736,0.00236874206563858,1
"hippurate [P, nt-ms]",-0.0483057231422446,0.323349087720277,1
"histidine [P, nt-ms]",0.0877660027781336,0.0723712077760954,1
"homoarginine [P, nt-ms]",0.0815465507830051,0.0951160047738746,1
"homocitrulline [P, nt-ms]",0.139544749376813,0.00416581319574038,1
"homostachydrine [P, nt-ms]",-0.115412793549535,0.0179755701084699,1
"hydantoin-5-propionic acid [P, nt-ms]",0.105567069915049,0.0305349622527947,1
"hyocholate [P, nt-ms]",0.00107011987076668,0.982555183531734,1
"hypoxanthine [P, nt-ms]",-0.104081769246669,0.032967465656857,1
"imidazole lactate [P, nt-ms]",0.0928064729908827,0.0573804449330005,1
"imidazole propionate [P, nt-ms]",-0.0177610393323617,0.716652078903995,1
"iminodiacetate (IDA) [P, nt-ms]",0.0659765238862276,0.177157967617329,1
"indoleacetate [P, nt-ms]",0.0567811856099792,0.245586210007745,1
"indoleacetylglutamine [P, nt-ms]",0.0700468447850472,0.151853400988851,1
"indolepropionate [P, nt-ms]",-0.0931628858932861,0.0564259064836933,1
"inosine [P, nt-ms]",-0.0644228337425373,0.18760088543714,1
"isovalerate [P, nt-ms]",-0.0141045484322296,0.773185922286394,1
"isovalerylcarnitine [P, nt-ms]",0.0770817991278842,0.114715847372255,1
"kynurenate [P, nt-ms]",0.113523932146011,0.0199576937273401,1
"lactate [P, nt-ms]",0.0709558534617174,0.146596527009535,1
"lanthionine [P, nt-ms]",-0.121112675611553,0.0129980232385828,1
"laurylcarnitine [P, nt-ms]",-0.115596969562789,0.0177918227349024,1
"leucine [P, nt-ms]",0.0729372208030517,0.135620101055657,1
"linoleamide (18:2n6) [P, nt-ms]",0.0393597191603913,0.421084013705964,1
"linoleoylcarnitine [P, nt-ms]",-0.146217273201604,0.00266638248355632,1
"malate [P, nt-ms]",0.0174207788585386,0.721853501555942,1
"maleate [P, nt-ms]",0.149690061416492,0.00209840869701162,1
"malonate [P, nt-ms]",0.102924234301351,0.0349760435145948,1
"malonylcarnitine [P, nt-ms]",-0.0197835470862347,0.68601175247872,1
"maltose [P, nt-ms]",0.134713611277843,0.00568888446763991,1
"maltotriose [P, nt-ms]",-0.028816833758457,0.555907150632989,1
"mannitol/sorbitol [P, nt-ms]",-0.0489001445086623,0.317423641096711,1
"mannose [P, nt-ms]",-0.00450486098482401,0.926660300966848,1
"methionine sulfone [P, nt-ms]",0.0771971576152224,0.114172366119349,1
"methyl glucopyranoside (alpha + beta) [P, nt-ms]",-0.106502350896229,0.0290834083167332,1
"methyl indole-3-acetate [P, nt-ms]",-0.0962572485967571,0.0486796048349075,1
"methylmalonate (MMA) [P, nt-ms]",0.0461160997563739,0.345791490519341,1
"methylsuccinoylcarnitine (1) [P, nt-ms]",-0.0323934425405429,0.507930666500445,1
"myo-inositol [P, nt-ms]",0.0739910474656825,0.13004566276531,1
"myristoylcarnitine [P, nt-ms]",-0.131371155514464,0.00701824724832695,1
"N-acetyl-1-methylhistidine [P, nt-ms]",-0.0797066640662556,0.102842126463227,1
"N-acetyl-aspartyl-glutamate (NAAG) [P, nt-ms]",0.0573177389977499,0.241146032148986,1
"N-acetyl-cadaverine [P, nt-ms]",-0.0206005159897053,0.673775968807203,1
"N-acetylalanine [P, nt-ms]",0.137300468397585,0.00482039402854027,1
"N-acetylarginine [P, nt-ms]",-0.0853199510905882,0.0807217817132826,1
"N-acetylaspartate (NAA) [P, nt-ms]",-0.0109466516551153,0.823008091556553,1
"N-acetylcitrulline [P, nt-ms]",-0.125766051247592,0.00987982640197607,1
"N-acetylglucosaminylasparagine [P, nt-ms]",0.0868987414846736,0.0752474369870064,1
"N-acetylglutamine [P, nt-ms]",-0.0894100560307763,0.0671650925154958,1
"N-acetylhistidine [P, nt-ms]",-0.0950527027176927,0.0515821596266002,1
"N-acetylkynurenine (2) [P, nt-ms]",0.100342165426596,0.0398342083989592,1
"N-acetylleucine [P, nt-ms]",0.0646901645940301,0.185772517103906,1
"N-acetylmethionine [P, nt-ms]",-0.0961365110043685,0.048964240977543,1
"N-acetylneuraminate [P, nt-ms]",-0.0491828665430268,0.314630398186745,1
"N-acetylphenylalanine [P, nt-ms]",0.1210600119249,0.013037789702914,1
"N-acetylputrescine [P, nt-ms]",-0.0996453661326485,0.0412390331348386,1
"N-acetylserine [P, nt-ms]",0.0600062454001724,0.219746245359479,1
"N-acetyltaurine [P, nt-ms]",0.0405159265253222,0.407560126984329,1
"N-acetyltryptophan [P, nt-ms]",0.145582675348032,0.00278417679846723,1
"N-acetylvaline [P, nt-ms]",0.142339633531409,0.00346343701843925,1
"N-formylmethionine [P, nt-ms]",0.00321763323464228,0.94758044380302,1
"N-methyl-4-aminobutyric acid [P, nt-ms]",-0.00272767042191544,0.955553623056514,1
"N-methylpipecolate [P, nt-ms]",-0.0431790734935613,0.377408032585664,1
"N-methylproline [P, nt-ms]",-0.0377395880668632,0.440469161339608,1
"N-palmitoyl glycine [P, nt-ms]",-0.00394743363981839,0.93571431179472,1
"N1-methyladenosine [P, nt-ms]",0.0616138476441563,0.207617984890248,1
"N2,N2-dimethylguanosine [P, nt-ms]",-0.0251747776844718,0.606921088709819,1
"N2,N5-diacetylornithine [P, nt-ms]",0.0665302570540928,0.173542377263267,1
"N4-acetylcytidine [P, nt-ms]",0.0478525136282669,0.327914827955227,1
"N6-succinyladenosine [P, nt-ms]",0.0606599913686172,0.214754430386294,1
"N6,N6,N6-trimethyllysine [P, nt-ms]",0.0517018989652065,0.290455481383841,1
"nicotinamide [P, nt-ms]",0.0616669103127448,0.207226081174899,1
"O-acetylhomoserine [P, nt-ms]",-0.10972802604365,0.0245221746891122,1
"o-cresol sulfate [P, nt-ms]",0.0171402662346434,0.726151253288701,1
"O-sulfo-L-tyrosine [P, nt-ms]",0.03667354170467,0.453497929937115,1
"oleamide [P, nt-ms]",0.0772802955218712,0.11378193747846,1
"oleoylcarnitine [P, nt-ms]",-0.139809056756592,0.00409426575049483,1
"oxalate (ethanedioate) [P, nt-ms]",0.0926023506134368,0.0579331214174296,1
"p-cresol-glucuronide [P, nt-ms]",0.0587140022808962,0.229856357862829,1
"palmitic amide [P, nt-ms]",0.072288055035905,0.139144435627513,1
"palmitoylcarnitine [P, nt-ms]",-0.0560777776210945,0.251493265663698,1
"palmitoylcholine [P, nt-ms]",0.140548147464191,0.0039000551460758,1
"pantothenate [P, nt-ms]",0.0843242887716818,0.0843368563880563,1
"paraxanthine [P, nt-ms]",-0.0686623211332586,0.160133333231437,1
"phenylacetylglutamate [P, nt-ms]",-0.0282740415065723,0.56337616495599,1
"phenylacetylglutamine [P, nt-ms]",0.0880320792523987,0.0715069775876959,1
"phytanate [P, nt-ms]",-0.0589117732587982,0.228288051936697,1
"pipecolate [P, nt-ms]",-0.0137531931613368,0.778687490597649,1
"piperine [P, nt-ms]",-0.0283376777764959,0.562498018039848,1
"pregn steroid monosulfate [P, nt-ms]",0.0280620937237917,0.56630567262613,1
"pregnanediol-3-glucuronide [P, nt-ms]",0.110629686761098,0.0233632988845581,1
"pregnen-diol disulfate [P, nt-ms]",-0.0064822021731406,0.894627508015727,1
"pregnenolone sulfate [P, nt-ms]",0.0587814886006901,0.229320341509045,1
"pro-hydroxy-pro [P, nt-ms]",0.146016434237585,0.00270316197815826,1
"prolylglycine [P, nt-ms]",0.0779231023263564,0.110798478330687,1
"pyridoxate [P, nt-ms]",0.127850302843077,0.00871297002330628,1
"pyroglutamine [P, nt-ms]",-0.07557857435725,0.121984755707869,1
"quinate [P, nt-ms]",-0.113701407263654,0.0197636903755009,1
"quinolinate [P, nt-ms]",0.123022792439045,0.0116260909143153,1
"retinol (Vitamin A) [P, nt-ms]",0.102008656722737,0.0366376517238471,1
"ribitol [P, nt-ms]",-0.0674366884085199,0.167742873560743,1
"S-adenosylhomocysteine (SAH) [P, nt-ms]",0.108197527841711,0.0266030111166617,1
"S-allylcysteine [P, nt-ms]",-0.13349581136742,0.00614447397805145,1
"S-methylcysteine [P, nt-ms]",0.00982309091607403,0.840918824890844,1
"sebacate (decanedioate) [P, nt-ms]",-0.0994542355355313,0.0416316029523967,1
"serine [P, nt-ms]",0.0884373771386714,0.0702067597371255,1
"serotonin [P, nt-ms]",-0.0415991317821682,0.395127255971783,1
"sphinganine-1-phosphate [P, nt-ms]",-0.00614105801077767,0.900143287453203,1
"sphingosine [P, nt-ms]",-0.00423796938958191,0.930994178187992,1
"sphingosine 1-phosphate [P, nt-ms]",-0.0128658043794042,0.792631048308192,1
"stachydrine [P, nt-ms]",-0.0862946570085882,0.0773052755981098,1
"stearoylcarnitine [P, nt-ms]",-0.0722995019987877,0.139081687056434,1
"suberoyl carnitine [P, nt-ms]",-0.141271127061581,0.0037181838862711,1
"succinate [P, nt-ms]",-0.117705354405129,0.015802390682756,1
"sulfate [P, nt-ms]",0.0887104075025262,0.0693418087060567,1
"tartronate (hydroxymalonate) [P, nt-ms]",0.131734963961564,0.00686116183711145,1
"taurocholenate sulfate [P, nt-ms]",0.0810232499704664,0.097264774981443,1
"taurolithocholate 3-sulfate [P, nt-ms]",0.103544746124392,0.0338867424438751,1
"tetradecanedioate [P, nt-ms]",-0.143263691763682,0.00325600682911544,1
"theophylline [P, nt-ms]",-0.0761822576312672,0.119023648725621,1
"threonate [P, nt-ms]",0.131155537929221,0.0071128583405563,1
"thymol sulfate [P, nt-ms]",-0.0921217075004853,0.0592519247513852,1
"thyroxine [P, nt-ms]",0.0752646735109552,0.123546972455096,1
"tigloylglycine [P, nt-ms]",-0.130760733136605,0.00728905658718334,1
"tiglylcarnitine [P, nt-ms]",-0.0240043485297839,0.6237466530581,1
"trans-4-hydroxyproline [P, nt-ms]",-0.0348253100749862,0.476591500136242,1
"trans-urocanate [P, nt-ms]",-0.10524912698648,0.0310423291576538,1
"trimethylamine N-oxide [P, nt-ms]",-0.0392570034307711,0.422298015309672,1
"tryptophan betaine [P, nt-ms]",-0.0339051601614893,0.488323713184417,1
"tyramine O-sulfate [P, nt-ms]",0.0900539951815463,0.0652115265278239,1
"urate [P, nt-ms]",0.141463494660016,0.0036711040433266,1
"urea [P, nt-ms]",0.113020053750296,0.0205175521236225,1
"uridine [P, nt-ms]",-0.0306434925114303,0.531131181571624,1
"xanthosine [P, nt-ms]",-0.118546397136744,0.0150649098882998,1
"arginine [P, t-ms]",0.0914586505065161,0.0611118958097427,1
"C10 (decanoylcarnitine) [P, t-ms]",-0.145499426213994,0.00279997600967894,1
"C10:1 (decenoylcarnitine) [P, t-ms]",-0.139026620563695,0.00430935806216152,1
"C16 (hexadecanoylcarnitine) [P, t-ms]",-0.105663799475946,0.030382018126859,1
"C16-OH (hydroxyhexadecanoylcarnitine) [P, t-ms]",0.00939903199560448,0.847700682459139,1
"C16:2-OH (hydroxyhexadecadienylcarnitine) [P, t-ms]",-0.0950394126966069,0.0516149719886525,1
"C18 (octadecanoylcarnitine) [P, t-ms]",-0.0980131180297802,0.0446942500299705,1
"C18:1 (octadecenoylcarnitine) [P, t-ms]",-0.113320718177435,0.0201818651990879,1
"C5 (valerylcarnitine) [P, t-ms]",0.0708666946066892,0.147105921930057,1
"C5:1-DC (glutaconylcarnitine) [P, t-ms]",-0.142022151637054,0.00353742469154473,1
"C5:1( tiglylcarnitine) [P, t-ms]",-0.0424669802339223,0.385333012547737,1
"C6-OH (glutarylcarnitine) and C5-DC (hydroxyhexanoylcarnitine) [P, t-ms]",-0.0300258510095132,0.539445773063432,1
"C7-DC (pimelylcarnitine) [P, t-ms]",-0.104024370821562,0.0330646941336428,1
"glutamine [P, t-ms]",-0.116503314277282,0.0169112824885665,1
"glycine [P, t-ms]",0.047476516136274,0.331734193310867,1
"histidine [P, t-ms]",0.0855411395687363,0.079935953064313,1
"leucine or isoleucine [P, t-ms]",0.125667037177647,0.00993855884570154,1
"lysoPC a C14:0 [P, t-ms]",-0.0883854243786608,0.0703723391435713,1
"lysoPC a C16:0 [P, t-ms]",-0.0706254903235316,0.148490763002476,1
"lysoPC a C16:1 [P, t-ms]",-0.0482594670064165,0.323813182063579,1
"lysoPC a C17:0 [P, t-ms]",-0.0743676399450888,0.128097149442988,1
"lysoPC a C18:0 [P, t-ms]",-0.0981823807984286,0.0443249930165977,1
"lysoPC a C18:2 [P, t-ms]",-0.0667939744213962,0.171839878766726,1
"lysoPC a C20:4 [P, t-ms]",-0.0141971694444326,0.771737526796284,1
"ornithine [P, t-ms]",0.125897417919495,0.00980237895302288,1
"PC aa C28:1 [P, t-ms]",-0.0334540718894324,0.494131417805016,1
"PC aa C32:1 [P, t-ms]",-0.120496788309175,0.0134698325680425,1
"PC aa C32:2 [P, t-ms]",-0.108019329728455,0.02685488935312,1
"PC aa C32:3 [P, t-ms]",-0.0476298638482352,0.330173048018427,1
"PC aa C34:1 [P, t-ms]",-0.0391178070359726,0.423946440579346,1
"PC aa C34:2 [P, t-ms]",-0.0957286261992592,0.0499361337846041,1
"PC aa C34:3 [P, t-ms]",0.0308686564695713,0.52811625198978,1
"PC aa C34:4 [P, t-ms]",-0.0328960490481666,0.501366525789879,1
"PC aa C36:0 [P, t-ms]",-0.104199446209071,0.0327688923357266,1
"PC aa C36:1 [P, t-ms]",-0.0377346307853676,0.440529247952299,1
"PC aa C36:2 [P, t-ms]",-0.035547657587169,0.46749021210626,1
"PC aa C36:3 [P, t-ms]",-0.0658452767164464,0.178023082306419,1
"PC aa C36:4 [P, t-ms]",-0.00565212175330708,0.908056958726306,1
"PC aa C36:5 [P, t-ms]",-0.0709355487969489,0.146712416084277,1
"PC aa C36:6 [P, t-ms]",-0.0699843547952803,0.152219973352775,1
"PC aa C38:0 [P, t-ms]",-0.100293249316665,0.0399314906520388,1
"PC aa C38:3 [P, t-ms]",-0.141992104579372,0.00354450071572915,1
"PC aa C38:4 [P, t-ms]",0.0143164625864629,0.769873203947633,1
"PC aa C38:5 [P, t-ms]",-0.0127646371271875,0.794224987326333,1
"PC aa C38:6 [P, t-ms]",-0.0596767110198405,0.222293693789222,1
"PC aa C40:1 [P, t-ms]",-0.0977819289144053,0.0452027777264273,1
"PC aa C40:2 [P, t-ms]",-0.0410810488678276,0.401044987577941,1
"PC aa C40:3 [P, t-ms]",-0.0970263317999496,0.0468988233267772,1
"PC aa C40:4 [P, t-ms]",-0.0617301902915838,0.206759415317789,1
"PC aa C40:5 [P, t-ms]",-0.0804450592720565,0.09968370985481,1
"PC aa C40:6 [P, t-ms]",-0.0694761818377579,0.155225927798308,1
"PC aa C42:0 [P, t-ms]",-0.143962160794732,0.00310677219482283,1
"PC aa C42:1 [P, t-ms]",-0.108346985612205,0.0263933269699459,1
"PC aa C42:2 [P, t-ms]",-0.0498068932732179,0.30852228698303,1
"PC aa C42:4 [P, t-ms]",-0.051958457561815,0.288065138238075,1
"PC aa C42:5 [P, t-ms]",-0.0564713028330074,0.248176475760931,1
"PC aa C42:6 [P, t-ms]",-0.0704437914756375,0.149540496453678,1
"PC ae C30:0 [P, t-ms]",-0.123700660934378,0.0111709315785245,1
"PC ae C32:2 [P, t-ms]",-0.10176142546048,0.037097656758421,1
"PC ae C34:1 [P, t-ms]",-0.129902746026542,0.00768548872063099,1
"PC ae C34:3 [P, t-ms]",-0.153001670646936,0.00166205132424293,1
"PC ae C36:1 [P, t-ms]",-0.0854247914499468,0.0803485337533423,1
"PC ae C36:2 [P, t-ms]",-0.135159130479732,0.00552995115602206,1
"PC ae C36:4 [P, t-ms]",-0.0463784238199122,0.343051847186831,1
"PC ae C36:5 [P, t-ms]",-0.0217070024965408,0.657340747399043,1
"PC ae C38:0 [P, t-ms]",-0.0419744161311903,0.390873655084741,1
"PC ae C38:3 [P, t-ms]",-0.149273689641919,0.00216012313648216,1
"PC ae C38:4 [P, t-ms]",-0.0207800971883054,0.671097724495119,1
"PC ae C38:5 [P, t-ms]",-0.0300949759900549,0.538512005343804,1
"PC ae C38:6 [P, t-ms]",-0.0799976622094285,0.101588068959633,1
"PC ae C40:1 [P, t-ms]",-0.0776084486543538,0.112251098542417,1
"PC ae C40:2 [P, t-ms]",-0.09920619465519,0.0421457589472916,1
"PC ae C40:4 [P, t-ms]",-0.0703425967357457,0.15012757239904,1
"PC ae C40:5 [P, t-ms]",-0.0426474707378174,0.383314784243808,1
"PC ae C40:6 [P, t-ms]",-0.0962508441724885,0.0486946682761811,1
"PC ae C42:0 [P, t-ms]",-0.0644313130667745,0.187542689889493,1
"PC ae C42:1 [P, t-ms]",-0.0496899773526809,0.309660696771651,1
"PC ae C42:2 [P, t-ms]",-0.113426961936955,0.0200643928982135,1
"PC ae C42:3 [P, t-ms]",-0.1368297737581,0.00496891869239042,1
"PC ae C42:4 [P, t-ms]",-0.119195412318962,0.0145166330673334,1
"PC ae C42:5 [P, t-ms]",-0.0743655918040302,0.12810768514158,1
"PC ae C44:3 [P, t-ms]",-0.100081044646944,0.0403558428272447,1
"PC ae C44:4 [P, t-ms]",-0.120995627223758,0.0130865523727986,1
"PC ae C44:5 [P, t-ms]",-0.0998705315642112,0.0407805708224223,1
"PC ae C44:6 [P, t-ms]",-0.136672295327088,0.00501952296412894,1
"serine [P, t-ms]",0.0519583525598058,0.288066113824586,1
"SM (OH) C14:1 [P, t-ms]",-0.0556055384098384,0.255514001572113,1
"SM (OH) C16:1 [P, t-ms]",-0.0620619666003132,0.204325128481877,1
"SM (OH) C22:1 [P, t-ms]",-0.0385670483829338,0.430505433292364,1
"SM (OH) C22:2 [P, t-ms]",-0.078243516447523,0.10933450448279,1
"SM (OH) C24:1 [P, t-ms]",-0.0522941099500246,0.284957894695497,1
"SM C16:0 [P, t-ms]",-0.096997864629517,0.0469637509242657,1
"SM C16:1 [P, t-ms]",-0.121010805315348,0.0130750425744446,1
"SM C18:0 [P, t-ms]",-0.0296179103447202,0.544972799380842,1
"SM C18:1 [P, t-ms]",-0.0570638849937174,0.243239698110313,1
"SM C20:2 [P, t-ms]",-0.111671066688485,0.0220840726764133,1
"SM C24:0 [P, t-ms]",-0.0413765696888478,0.397662969654067,1
"SM C24:1 [P, t-ms]",-0.0489112190126923,0.317313923072764,1
"SM C26:1 [P, t-ms]",-0.0641262730370904,0.189644613820229,1
"threonine [P, t-ms]",0.045588142222832,0.351347322339692,1
"valine [P, t-ms]",0.0810774195015667,0.0970405662163741,1
"Lactate [P, chem.]",0.0222484280177354,0.649357821305122,1
