metabolite,platform_name,challenge,time_point,variance_log2fc
12-hete,Metabolon HD4 [nt-ms],Fasting,0,0
12-hete,Metabolon HD4 [nt-ms],Fasting,120,0.243110127757748
12-hete,Metabolon HD4 [nt-ms],Fasting,240,0.184988247794805
12-hete,Metabolon HD4 [nt-ms],Fasting,360,0.364371977493368
12-hete,Metabolon HD4 [nt-ms],Fasting,480,0.438307880824754
12-hete,Metabolon HD4 [nt-ms],Fasting,600,0.615068242517668
12-hete,Metabolon HD4 [nt-ms],Fasting,720,0.79754410392419
12-hete,Metabolon HD4 [nt-ms],Fasting,840,0.820929177366727
12-hete,Metabolon HD4 [nt-ms],Fasting,960,1.01726298943681
12-hete,Metabolon HD4 [nt-ms],Fasting,1920,5.7463395163576
13-hode + 9-hode,Metabolon HD4 [nt-ms],Fasting,0,0
13-hode + 9-hode,Metabolon HD4 [nt-ms],Fasting,120,0.564234011997834
13-hode + 9-hode,Metabolon HD4 [nt-ms],Fasting,240,0.771832077286061
13-hode + 9-hode,Metabolon HD4 [nt-ms],Fasting,360,0.995846617479293
13-hode + 9-hode,Metabolon HD4 [nt-ms],Fasting,480,1.20160782382182
13-hode + 9-hode,Metabolon HD4 [nt-ms],Fasting,600,1.2796347272181
13-hode + 9-hode,Metabolon HD4 [nt-ms],Fasting,720,1.43547088787503
13-hode + 9-hode,Metabolon HD4 [nt-ms],Fasting,840,1.70028633332586
13-hode + 9-hode,Metabolon HD4 [nt-ms],Fasting,960,1.72177425254723
13-hode + 9-hode,Metabolon HD4 [nt-ms],Fasting,1920,7.29004750251693
16-hydroxypalmitate,Metabolon HD4 [nt-ms],Fasting,0,0
16-hydroxypalmitate,Metabolon HD4 [nt-ms],Fasting,120,0.055857987351166
16-hydroxypalmitate,Metabolon HD4 [nt-ms],Fasting,240,0.0776366480342941
16-hydroxypalmitate,Metabolon HD4 [nt-ms],Fasting,360,0.123871275572969
16-hydroxypalmitate,Metabolon HD4 [nt-ms],Fasting,480,0.493060729750415
16-hydroxypalmitate,Metabolon HD4 [nt-ms],Fasting,600,0.633909628490016
16-hydroxypalmitate,Metabolon HD4 [nt-ms],Fasting,720,0.801139894158954
16-hydroxypalmitate,Metabolon HD4 [nt-ms],Fasting,840,1.00568713751468
16-hydroxypalmitate,Metabolon HD4 [nt-ms],Fasting,960,2.30067619481048
16-hydroxypalmitate,Metabolon HD4 [nt-ms],Fasting,1920,3.29497551216603
"2,3-dihydroxyisovalerate",Metabolon HD4 [nt-ms],Fasting,0,0
"2,3-dihydroxyisovalerate",Metabolon HD4 [nt-ms],Fasting,120,0.426959938742007
"2,3-dihydroxyisovalerate",Metabolon HD4 [nt-ms],Fasting,240,0.832466894380753
"2,3-dihydroxyisovalerate",Metabolon HD4 [nt-ms],Fasting,360,1.25969926861611
"2,3-dihydroxyisovalerate",Metabolon HD4 [nt-ms],Fasting,480,2.3928693019741
"2,3-dihydroxyisovalerate",Metabolon HD4 [nt-ms],Fasting,600,1.60596863671871
"2,3-dihydroxyisovalerate",Metabolon HD4 [nt-ms],Fasting,720,4.05091393048317
"2,3-dihydroxyisovalerate",Metabolon HD4 [nt-ms],Fasting,840,2.46265026599771
"2,3-dihydroxyisovalerate",Metabolon HD4 [nt-ms],Fasting,960,2.44327542636915
"2,3-dihydroxyisovalerate",Metabolon HD4 [nt-ms],Fasting,1920,2.44035967507325
2-aminobutyrate,Metabolon HD4 [nt-ms],Fasting,0,0
2-aminobutyrate,Metabolon HD4 [nt-ms],Fasting,120,0.0308793596550028
2-aminobutyrate,Metabolon HD4 [nt-ms],Fasting,240,0.0590259670568999
2-aminobutyrate,Metabolon HD4 [nt-ms],Fasting,360,0.0964873879726187
2-aminobutyrate,Metabolon HD4 [nt-ms],Fasting,480,0.0771224842082246
2-aminobutyrate,Metabolon HD4 [nt-ms],Fasting,600,0.149249640687457
2-aminobutyrate,Metabolon HD4 [nt-ms],Fasting,720,0.21252192945983
2-aminobutyrate,Metabolon HD4 [nt-ms],Fasting,840,0.332357724596957
2-aminobutyrate,Metabolon HD4 [nt-ms],Fasting,960,0.499121441292154
2-aminobutyrate,Metabolon HD4 [nt-ms],Fasting,1920,0.844604095513772
2-aminophenol sulfate,Metabolon HD4 [nt-ms],Fasting,0,0
2-aminophenol sulfate,Metabolon HD4 [nt-ms],Fasting,120,0.43104270953342
2-aminophenol sulfate,Metabolon HD4 [nt-ms],Fasting,240,1.01321465889211
2-aminophenol sulfate,Metabolon HD4 [nt-ms],Fasting,360,1.46104965596058
2-aminophenol sulfate,Metabolon HD4 [nt-ms],Fasting,480,2.16845636107238
2-aminophenol sulfate,Metabolon HD4 [nt-ms],Fasting,600,2.63476864011903
2-aminophenol sulfate,Metabolon HD4 [nt-ms],Fasting,720,2.9172692965777
2-aminophenol sulfate,Metabolon HD4 [nt-ms],Fasting,840,3.15889506040409
2-aminophenol sulfate,Metabolon HD4 [nt-ms],Fasting,960,3.28280670314951
2-aminophenol sulfate,Metabolon HD4 [nt-ms],Fasting,1920,3.56874546843798
2-hydroxy-3-methylvalerate,Metabolon HD4 [nt-ms],Fasting,0,0
2-hydroxy-3-methylvalerate,Metabolon HD4 [nt-ms],Fasting,120,0.0726328978152263
2-hydroxy-3-methylvalerate,Metabolon HD4 [nt-ms],Fasting,240,0.186551859028913
2-hydroxy-3-methylvalerate,Metabolon HD4 [nt-ms],Fasting,360,0.208050435027277
2-hydroxy-3-methylvalerate,Metabolon HD4 [nt-ms],Fasting,480,0.247743450624393
2-hydroxy-3-methylvalerate,Metabolon HD4 [nt-ms],Fasting,600,0.162234938501086
2-hydroxy-3-methylvalerate,Metabolon HD4 [nt-ms],Fasting,720,0.255383991009306
2-hydroxy-3-methylvalerate,Metabolon HD4 [nt-ms],Fasting,840,0.330900132487955
2-hydroxy-3-methylvalerate,Metabolon HD4 [nt-ms],Fasting,960,0.541321346603534
2-hydroxy-3-methylvalerate,Metabolon HD4 [nt-ms],Fasting,1920,1.84126636954948
2-hydroxybutyrate/2-hydroxyisobutyrate,Metabolon HD4 [nt-ms],Fasting,0,0
2-hydroxybutyrate/2-hydroxyisobutyrate,Metabolon HD4 [nt-ms],Fasting,120,0.0268082944908254
2-hydroxybutyrate/2-hydroxyisobutyrate,Metabolon HD4 [nt-ms],Fasting,240,0.0451442337394466
2-hydroxybutyrate/2-hydroxyisobutyrate,Metabolon HD4 [nt-ms],Fasting,360,0.107487098660751
2-hydroxybutyrate/2-hydroxyisobutyrate,Metabolon HD4 [nt-ms],Fasting,480,0.163401655702627
2-hydroxybutyrate/2-hydroxyisobutyrate,Metabolon HD4 [nt-ms],Fasting,600,0.255892194174355
2-hydroxybutyrate/2-hydroxyisobutyrate,Metabolon HD4 [nt-ms],Fasting,720,0.32921432811709
2-hydroxybutyrate/2-hydroxyisobutyrate,Metabolon HD4 [nt-ms],Fasting,840,0.486536316632836
2-hydroxybutyrate/2-hydroxyisobutyrate,Metabolon HD4 [nt-ms],Fasting,960,0.866760402399086
2-hydroxybutyrate/2-hydroxyisobutyrate,Metabolon HD4 [nt-ms],Fasting,1920,2.8988272883868
3-aminoisobutyrate,Metabolon HD4 [nt-ms],Fasting,0,0
3-aminoisobutyrate,Metabolon HD4 [nt-ms],Fasting,120,0.0939389347503541
3-aminoisobutyrate,Metabolon HD4 [nt-ms],Fasting,240,0.63984661396304
3-aminoisobutyrate,Metabolon HD4 [nt-ms],Fasting,360,0.877934692931082
3-aminoisobutyrate,Metabolon HD4 [nt-ms],Fasting,480,0.7317036497972
3-aminoisobutyrate,Metabolon HD4 [nt-ms],Fasting,600,0.666267271387073
3-aminoisobutyrate,Metabolon HD4 [nt-ms],Fasting,720,0.777304757320193
3-aminoisobutyrate,Metabolon HD4 [nt-ms],Fasting,840,0.841605382632797
3-aminoisobutyrate,Metabolon HD4 [nt-ms],Fasting,960,1.0259713735887
3-aminoisobutyrate,Metabolon HD4 [nt-ms],Fasting,1920,1.26248006633739
3-hydroxybutyrate (bhba),Metabolon HD4 [nt-ms],Fasting,0,0
3-hydroxybutyrate (bhba),Metabolon HD4 [nt-ms],Fasting,120,0.00559405707202854
3-hydroxybutyrate (bhba),Metabolon HD4 [nt-ms],Fasting,240,0.0164245402014311
3-hydroxybutyrate (bhba),Metabolon HD4 [nt-ms],Fasting,360,0.0325063421672625
3-hydroxybutyrate (bhba),Metabolon HD4 [nt-ms],Fasting,480,0.112716965442633
3-hydroxybutyrate (bhba),Metabolon HD4 [nt-ms],Fasting,600,0.199900423840562
3-hydroxybutyrate (bhba),Metabolon HD4 [nt-ms],Fasting,720,0.362262529479158
3-hydroxybutyrate (bhba),Metabolon HD4 [nt-ms],Fasting,840,0.552686001222463
3-hydroxybutyrate (bhba),Metabolon HD4 [nt-ms],Fasting,960,1.55795207720315
3-hydroxybutyrate (bhba),Metabolon HD4 [nt-ms],Fasting,1920,3.79218079212904
3-hydroxybutyrylcarnitine (1),Metabolon HD4 [nt-ms],Fasting,0,0
3-hydroxybutyrylcarnitine (1),Metabolon HD4 [nt-ms],Fasting,120,0.00141778724713862
3-hydroxybutyrylcarnitine (1),Metabolon HD4 [nt-ms],Fasting,240,0.00848371663623076
3-hydroxybutyrylcarnitine (1),Metabolon HD4 [nt-ms],Fasting,360,0.0233664220751188
3-hydroxybutyrylcarnitine (1),Metabolon HD4 [nt-ms],Fasting,480,0.0277670800429751
3-hydroxybutyrylcarnitine (1),Metabolon HD4 [nt-ms],Fasting,600,0.0777244152977275
3-hydroxybutyrylcarnitine (1),Metabolon HD4 [nt-ms],Fasting,720,0.193474522613256
3-hydroxybutyrylcarnitine (1),Metabolon HD4 [nt-ms],Fasting,840,0.45449087460361
3-hydroxybutyrylcarnitine (1),Metabolon HD4 [nt-ms],Fasting,960,0.64969190658993
3-hydroxybutyrylcarnitine (1),Metabolon HD4 [nt-ms],Fasting,1920,4.87990511648259
3-hydroxybutyrylcarnitine (2),Metabolon HD4 [nt-ms],Fasting,0,0
3-hydroxybutyrylcarnitine (2),Metabolon HD4 [nt-ms],Fasting,120,0.0195488596464398
3-hydroxybutyrylcarnitine (2),Metabolon HD4 [nt-ms],Fasting,240,0.0613604966121413
3-hydroxybutyrylcarnitine (2),Metabolon HD4 [nt-ms],Fasting,360,0.166604731567096
3-hydroxybutyrylcarnitine (2),Metabolon HD4 [nt-ms],Fasting,480,0.14122336115954
3-hydroxybutyrylcarnitine (2),Metabolon HD4 [nt-ms],Fasting,600,0.254387270672608
3-hydroxybutyrylcarnitine (2),Metabolon HD4 [nt-ms],Fasting,720,0.45123684370176
3-hydroxybutyrylcarnitine (2),Metabolon HD4 [nt-ms],Fasting,840,0.722302158364844
3-hydroxybutyrylcarnitine (2),Metabolon HD4 [nt-ms],Fasting,960,1.21047651133053
3-hydroxybutyrylcarnitine (2),Metabolon HD4 [nt-ms],Fasting,1920,5.06436069525689
3-hydroxyhippurate,Metabolon HD4 [nt-ms],Fasting,0,0
3-hydroxyhippurate,Metabolon HD4 [nt-ms],Fasting,120,0.924146116414702
3-hydroxyhippurate,Metabolon HD4 [nt-ms],Fasting,240,3.60629785229364
3-hydroxyhippurate,Metabolon HD4 [nt-ms],Fasting,360,5.87984970026563
3-hydroxyhippurate,Metabolon HD4 [nt-ms],Fasting,480,7.1336553864839
3-hydroxyhippurate,Metabolon HD4 [nt-ms],Fasting,600,7.78867373355187
3-hydroxyhippurate,Metabolon HD4 [nt-ms],Fasting,720,8.33921977184142
3-hydroxyhippurate,Metabolon HD4 [nt-ms],Fasting,840,8.66429858786175
3-hydroxyhippurate,Metabolon HD4 [nt-ms],Fasting,960,8.88110970661052
3-hydroxyhippurate,Metabolon HD4 [nt-ms],Fasting,1920,9.84570152407262
3-hydroxyisobutyrate,Metabolon HD4 [nt-ms],Fasting,0,0
3-hydroxyisobutyrate,Metabolon HD4 [nt-ms],Fasting,120,0.0392148667576198
3-hydroxyisobutyrate,Metabolon HD4 [nt-ms],Fasting,240,0.0655680333279897
3-hydroxyisobutyrate,Metabolon HD4 [nt-ms],Fasting,360,0.179577146303472
3-hydroxyisobutyrate,Metabolon HD4 [nt-ms],Fasting,480,0.435045210617758
3-hydroxyisobutyrate,Metabolon HD4 [nt-ms],Fasting,600,0.468906101959406
3-hydroxyisobutyrate,Metabolon HD4 [nt-ms],Fasting,720,0.828395528149389
3-hydroxyisobutyrate,Metabolon HD4 [nt-ms],Fasting,840,1.22548661826902
3-hydroxyisobutyrate,Metabolon HD4 [nt-ms],Fasting,960,1.9726716147862
3-hydroxyisobutyrate,Metabolon HD4 [nt-ms],Fasting,1920,4.98338904895926
3-methyl-2-oxovalerate,Metabolon HD4 [nt-ms],Fasting,0,0
3-methyl-2-oxovalerate,Metabolon HD4 [nt-ms],Fasting,120,0.190503993658723
3-methyl-2-oxovalerate,Metabolon HD4 [nt-ms],Fasting,240,0.217304023541265
3-methyl-2-oxovalerate,Metabolon HD4 [nt-ms],Fasting,360,0.271432028623959
3-methyl-2-oxovalerate,Metabolon HD4 [nt-ms],Fasting,480,0.545354899902068
3-methyl-2-oxovalerate,Metabolon HD4 [nt-ms],Fasting,600,0.609972595279719
3-methyl-2-oxovalerate,Metabolon HD4 [nt-ms],Fasting,720,0.577198252982223
3-methyl-2-oxovalerate,Metabolon HD4 [nt-ms],Fasting,840,0.776549585477163
3-methyl-2-oxovalerate,Metabolon HD4 [nt-ms],Fasting,960,0.768733242380282
3-methyl-2-oxovalerate,Metabolon HD4 [nt-ms],Fasting,1920,1.62656243360424
3-methylhistidine,Metabolon HD4 [nt-ms],Fasting,0,0
3-methylhistidine,Metabolon HD4 [nt-ms],Fasting,120,0.056649729840261
3-methylhistidine,Metabolon HD4 [nt-ms],Fasting,240,0.588006487266933
3-methylhistidine,Metabolon HD4 [nt-ms],Fasting,360,0.691618447610623
3-methylhistidine,Metabolon HD4 [nt-ms],Fasting,480,0.267518737482894
3-methylhistidine,Metabolon HD4 [nt-ms],Fasting,600,0.267941363039859
3-methylhistidine,Metabolon HD4 [nt-ms],Fasting,720,0.219214307453115
3-methylhistidine,Metabolon HD4 [nt-ms],Fasting,840,0.399434833689648
3-methylhistidine,Metabolon HD4 [nt-ms],Fasting,960,0.392511456621876
3-methylhistidine,Metabolon HD4 [nt-ms],Fasting,1920,0.512807097548092
4-methyl-2-oxopentanoate,Metabolon HD4 [nt-ms],Fasting,0,0
4-methyl-2-oxopentanoate,Metabolon HD4 [nt-ms],Fasting,120,0.128018678138405
4-methyl-2-oxopentanoate,Metabolon HD4 [nt-ms],Fasting,240,0.245802106121278
4-methyl-2-oxopentanoate,Metabolon HD4 [nt-ms],Fasting,360,0.297522735956549
4-methyl-2-oxopentanoate,Metabolon HD4 [nt-ms],Fasting,480,0.801821069329954
4-methyl-2-oxopentanoate,Metabolon HD4 [nt-ms],Fasting,600,0.917806655377905
4-methyl-2-oxopentanoate,Metabolon HD4 [nt-ms],Fasting,720,0.72038165557376
4-methyl-2-oxopentanoate,Metabolon HD4 [nt-ms],Fasting,840,0.869951828355242
4-methyl-2-oxopentanoate,Metabolon HD4 [nt-ms],Fasting,960,1.05968300710692
4-methyl-2-oxopentanoate,Metabolon HD4 [nt-ms],Fasting,1920,1.67701170321503
4-vinylphenol sulfate,Metabolon HD4 [nt-ms],Fasting,0,0
4-vinylphenol sulfate,Metabolon HD4 [nt-ms],Fasting,120,0.0257347627752356
4-vinylphenol sulfate,Metabolon HD4 [nt-ms],Fasting,240,0.170568261298345
4-vinylphenol sulfate,Metabolon HD4 [nt-ms],Fasting,360,0.413000362865114
4-vinylphenol sulfate,Metabolon HD4 [nt-ms],Fasting,480,0.316734779658596
4-vinylphenol sulfate,Metabolon HD4 [nt-ms],Fasting,600,0.624576081466629
4-vinylphenol sulfate,Metabolon HD4 [nt-ms],Fasting,720,0.808455750167269
4-vinylphenol sulfate,Metabolon HD4 [nt-ms],Fasting,840,1.01644112992107
4-vinylphenol sulfate,Metabolon HD4 [nt-ms],Fasting,960,1.14988410165795
4-vinylphenol sulfate,Metabolon HD4 [nt-ms],Fasting,1920,1.73676305788007
5-acetylamino-6-amino-3-methyluracil,Metabolon HD4 [nt-ms],Fasting,0,0
5-acetylamino-6-amino-3-methyluracil,Metabolon HD4 [nt-ms],Fasting,120,0.143992099664739
5-acetylamino-6-amino-3-methyluracil,Metabolon HD4 [nt-ms],Fasting,240,6.06593304722042
5-acetylamino-6-amino-3-methyluracil,Metabolon HD4 [nt-ms],Fasting,360,6.11024180158845
5-acetylamino-6-amino-3-methyluracil,Metabolon HD4 [nt-ms],Fasting,480,1.97691052326377
5-acetylamino-6-amino-3-methyluracil,Metabolon HD4 [nt-ms],Fasting,600,2.89799919162989
5-acetylamino-6-amino-3-methyluracil,Metabolon HD4 [nt-ms],Fasting,720,2.91821218787485
5-acetylamino-6-amino-3-methyluracil,Metabolon HD4 [nt-ms],Fasting,840,3.21490792966828
5-acetylamino-6-amino-3-methyluracil,Metabolon HD4 [nt-ms],Fasting,960,3.99722148298414
5-acetylamino-6-amino-3-methyluracil,Metabolon HD4 [nt-ms],Fasting,1920,5.53710332421961
5-dodecenoate (12:1n7),Metabolon HD4 [nt-ms],Fasting,0,0
5-dodecenoate (12:1n7),Metabolon HD4 [nt-ms],Fasting,120,0.122895064132299
5-dodecenoate (12:1n7),Metabolon HD4 [nt-ms],Fasting,240,0.431741326905749
5-dodecenoate (12:1n7),Metabolon HD4 [nt-ms],Fasting,360,0.445808960086298
5-dodecenoate (12:1n7),Metabolon HD4 [nt-ms],Fasting,480,0.487453405313669
5-dodecenoate (12:1n7),Metabolon HD4 [nt-ms],Fasting,600,0.901334666775586
5-dodecenoate (12:1n7),Metabolon HD4 [nt-ms],Fasting,720,1.0272889905447
5-dodecenoate (12:1n7),Metabolon HD4 [nt-ms],Fasting,840,1.12889136180207
5-dodecenoate (12:1n7),Metabolon HD4 [nt-ms],Fasting,960,0.998815019633509
5-dodecenoate (12:1n7),Metabolon HD4 [nt-ms],Fasting,1920,5.70563460004265
acetoacetate,Metabolon HD4 [nt-ms],Fasting,0,0
acetoacetate,Metabolon HD4 [nt-ms],Fasting,120,0.0182681199360915
acetoacetate,Metabolon HD4 [nt-ms],Fasting,240,0.0197072180375623
acetoacetate,Metabolon HD4 [nt-ms],Fasting,360,0.062395001492976
acetoacetate,Metabolon HD4 [nt-ms],Fasting,480,0.197641164228549
acetoacetate,Metabolon HD4 [nt-ms],Fasting,600,0.200473184945649
acetoacetate,Metabolon HD4 [nt-ms],Fasting,720,0.354224980154183
acetoacetate,Metabolon HD4 [nt-ms],Fasting,840,0.996372436380346
acetoacetate,Metabolon HD4 [nt-ms],Fasting,960,2.61001775019615
acetoacetate,Metabolon HD4 [nt-ms],Fasting,1920,2.34552935795955
acetylcarnitine,Metabolon HD4 [nt-ms],Fasting,0,0
acetylcarnitine,Metabolon HD4 [nt-ms],Fasting,120,0.0576771096054701
acetylcarnitine,Metabolon HD4 [nt-ms],Fasting,240,0.1347946287647
acetylcarnitine,Metabolon HD4 [nt-ms],Fasting,360,0.283898599993524
acetylcarnitine,Metabolon HD4 [nt-ms],Fasting,480,0.251105952149056
acetylcarnitine,Metabolon HD4 [nt-ms],Fasting,600,0.370526735166805
acetylcarnitine,Metabolon HD4 [nt-ms],Fasting,720,0.422940070215109
acetylcarnitine,Metabolon HD4 [nt-ms],Fasting,840,0.54813855270026
acetylcarnitine,Metabolon HD4 [nt-ms],Fasting,960,0.817217561077418
acetylcarnitine,Metabolon HD4 [nt-ms],Fasting,1920,1.59671686910527
adipoylcarnitine,Metabolon HD4 [nt-ms],Fasting,0,0
adipoylcarnitine,Metabolon HD4 [nt-ms],Fasting,120,0.0120409836020166
adipoylcarnitine,Metabolon HD4 [nt-ms],Fasting,240,0.010348465249947
adipoylcarnitine,Metabolon HD4 [nt-ms],Fasting,360,0.0210818790751156
adipoylcarnitine,Metabolon HD4 [nt-ms],Fasting,480,0.0264486559480528
adipoylcarnitine,Metabolon HD4 [nt-ms],Fasting,600,0.122621677292489
adipoylcarnitine,Metabolon HD4 [nt-ms],Fasting,720,0.22534608039366
adipoylcarnitine,Metabolon HD4 [nt-ms],Fasting,840,0.939126633761749
adipoylcarnitine,Metabolon HD4 [nt-ms],Fasting,960,1.70711805567278
adipoylcarnitine,Metabolon HD4 [nt-ms],Fasting,1920,6.46734076901202
alliin,Metabolon HD4 [nt-ms],Fasting,0,0
alliin,Metabolon HD4 [nt-ms],Fasting,120,0.0525379836094595
alliin,Metabolon HD4 [nt-ms],Fasting,240,0.0568591095005238
alliin,Metabolon HD4 [nt-ms],Fasting,360,0.0789877095957019
alliin,Metabolon HD4 [nt-ms],Fasting,480,0.126451968829879
alliin,Metabolon HD4 [nt-ms],Fasting,600,0.176062619765294
alliin,Metabolon HD4 [nt-ms],Fasting,720,0.122587541997761
alliin,Metabolon HD4 [nt-ms],Fasting,840,0.267206499035794
alliin,Metabolon HD4 [nt-ms],Fasting,960,0.321753566712183
alliin,Metabolon HD4 [nt-ms],Fasting,1920,0.474296058780616
alpha-hydroxyisocaproate,Metabolon HD4 [nt-ms],Fasting,0,0
alpha-hydroxyisocaproate,Metabolon HD4 [nt-ms],Fasting,120,0.301882971267424
alpha-hydroxyisocaproate,Metabolon HD4 [nt-ms],Fasting,240,0.29920886357716
alpha-hydroxyisocaproate,Metabolon HD4 [nt-ms],Fasting,360,0.288537400624394
alpha-hydroxyisocaproate,Metabolon HD4 [nt-ms],Fasting,480,0.453178973399011
alpha-hydroxyisocaproate,Metabolon HD4 [nt-ms],Fasting,600,0.430964184784663
alpha-hydroxyisocaproate,Metabolon HD4 [nt-ms],Fasting,720,0.486960794810196
alpha-hydroxyisocaproate,Metabolon HD4 [nt-ms],Fasting,840,0.710751374023586
alpha-hydroxyisocaproate,Metabolon HD4 [nt-ms],Fasting,960,0.712011906893131
alpha-hydroxyisocaproate,Metabolon HD4 [nt-ms],Fasting,1920,2.08533509317176
alpha-ketobutyrate,Metabolon HD4 [nt-ms],Fasting,0,0
alpha-ketobutyrate,Metabolon HD4 [nt-ms],Fasting,120,0.419697725969503
alpha-ketobutyrate,Metabolon HD4 [nt-ms],Fasting,240,0.298924720998433
alpha-ketobutyrate,Metabolon HD4 [nt-ms],Fasting,360,0.367834449488258
alpha-ketobutyrate,Metabolon HD4 [nt-ms],Fasting,480,0.242137791680192
alpha-ketobutyrate,Metabolon HD4 [nt-ms],Fasting,600,0.386184324417466
alpha-ketobutyrate,Metabolon HD4 [nt-ms],Fasting,720,0.371288961820043
alpha-ketobutyrate,Metabolon HD4 [nt-ms],Fasting,840,1.28740878297925
alpha-ketobutyrate,Metabolon HD4 [nt-ms],Fasting,960,0.912923889907209
alpha-ketobutyrate,Metabolon HD4 [nt-ms],Fasting,1920,2.24383218914296
catechol sulfate,Metabolon HD4 [nt-ms],Fasting,0,0
catechol sulfate,Metabolon HD4 [nt-ms],Fasting,120,0.222206186613563
catechol sulfate,Metabolon HD4 [nt-ms],Fasting,240,0.62498682682101
catechol sulfate,Metabolon HD4 [nt-ms],Fasting,360,0.951507293945653
catechol sulfate,Metabolon HD4 [nt-ms],Fasting,480,1.18353322235102
catechol sulfate,Metabolon HD4 [nt-ms],Fasting,600,1.39294075921649
catechol sulfate,Metabolon HD4 [nt-ms],Fasting,720,1.593212137481
catechol sulfate,Metabolon HD4 [nt-ms],Fasting,840,1.67341323511259
catechol sulfate,Metabolon HD4 [nt-ms],Fasting,960,1.74656613742461
catechol sulfate,Metabolon HD4 [nt-ms],Fasting,1920,1.90149609271436
cortisone,Metabolon HD4 [nt-ms],Fasting,0,0
cortisone,Metabolon HD4 [nt-ms],Fasting,120,0.839021814403884
cortisone,Metabolon HD4 [nt-ms],Fasting,240,1.60225624235361
cortisone,Metabolon HD4 [nt-ms],Fasting,360,1.91767039018408
cortisone,Metabolon HD4 [nt-ms],Fasting,480,1.36604572601938
cortisone,Metabolon HD4 [nt-ms],Fasting,600,1.30300603620882
cortisone,Metabolon HD4 [nt-ms],Fasting,720,2.65058929577074
cortisone,Metabolon HD4 [nt-ms],Fasting,840,3.2150989771416
cortisone,Metabolon HD4 [nt-ms],Fasting,960,2.60539883257987
cortisone,Metabolon HD4 [nt-ms],Fasting,1920,0.5866554423831
gamma-glutamyl-2-aminobutyrate,Metabolon HD4 [nt-ms],Fasting,0,0
gamma-glutamyl-2-aminobutyrate,Metabolon HD4 [nt-ms],Fasting,120,0.0675650952711149
gamma-glutamyl-2-aminobutyrate,Metabolon HD4 [nt-ms],Fasting,240,0.861949544875616
gamma-glutamyl-2-aminobutyrate,Metabolon HD4 [nt-ms],Fasting,360,0.325910492351296
gamma-glutamyl-2-aminobutyrate,Metabolon HD4 [nt-ms],Fasting,480,0.240633990847161
gamma-glutamyl-2-aminobutyrate,Metabolon HD4 [nt-ms],Fasting,600,0.370216898956078
gamma-glutamyl-2-aminobutyrate,Metabolon HD4 [nt-ms],Fasting,720,0.819936700644112
gamma-glutamyl-2-aminobutyrate,Metabolon HD4 [nt-ms],Fasting,840,0.501431054953418
gamma-glutamyl-2-aminobutyrate,Metabolon HD4 [nt-ms],Fasting,960,0.33082257864509
gamma-glutamyl-2-aminobutyrate,Metabolon HD4 [nt-ms],Fasting,1920,1.45285011135543
glycerol,Metabolon HD4 [nt-ms],Fasting,0,0
glycerol,Metabolon HD4 [nt-ms],Fasting,120,0.174261906359631
glycerol,Metabolon HD4 [nt-ms],Fasting,240,0.66785591791647
glycerol,Metabolon HD4 [nt-ms],Fasting,360,0.260047045970599
glycerol,Metabolon HD4 [nt-ms],Fasting,480,0.463519515275397
glycerol,Metabolon HD4 [nt-ms],Fasting,600,0.451772811160872
glycerol,Metabolon HD4 [nt-ms],Fasting,720,0.661063326562336
glycerol,Metabolon HD4 [nt-ms],Fasting,840,0.920407217981266
glycerol,Metabolon HD4 [nt-ms],Fasting,960,0.593464351387076
glycerol,Metabolon HD4 [nt-ms],Fasting,1920,6.83053535660253
hexadecanedioate,Metabolon HD4 [nt-ms],Fasting,0,0
hexadecanedioate,Metabolon HD4 [nt-ms],Fasting,120,0.00538225247176749
hexadecanedioate,Metabolon HD4 [nt-ms],Fasting,240,0.0150300521044254
hexadecanedioate,Metabolon HD4 [nt-ms],Fasting,360,0.0184605048428614
hexadecanedioate,Metabolon HD4 [nt-ms],Fasting,480,0.0921238049106072
hexadecanedioate,Metabolon HD4 [nt-ms],Fasting,600,0.475863969525797
hexadecanedioate,Metabolon HD4 [nt-ms],Fasting,720,1.51104589622578
hexadecanedioate,Metabolon HD4 [nt-ms],Fasting,840,3.06920722541931
hexadecanedioate,Metabolon HD4 [nt-ms],Fasting,960,9.88342907012181
hexadecanedioate,Metabolon HD4 [nt-ms],Fasting,1920,1.93843167505604
hexanoylcarnitine,Metabolon HD4 [nt-ms],Fasting,0,0
hexanoylcarnitine,Metabolon HD4 [nt-ms],Fasting,120,0.288261327623254
hexanoylcarnitine,Metabolon HD4 [nt-ms],Fasting,240,0.329473645012586
hexanoylcarnitine,Metabolon HD4 [nt-ms],Fasting,360,0.359013376435212
hexanoylcarnitine,Metabolon HD4 [nt-ms],Fasting,480,0.363891874093616
hexanoylcarnitine,Metabolon HD4 [nt-ms],Fasting,600,0.955906534784743
hexanoylcarnitine,Metabolon HD4 [nt-ms],Fasting,720,0.848498035962928
hexanoylcarnitine,Metabolon HD4 [nt-ms],Fasting,840,0.892202211802173
hexanoylcarnitine,Metabolon HD4 [nt-ms],Fasting,960,1.45676715305875
hexanoylcarnitine,Metabolon HD4 [nt-ms],Fasting,1920,2.08527213715503
hippurate,Metabolon HD4 [nt-ms],Fasting,0,0
hippurate,Metabolon HD4 [nt-ms],Fasting,120,0.513033804923249
hippurate,Metabolon HD4 [nt-ms],Fasting,240,1.05571235711137
hippurate,Metabolon HD4 [nt-ms],Fasting,360,1.35211622560707
hippurate,Metabolon HD4 [nt-ms],Fasting,480,1.77390242784839
hippurate,Metabolon HD4 [nt-ms],Fasting,600,1.97431750309452
hippurate,Metabolon HD4 [nt-ms],Fasting,720,2.09581042100275
hippurate,Metabolon HD4 [nt-ms],Fasting,840,2.21748755378019
hippurate,Metabolon HD4 [nt-ms],Fasting,960,2.30249162803799
hippurate,Metabolon HD4 [nt-ms],Fasting,1920,2.1193384946383
hydantoin-5-propionic acid,Metabolon HD4 [nt-ms],Fasting,0,0
hydantoin-5-propionic acid,Metabolon HD4 [nt-ms],Fasting,120,0.235600190896323
hydantoin-5-propionic acid,Metabolon HD4 [nt-ms],Fasting,240,0.0741990333531604
hydantoin-5-propionic acid,Metabolon HD4 [nt-ms],Fasting,360,0.100444676898449
hydantoin-5-propionic acid,Metabolon HD4 [nt-ms],Fasting,480,0.148590140627909
hydantoin-5-propionic acid,Metabolon HD4 [nt-ms],Fasting,600,0.113937027172
hydantoin-5-propionic acid,Metabolon HD4 [nt-ms],Fasting,720,0.182082101402522
hydantoin-5-propionic acid,Metabolon HD4 [nt-ms],Fasting,840,0.204129589649653
hydantoin-5-propionic acid,Metabolon HD4 [nt-ms],Fasting,960,0.414246902958224
hydantoin-5-propionic acid,Metabolon HD4 [nt-ms],Fasting,1920,1.77464556547379
indolepropionate,Metabolon HD4 [nt-ms],Fasting,0,0
indolepropionate,Metabolon HD4 [nt-ms],Fasting,120,0.0783138828389498
indolepropionate,Metabolon HD4 [nt-ms],Fasting,240,0.265393382550282
indolepropionate,Metabolon HD4 [nt-ms],Fasting,360,0.611440239634487
indolepropionate,Metabolon HD4 [nt-ms],Fasting,480,1.0532820659929
indolepropionate,Metabolon HD4 [nt-ms],Fasting,600,1.44655764213886
indolepropionate,Metabolon HD4 [nt-ms],Fasting,720,2.01251771455122
indolepropionate,Metabolon HD4 [nt-ms],Fasting,840,2.32336507219401
indolepropionate,Metabolon HD4 [nt-ms],Fasting,960,2.64494756777947
indolepropionate,Metabolon HD4 [nt-ms],Fasting,1920,3.37608554298822
isoleucine,Metabolon HD4 [nt-ms],Fasting,0,0
isoleucine,Metabolon HD4 [nt-ms],Fasting,120,0.0474517262538023
isoleucine,Metabolon HD4 [nt-ms],Fasting,240,0.139884223253676
isoleucine,Metabolon HD4 [nt-ms],Fasting,360,0.216593425617083
isoleucine,Metabolon HD4 [nt-ms],Fasting,480,0.207075404052799
isoleucine,Metabolon HD4 [nt-ms],Fasting,600,0.280907062567645
isoleucine,Metabolon HD4 [nt-ms],Fasting,720,0.299808081949544
isoleucine,Metabolon HD4 [nt-ms],Fasting,840,0.578063313745781
isoleucine,Metabolon HD4 [nt-ms],Fasting,960,0.626822724401107
isoleucine,Metabolon HD4 [nt-ms],Fasting,1920,2.40888083111258
laurate (12:0),Metabolon HD4 [nt-ms],Fasting,0,0
laurate (12:0),Metabolon HD4 [nt-ms],Fasting,120,0.111459314034281
laurate (12:0),Metabolon HD4 [nt-ms],Fasting,240,0.301926515908549
laurate (12:0),Metabolon HD4 [nt-ms],Fasting,360,0.256642602845446
laurate (12:0),Metabolon HD4 [nt-ms],Fasting,480,0.559879950730801
laurate (12:0),Metabolon HD4 [nt-ms],Fasting,600,1.06856255932216
laurate (12:0),Metabolon HD4 [nt-ms],Fasting,720,0.70111037786076
laurate (12:0),Metabolon HD4 [nt-ms],Fasting,840,1.39426927135573
laurate (12:0),Metabolon HD4 [nt-ms],Fasting,960,0.772465703145429
laurate (12:0),Metabolon HD4 [nt-ms],Fasting,1920,6.18313812150145
leucine,Metabolon HD4 [nt-ms],Fasting,0,0
leucine,Metabolon HD4 [nt-ms],Fasting,120,0.0494137565055536
leucine,Metabolon HD4 [nt-ms],Fasting,240,0.152391939739238
leucine,Metabolon HD4 [nt-ms],Fasting,360,0.178029617012752
leucine,Metabolon HD4 [nt-ms],Fasting,480,0.244328758226346
leucine,Metabolon HD4 [nt-ms],Fasting,600,0.195172547394018
leucine,Metabolon HD4 [nt-ms],Fasting,720,0.272074555722409
leucine,Metabolon HD4 [nt-ms],Fasting,840,0.476677503410277
leucine,Metabolon HD4 [nt-ms],Fasting,960,0.635322404096317
leucine,Metabolon HD4 [nt-ms],Fasting,1920,2.2554057290515
mannitol/sorbitol,Metabolon HD4 [nt-ms],Fasting,0,0
mannitol/sorbitol,Metabolon HD4 [nt-ms],Fasting,120,1.00374690138515
mannitol/sorbitol,Metabolon HD4 [nt-ms],Fasting,240,2.89416799026918
mannitol/sorbitol,Metabolon HD4 [nt-ms],Fasting,360,4.38987439149332
mannitol/sorbitol,Metabolon HD4 [nt-ms],Fasting,480,4.66943689417507
mannitol/sorbitol,Metabolon HD4 [nt-ms],Fasting,600,5.64421158705128
mannitol/sorbitol,Metabolon HD4 [nt-ms],Fasting,720,6.22803909350543
mannitol/sorbitol,Metabolon HD4 [nt-ms],Fasting,840,6.65159203148563
mannitol/sorbitol,Metabolon HD4 [nt-ms],Fasting,960,6.3778923212222
mannitol/sorbitol,Metabolon HD4 [nt-ms],Fasting,1920,6.66647544451042
myristoleoylcarnitine,Metabolon HD4 [nt-ms],Fasting,0,0
myristoleoylcarnitine,Metabolon HD4 [nt-ms],Fasting,120,0.106417488570262
myristoleoylcarnitine,Metabolon HD4 [nt-ms],Fasting,240,0.111897177924861
myristoleoylcarnitine,Metabolon HD4 [nt-ms],Fasting,360,0.155412415880681
myristoleoylcarnitine,Metabolon HD4 [nt-ms],Fasting,480,0.209996580228263
myristoleoylcarnitine,Metabolon HD4 [nt-ms],Fasting,600,0.925329933701963
myristoleoylcarnitine,Metabolon HD4 [nt-ms],Fasting,720,1.53140907381757
myristoleoylcarnitine,Metabolon HD4 [nt-ms],Fasting,840,1.39824940279252
myristoleoylcarnitine,Metabolon HD4 [nt-ms],Fasting,960,2.91043456895852
myristoleoylcarnitine,Metabolon HD4 [nt-ms],Fasting,1920,3.80559751839093
n-acetylalliin,Metabolon HD4 [nt-ms],Fasting,0,0
n-acetylalliin,Metabolon HD4 [nt-ms],Fasting,120,0.168175892214678
n-acetylalliin,Metabolon HD4 [nt-ms],Fasting,240,0.41469262429963
n-acetylalliin,Metabolon HD4 [nt-ms],Fasting,360,0.741965769225915
n-acetylalliin,Metabolon HD4 [nt-ms],Fasting,480,0.795228059079194
n-acetylalliin,Metabolon HD4 [nt-ms],Fasting,600,1.16518629536081
n-acetylalliin,Metabolon HD4 [nt-ms],Fasting,720,1.2055054168134
n-acetylalliin,Metabolon HD4 [nt-ms],Fasting,840,1.36689666696609
n-acetylalliin,Metabolon HD4 [nt-ms],Fasting,960,1.58584913987206
n-acetylalliin,Metabolon HD4 [nt-ms],Fasting,1920,2.07571684276263
n-acetylglycine,Metabolon HD4 [nt-ms],Fasting,0,0
n-acetylglycine,Metabolon HD4 [nt-ms],Fasting,120,0.0412301970748668
n-acetylglycine,Metabolon HD4 [nt-ms],Fasting,240,0.121241183384407
n-acetylglycine,Metabolon HD4 [nt-ms],Fasting,360,0.3988022737636
n-acetylglycine,Metabolon HD4 [nt-ms],Fasting,480,0.92547711811803
n-acetylglycine,Metabolon HD4 [nt-ms],Fasting,600,0.779995311412434
n-acetylglycine,Metabolon HD4 [nt-ms],Fasting,720,0.535537289318383
n-acetylglycine,Metabolon HD4 [nt-ms],Fasting,840,0.512317452094259
n-acetylglycine,Metabolon HD4 [nt-ms],Fasting,960,0.515257948640964
n-acetylglycine,Metabolon HD4 [nt-ms],Fasting,1920,0.66765277177575
o-acetylhomoserine,Metabolon HD4 [nt-ms],Fasting,0,0
o-acetylhomoserine,Metabolon HD4 [nt-ms],Fasting,120,0.334206253069595
o-acetylhomoserine,Metabolon HD4 [nt-ms],Fasting,240,1.04248896176756
o-acetylhomoserine,Metabolon HD4 [nt-ms],Fasting,360,1.75241557113601
o-acetylhomoserine,Metabolon HD4 [nt-ms],Fasting,480,2.35731907606449
o-acetylhomoserine,Metabolon HD4 [nt-ms],Fasting,600,2.86522214661293
o-acetylhomoserine,Metabolon HD4 [nt-ms],Fasting,720,3.10195907017908
o-acetylhomoserine,Metabolon HD4 [nt-ms],Fasting,840,3.29995102611271
o-acetylhomoserine,Metabolon HD4 [nt-ms],Fasting,960,3.43235006624667
o-acetylhomoserine,Metabolon HD4 [nt-ms],Fasting,1920,4.20339219704911
o-methylcatechol sulfate,Metabolon HD4 [nt-ms],Fasting,0,0
o-methylcatechol sulfate,Metabolon HD4 [nt-ms],Fasting,120,0.218309804152907
o-methylcatechol sulfate,Metabolon HD4 [nt-ms],Fasting,240,0.577580250789814
o-methylcatechol sulfate,Metabolon HD4 [nt-ms],Fasting,360,1.09756741810825
o-methylcatechol sulfate,Metabolon HD4 [nt-ms],Fasting,480,1.18653064144695
o-methylcatechol sulfate,Metabolon HD4 [nt-ms],Fasting,600,1.37502503362969
o-methylcatechol sulfate,Metabolon HD4 [nt-ms],Fasting,720,1.55287853921723
o-methylcatechol sulfate,Metabolon HD4 [nt-ms],Fasting,840,1.59658000552058
o-methylcatechol sulfate,Metabolon HD4 [nt-ms],Fasting,960,1.77597105491258
o-methylcatechol sulfate,Metabolon HD4 [nt-ms],Fasting,1920,1.98763324584819
octadecanedioate,Metabolon HD4 [nt-ms],Fasting,0,0
octadecanedioate,Metabolon HD4 [nt-ms],Fasting,120,0.173267799366716
octadecanedioate,Metabolon HD4 [nt-ms],Fasting,240,0.0598760916725158
octadecanedioate,Metabolon HD4 [nt-ms],Fasting,360,0.211950854703665
octadecanedioate,Metabolon HD4 [nt-ms],Fasting,480,0.185622895641681
octadecanedioate,Metabolon HD4 [nt-ms],Fasting,600,0.430038044056967
octadecanedioate,Metabolon HD4 [nt-ms],Fasting,720,0.924047964347529
octadecanedioate,Metabolon HD4 [nt-ms],Fasting,840,2.05942673540147
octadecanedioate,Metabolon HD4 [nt-ms],Fasting,960,4.03886779661441
octadecanedioate,Metabolon HD4 [nt-ms],Fasting,1920,2.73076996998949
oleoylcarnitine,Metabolon HD4 [nt-ms],Fasting,0,0
oleoylcarnitine,Metabolon HD4 [nt-ms],Fasting,120,0.0930882670312534
oleoylcarnitine,Metabolon HD4 [nt-ms],Fasting,240,0.211641564206914
oleoylcarnitine,Metabolon HD4 [nt-ms],Fasting,360,0.399193638380337
oleoylcarnitine,Metabolon HD4 [nt-ms],Fasting,480,0.451140441555043
oleoylcarnitine,Metabolon HD4 [nt-ms],Fasting,600,0.607969055873298
oleoylcarnitine,Metabolon HD4 [nt-ms],Fasting,720,0.636355992008283
oleoylcarnitine,Metabolon HD4 [nt-ms],Fasting,840,1.13039748222431
oleoylcarnitine,Metabolon HD4 [nt-ms],Fasting,960,0.715401745043396
oleoylcarnitine,Metabolon HD4 [nt-ms],Fasting,1920,0.954854844450317
paraxanthine,Metabolon HD4 [nt-ms],Fasting,0,0
paraxanthine,Metabolon HD4 [nt-ms],Fasting,120,0.430605886333079
paraxanthine,Metabolon HD4 [nt-ms],Fasting,240,6.31257437291672
paraxanthine,Metabolon HD4 [nt-ms],Fasting,360,6.16343821682779
paraxanthine,Metabolon HD4 [nt-ms],Fasting,480,3.20500760333804
paraxanthine,Metabolon HD4 [nt-ms],Fasting,600,4.22263301606639
paraxanthine,Metabolon HD4 [nt-ms],Fasting,720,4.366113952006
paraxanthine,Metabolon HD4 [nt-ms],Fasting,840,5.02779515023265
paraxanthine,Metabolon HD4 [nt-ms],Fasting,960,5.47865283963712
paraxanthine,Metabolon HD4 [nt-ms],Fasting,1920,6.85803037098643
s-1-pyrroline-5-carboxylate,Metabolon HD4 [nt-ms],Fasting,0,0
s-1-pyrroline-5-carboxylate,Metabolon HD4 [nt-ms],Fasting,120,0.33078601589936
s-1-pyrroline-5-carboxylate,Metabolon HD4 [nt-ms],Fasting,240,0.419393549318848
s-1-pyrroline-5-carboxylate,Metabolon HD4 [nt-ms],Fasting,360,0.34652407208365
s-1-pyrroline-5-carboxylate,Metabolon HD4 [nt-ms],Fasting,480,0.253675685112525
s-1-pyrroline-5-carboxylate,Metabolon HD4 [nt-ms],Fasting,600,0.392411020578534
s-1-pyrroline-5-carboxylate,Metabolon HD4 [nt-ms],Fasting,720,0.551150766067665
s-1-pyrroline-5-carboxylate,Metabolon HD4 [nt-ms],Fasting,840,0.367163422347273
s-1-pyrroline-5-carboxylate,Metabolon HD4 [nt-ms],Fasting,960,0.22290550135004
s-1-pyrroline-5-carboxylate,Metabolon HD4 [nt-ms],Fasting,1920,0.416741207809451
s-allylcysteine,Metabolon HD4 [nt-ms],Fasting,0,0
s-allylcysteine,Metabolon HD4 [nt-ms],Fasting,120,0.0875745108424181
s-allylcysteine,Metabolon HD4 [nt-ms],Fasting,240,0.231085751382662
s-allylcysteine,Metabolon HD4 [nt-ms],Fasting,360,0.375745631504847
s-allylcysteine,Metabolon HD4 [nt-ms],Fasting,480,0.483941356438123
s-allylcysteine,Metabolon HD4 [nt-ms],Fasting,600,0.593973117876086
s-allylcysteine,Metabolon HD4 [nt-ms],Fasting,720,0.683835289923068
s-allylcysteine,Metabolon HD4 [nt-ms],Fasting,840,0.913467105670005
s-allylcysteine,Metabolon HD4 [nt-ms],Fasting,960,1.06329749021707
s-allylcysteine,Metabolon HD4 [nt-ms],Fasting,1920,1.37903849995499
suberoyl carnitine,Metabolon HD4 [nt-ms],Fasting,0,0
suberoyl carnitine,Metabolon HD4 [nt-ms],Fasting,120,0.00519748824004855
suberoyl carnitine,Metabolon HD4 [nt-ms],Fasting,240,0.00915210246665666
suberoyl carnitine,Metabolon HD4 [nt-ms],Fasting,360,0.0342504909996119
suberoyl carnitine,Metabolon HD4 [nt-ms],Fasting,480,0.153147773441027
suberoyl carnitine,Metabolon HD4 [nt-ms],Fasting,600,0.341229792404682
suberoyl carnitine,Metabolon HD4 [nt-ms],Fasting,720,1.19764191090345
suberoyl carnitine,Metabolon HD4 [nt-ms],Fasting,840,4.03257854706227
suberoyl carnitine,Metabolon HD4 [nt-ms],Fasting,960,5.95164749571057
suberoyl carnitine,Metabolon HD4 [nt-ms],Fasting,1920,4.20834388365989
tetradecanedioate,Metabolon HD4 [nt-ms],Fasting,0,0
tetradecanedioate,Metabolon HD4 [nt-ms],Fasting,120,0.00631781023402393
tetradecanedioate,Metabolon HD4 [nt-ms],Fasting,240,0.0328945192058957
tetradecanedioate,Metabolon HD4 [nt-ms],Fasting,360,0.0278897264554961
tetradecanedioate,Metabolon HD4 [nt-ms],Fasting,480,0.0960865728539956
tetradecanedioate,Metabolon HD4 [nt-ms],Fasting,600,0.688665058215807
tetradecanedioate,Metabolon HD4 [nt-ms],Fasting,720,1.78816151994732
tetradecanedioate,Metabolon HD4 [nt-ms],Fasting,840,4.12902332425075
tetradecanedioate,Metabolon HD4 [nt-ms],Fasting,960,11.099435932923
tetradecanedioate,Metabolon HD4 [nt-ms],Fasting,1920,1.92603614699589
trigonelline (n'-methylnicotinate),Metabolon HD4 [nt-ms],Fasting,0,0
trigonelline (n'-methylnicotinate),Metabolon HD4 [nt-ms],Fasting,120,0.285913703437206
trigonelline (n'-methylnicotinate),Metabolon HD4 [nt-ms],Fasting,240,4.86101479468877
trigonelline (n'-methylnicotinate),Metabolon HD4 [nt-ms],Fasting,360,4.72313277754673
trigonelline (n'-methylnicotinate),Metabolon HD4 [nt-ms],Fasting,480,1.51593900794971
trigonelline (n'-methylnicotinate),Metabolon HD4 [nt-ms],Fasting,600,1.6596456555508
trigonelline (n'-methylnicotinate),Metabolon HD4 [nt-ms],Fasting,720,1.95943853587447
trigonelline (n'-methylnicotinate),Metabolon HD4 [nt-ms],Fasting,840,2.25701952976581
trigonelline (n'-methylnicotinate),Metabolon HD4 [nt-ms],Fasting,960,2.49626790780809
trigonelline (n'-methylnicotinate),Metabolon HD4 [nt-ms],Fasting,1920,2.66008900183019
valine,Metabolon HD4 [nt-ms],Fasting,0,0
valine,Metabolon HD4 [nt-ms],Fasting,120,0.343617443915384
valine,Metabolon HD4 [nt-ms],Fasting,240,0.503946690876449
valine,Metabolon HD4 [nt-ms],Fasting,360,0.53747064027491
valine,Metabolon HD4 [nt-ms],Fasting,480,0.748349849308931
valine,Metabolon HD4 [nt-ms],Fasting,600,0.596437083549287
valine,Metabolon HD4 [nt-ms],Fasting,720,0.827049461208802
valine,Metabolon HD4 [nt-ms],Fasting,840,0.677784210094302
valine,Metabolon HD4 [nt-ms],Fasting,960,2.17989048402102
valine,Metabolon HD4 [nt-ms],Fasting,1920,5.01686961042677
1-linoleoyl-gpc (18:2),Metabolon HD4 [nt-ms],OLTT,0,0
1-linoleoyl-gpc (18:2),Metabolon HD4 [nt-ms],OLTT,30,0.0677898556766848
1-linoleoyl-gpc (18:2),Metabolon HD4 [nt-ms],OLTT,60,0.0966979532007807
1-linoleoyl-gpc (18:2),Metabolon HD4 [nt-ms],OLTT,90,0.167255484327919
1-linoleoyl-gpc (18:2),Metabolon HD4 [nt-ms],OLTT,120,0.431022191697954
1-linoleoyl-gpc (18:2),Metabolon HD4 [nt-ms],OLTT,180,0.496900441066571
1-linoleoyl-gpc (18:2),Metabolon HD4 [nt-ms],OLTT,240,0.601700648717155
1-linoleoyl-gpc (18:2),Metabolon HD4 [nt-ms],OLTT,300,0.596513057834235
1-linoleoyl-gpc (18:2),Metabolon HD4 [nt-ms],OLTT,360,0.651613244353454
1-linoleoyl-gpc (18:2),Metabolon HD4 [nt-ms],OLTT,420,0.422509089444591
1-linoleoyl-gpc (18:2),Metabolon HD4 [nt-ms],OLTT,480,1.21173081022936
1-linoleoyl-gpe (18:2),Metabolon HD4 [nt-ms],OLTT,0,0
1-linoleoyl-gpe (18:2),Metabolon HD4 [nt-ms],OLTT,30,0.0435140899452755
1-linoleoyl-gpe (18:2),Metabolon HD4 [nt-ms],OLTT,60,0.0698718618778925
1-linoleoyl-gpe (18:2),Metabolon HD4 [nt-ms],OLTT,90,0.285776224273576
1-linoleoyl-gpe (18:2),Metabolon HD4 [nt-ms],OLTT,120,0.397188895938892
1-linoleoyl-gpe (18:2),Metabolon HD4 [nt-ms],OLTT,180,0.562063224610494
1-linoleoyl-gpe (18:2),Metabolon HD4 [nt-ms],OLTT,240,0.573087290452501
1-linoleoyl-gpe (18:2),Metabolon HD4 [nt-ms],OLTT,300,0.781784332755507
1-linoleoyl-gpe (18:2),Metabolon HD4 [nt-ms],OLTT,360,0.430498309398165
1-linoleoyl-gpe (18:2),Metabolon HD4 [nt-ms],OLTT,420,0.503216938183931
1-linoleoyl-gpe (18:2),Metabolon HD4 [nt-ms],OLTT,480,0.672335264817677
1-oleoyl-gpe (18:1),Metabolon HD4 [nt-ms],OLTT,0,0
1-oleoyl-gpe (18:1),Metabolon HD4 [nt-ms],OLTT,30,0.00934925135671046
1-oleoyl-gpe (18:1),Metabolon HD4 [nt-ms],OLTT,60,0.0320912514205453
1-oleoyl-gpe (18:1),Metabolon HD4 [nt-ms],OLTT,90,0.126968413327289
1-oleoyl-gpe (18:1),Metabolon HD4 [nt-ms],OLTT,120,0.240528180655226
1-oleoyl-gpe (18:1),Metabolon HD4 [nt-ms],OLTT,180,0.315655877478469
1-oleoyl-gpe (18:1),Metabolon HD4 [nt-ms],OLTT,240,0.414426153610606
1-oleoyl-gpe (18:1),Metabolon HD4 [nt-ms],OLTT,300,0.558998260531365
1-oleoyl-gpe (18:1),Metabolon HD4 [nt-ms],OLTT,360,0.470784482533411
1-oleoyl-gpe (18:1),Metabolon HD4 [nt-ms],OLTT,420,0.219030977704039
1-oleoyl-gpe (18:1),Metabolon HD4 [nt-ms],OLTT,480,0.324653142390842
"2,3-dihydroxyisovalerate",Metabolon HD4 [nt-ms],OLTT,0,0
"2,3-dihydroxyisovalerate",Metabolon HD4 [nt-ms],OLTT,30,0.127876447462378
"2,3-dihydroxyisovalerate",Metabolon HD4 [nt-ms],OLTT,60,0.0955398012149843
"2,3-dihydroxyisovalerate",Metabolon HD4 [nt-ms],OLTT,90,0.248516368566658
"2,3-dihydroxyisovalerate",Metabolon HD4 [nt-ms],OLTT,120,0.210209586707128
"2,3-dihydroxyisovalerate",Metabolon HD4 [nt-ms],OLTT,180,0.205434313259168
"2,3-dihydroxyisovalerate",Metabolon HD4 [nt-ms],OLTT,240,0.127975864665606
"2,3-dihydroxyisovalerate",Metabolon HD4 [nt-ms],OLTT,300,0.114682111735677
"2,3-dihydroxyisovalerate",Metabolon HD4 [nt-ms],OLTT,360,0.11566080063344
"2,3-dihydroxyisovalerate",Metabolon HD4 [nt-ms],OLTT,420,0.110876563309719
"2,3-dihydroxyisovalerate",Metabolon HD4 [nt-ms],OLTT,480,0.130791581552982
2-hydroxydecanoate,Metabolon HD4 [nt-ms],OLTT,0,0
2-hydroxydecanoate,Metabolon HD4 [nt-ms],OLTT,30,0.156714408178802
2-hydroxydecanoate,Metabolon HD4 [nt-ms],OLTT,60,0.164641942977742
2-hydroxydecanoate,Metabolon HD4 [nt-ms],OLTT,90,0.258153814882333
2-hydroxydecanoate,Metabolon HD4 [nt-ms],OLTT,120,0.501725269118248
2-hydroxydecanoate,Metabolon HD4 [nt-ms],OLTT,180,0.787316399437918
2-hydroxydecanoate,Metabolon HD4 [nt-ms],OLTT,240,0.482030292804285
2-hydroxydecanoate,Metabolon HD4 [nt-ms],OLTT,300,0.481896243960511
2-hydroxydecanoate,Metabolon HD4 [nt-ms],OLTT,360,0.271222819681867
2-hydroxydecanoate,Metabolon HD4 [nt-ms],OLTT,420,0.283486123069343
2-hydroxydecanoate,Metabolon HD4 [nt-ms],OLTT,480,0.324362677580438
2-oleoyl-gpe (18:1),Metabolon HD4 [nt-ms],OLTT,0,0
2-oleoyl-gpe (18:1),Metabolon HD4 [nt-ms],OLTT,30,0.745614962974007
2-oleoyl-gpe (18:1),Metabolon HD4 [nt-ms],OLTT,60,0.735619845898699
2-oleoyl-gpe (18:1),Metabolon HD4 [nt-ms],OLTT,90,0.793193640987695
2-oleoyl-gpe (18:1),Metabolon HD4 [nt-ms],OLTT,120,0.479495895304544
2-oleoyl-gpe (18:1),Metabolon HD4 [nt-ms],OLTT,180,0.776121832446282
2-oleoyl-gpe (18:1),Metabolon HD4 [nt-ms],OLTT,240,0.796097784715163
2-oleoyl-gpe (18:1),Metabolon HD4 [nt-ms],OLTT,300,0.535732619789996
2-oleoyl-gpe (18:1),Metabolon HD4 [nt-ms],OLTT,360,0.964518599941914
2-oleoyl-gpe (18:1),Metabolon HD4 [nt-ms],OLTT,420,2.00105588238486
2-oleoyl-gpe (18:1),Metabolon HD4 [nt-ms],OLTT,480,1.0817331790039
3-hydroxy-3-methylglutarate,Metabolon HD4 [nt-ms],OLTT,0,0
3-hydroxy-3-methylglutarate,Metabolon HD4 [nt-ms],OLTT,30,0.215803385280455
3-hydroxy-3-methylglutarate,Metabolon HD4 [nt-ms],OLTT,60,0.509562930202614
3-hydroxy-3-methylglutarate,Metabolon HD4 [nt-ms],OLTT,90,1.60146275938305
3-hydroxy-3-methylglutarate,Metabolon HD4 [nt-ms],OLTT,120,1.35500019521146
3-hydroxy-3-methylglutarate,Metabolon HD4 [nt-ms],OLTT,180,0.792358439058269
3-hydroxy-3-methylglutarate,Metabolon HD4 [nt-ms],OLTT,240,0.165904831356021
3-hydroxy-3-methylglutarate,Metabolon HD4 [nt-ms],OLTT,300,0.198590366575549
3-hydroxy-3-methylglutarate,Metabolon HD4 [nt-ms],OLTT,360,0.0771165769364433
3-hydroxy-3-methylglutarate,Metabolon HD4 [nt-ms],OLTT,420,0.338412233572536
3-hydroxy-3-methylglutarate,Metabolon HD4 [nt-ms],OLTT,480,0.127233471022594
3-hydroxybutyrate (bhba),Metabolon HD4 [nt-ms],OLTT,0,0
3-hydroxybutyrate (bhba),Metabolon HD4 [nt-ms],OLTT,30,0.035080681907023
3-hydroxybutyrate (bhba),Metabolon HD4 [nt-ms],OLTT,60,0.0849681196524264
3-hydroxybutyrate (bhba),Metabolon HD4 [nt-ms],OLTT,90,0.101475632183385
3-hydroxybutyrate (bhba),Metabolon HD4 [nt-ms],OLTT,120,0.112231404320558
3-hydroxybutyrate (bhba),Metabolon HD4 [nt-ms],OLTT,180,0.120549696103184
3-hydroxybutyrate (bhba),Metabolon HD4 [nt-ms],OLTT,240,0.0731472198127543
3-hydroxybutyrate (bhba),Metabolon HD4 [nt-ms],OLTT,300,0.209661707858642
3-hydroxybutyrate (bhba),Metabolon HD4 [nt-ms],OLTT,360,0.376177469594992
3-hydroxybutyrate (bhba),Metabolon HD4 [nt-ms],OLTT,420,0.30921200255148
3-hydroxybutyrate (bhba),Metabolon HD4 [nt-ms],OLTT,480,0.216036404140552
3-hydroxydecanoate,Metabolon HD4 [nt-ms],OLTT,0,0
3-hydroxydecanoate,Metabolon HD4 [nt-ms],OLTT,30,0.0752525838459635
3-hydroxydecanoate,Metabolon HD4 [nt-ms],OLTT,60,0.210242376774931
3-hydroxydecanoate,Metabolon HD4 [nt-ms],OLTT,90,0.18859943094605
3-hydroxydecanoate,Metabolon HD4 [nt-ms],OLTT,120,0.17810955117351
3-hydroxydecanoate,Metabolon HD4 [nt-ms],OLTT,180,0.152998785737649
3-hydroxydecanoate,Metabolon HD4 [nt-ms],OLTT,240,0.19045233510335
3-hydroxydecanoate,Metabolon HD4 [nt-ms],OLTT,300,0.298706905722877
3-hydroxydecanoate,Metabolon HD4 [nt-ms],OLTT,360,0.664517350447702
3-hydroxydecanoate,Metabolon HD4 [nt-ms],OLTT,420,0.561672263740327
3-hydroxydecanoate,Metabolon HD4 [nt-ms],OLTT,480,0.431802452948216
3-hydroxylaurate,Metabolon HD4 [nt-ms],OLTT,0,0
3-hydroxylaurate,Metabolon HD4 [nt-ms],OLTT,30,0.278042532532161
3-hydroxylaurate,Metabolon HD4 [nt-ms],OLTT,60,0.355924438243547
3-hydroxylaurate,Metabolon HD4 [nt-ms],OLTT,90,0.223515893364143
3-hydroxylaurate,Metabolon HD4 [nt-ms],OLTT,120,0.182080725673285
3-hydroxylaurate,Metabolon HD4 [nt-ms],OLTT,180,0.290237643121969
3-hydroxylaurate,Metabolon HD4 [nt-ms],OLTT,240,0.306726970171984
3-hydroxylaurate,Metabolon HD4 [nt-ms],OLTT,300,0.271222400376263
3-hydroxylaurate,Metabolon HD4 [nt-ms],OLTT,360,0.239046343604967
3-hydroxylaurate,Metabolon HD4 [nt-ms],OLTT,420,0.232691974949286
3-hydroxylaurate,Metabolon HD4 [nt-ms],OLTT,480,0.301971364295004
3-hydroxyoctanoate,Metabolon HD4 [nt-ms],OLTT,0,0
3-hydroxyoctanoate,Metabolon HD4 [nt-ms],OLTT,30,0.0487786442773092
3-hydroxyoctanoate,Metabolon HD4 [nt-ms],OLTT,60,0.0825962757500865
3-hydroxyoctanoate,Metabolon HD4 [nt-ms],OLTT,90,0.190059618418395
3-hydroxyoctanoate,Metabolon HD4 [nt-ms],OLTT,120,0.166365177775037
3-hydroxyoctanoate,Metabolon HD4 [nt-ms],OLTT,180,0.0625013958746662
3-hydroxyoctanoate,Metabolon HD4 [nt-ms],OLTT,240,0.297406623855512
3-hydroxyoctanoate,Metabolon HD4 [nt-ms],OLTT,300,0.775025459970136
3-hydroxyoctanoate,Metabolon HD4 [nt-ms],OLTT,360,3.79728609165433
3-hydroxyoctanoate,Metabolon HD4 [nt-ms],OLTT,420,2.04417407549569
3-hydroxyoctanoate,Metabolon HD4 [nt-ms],OLTT,480,1.96359333949342
acetylcarnitine,Metabolon HD4 [nt-ms],OLTT,0,0
acetylcarnitine,Metabolon HD4 [nt-ms],OLTT,30,0.0396634808109395
acetylcarnitine,Metabolon HD4 [nt-ms],OLTT,60,0.109217974971412
acetylcarnitine,Metabolon HD4 [nt-ms],OLTT,90,0.177398052323211
acetylcarnitine,Metabolon HD4 [nt-ms],OLTT,120,0.229845390326839
acetylcarnitine,Metabolon HD4 [nt-ms],OLTT,180,0.346409947465795
acetylcarnitine,Metabolon HD4 [nt-ms],OLTT,240,0.40564090559813
acetylcarnitine,Metabolon HD4 [nt-ms],OLTT,300,0.390960717023559
acetylcarnitine,Metabolon HD4 [nt-ms],OLTT,360,0.350294216221912
acetylcarnitine,Metabolon HD4 [nt-ms],OLTT,420,0.19784802331361
acetylcarnitine,Metabolon HD4 [nt-ms],OLTT,480,0.193515231355189
arginine,Metabolon HD4 [nt-ms],OLTT,0,0
arginine,Metabolon HD4 [nt-ms],OLTT,30,0.155920937435258
arginine,Metabolon HD4 [nt-ms],OLTT,60,0.260590517201805
arginine,Metabolon HD4 [nt-ms],OLTT,90,0.266820373848794
arginine,Metabolon HD4 [nt-ms],OLTT,120,0.476891811021635
arginine,Metabolon HD4 [nt-ms],OLTT,180,0.286631613721453
arginine,Metabolon HD4 [nt-ms],OLTT,240,0.304273125363426
arginine,Metabolon HD4 [nt-ms],OLTT,300,0.248164840189423
arginine,Metabolon HD4 [nt-ms],OLTT,360,0.483406056289716
arginine,Metabolon HD4 [nt-ms],OLTT,420,0.323403631251492
arginine,Metabolon HD4 [nt-ms],OLTT,480,0.293995979677153
citrulline,Metabolon HD4 [nt-ms],OLTT,0,0
citrulline,Metabolon HD4 [nt-ms],OLTT,30,0.999412923074128
citrulline,Metabolon HD4 [nt-ms],OLTT,60,1.71540900945547
citrulline,Metabolon HD4 [nt-ms],OLTT,90,1.40797565696458
citrulline,Metabolon HD4 [nt-ms],OLTT,120,0.860076984031534
citrulline,Metabolon HD4 [nt-ms],OLTT,180,1.74952841580647
citrulline,Metabolon HD4 [nt-ms],OLTT,240,2.1504700960489
citrulline,Metabolon HD4 [nt-ms],OLTT,300,1.09971605886663
citrulline,Metabolon HD4 [nt-ms],OLTT,360,1.29525610270679
citrulline,Metabolon HD4 [nt-ms],OLTT,420,1.01630380222631
citrulline,Metabolon HD4 [nt-ms],OLTT,480,0.981406679476551
cortisol,Metabolon HD4 [nt-ms],OLTT,0,0
cortisol,Metabolon HD4 [nt-ms],OLTT,30,0.65713180016408
cortisol,Metabolon HD4 [nt-ms],OLTT,60,1.29524418649513
cortisol,Metabolon HD4 [nt-ms],OLTT,90,0.78165460708696
cortisol,Metabolon HD4 [nt-ms],OLTT,120,0.781517007843262
cortisol,Metabolon HD4 [nt-ms],OLTT,180,0.709784041241161
cortisol,Metabolon HD4 [nt-ms],OLTT,240,0.898719326161776
cortisol,Metabolon HD4 [nt-ms],OLTT,300,0.822994990426612
cortisol,Metabolon HD4 [nt-ms],OLTT,360,0.837003245536208
cortisol,Metabolon HD4 [nt-ms],OLTT,420,1.2124823036983
cortisol,Metabolon HD4 [nt-ms],OLTT,480,1.30951505797572
dopamine sulfate (2),Metabolon HD4 [nt-ms],OLTT,0,0
dopamine sulfate (2),Metabolon HD4 [nt-ms],OLTT,30,0.0203636858321349
dopamine sulfate (2),Metabolon HD4 [nt-ms],OLTT,60,0.0530211546714212
dopamine sulfate (2),Metabolon HD4 [nt-ms],OLTT,90,0.131021577614999
dopamine sulfate (2),Metabolon HD4 [nt-ms],OLTT,120,0.359698426973079
dopamine sulfate (2),Metabolon HD4 [nt-ms],OLTT,180,0.468616181428028
dopamine sulfate (2),Metabolon HD4 [nt-ms],OLTT,240,0.285369908348126
dopamine sulfate (2),Metabolon HD4 [nt-ms],OLTT,300,0.178117917936066
dopamine sulfate (2),Metabolon HD4 [nt-ms],OLTT,360,0.142504024483052
dopamine sulfate (2),Metabolon HD4 [nt-ms],OLTT,420,0.0847680901737259
dopamine sulfate (2),Metabolon HD4 [nt-ms],OLTT,480,0.0854778717619509
fructose,Metabolon HD4 [nt-ms],OLTT,0,0
fructose,Metabolon HD4 [nt-ms],OLTT,30,0.136203617103055
fructose,Metabolon HD4 [nt-ms],OLTT,60,0.585820892098593
fructose,Metabolon HD4 [nt-ms],OLTT,90,2.40927842541609
fructose,Metabolon HD4 [nt-ms],OLTT,120,4.65375142200657
fructose,Metabolon HD4 [nt-ms],OLTT,180,1.75789167514097
fructose,Metabolon HD4 [nt-ms],OLTT,240,0.541470865993278
fructose,Metabolon HD4 [nt-ms],OLTT,300,0.367995092655561
fructose,Metabolon HD4 [nt-ms],OLTT,360,0.616122135381923
fructose,Metabolon HD4 [nt-ms],OLTT,420,0.532483344797217
fructose,Metabolon HD4 [nt-ms],OLTT,480,0.363922456393007
glucose,Metabolon HD4 [nt-ms],OLTT,0,0
glucose,Metabolon HD4 [nt-ms],OLTT,30,0.744187192184054
glucose,Metabolon HD4 [nt-ms],OLTT,60,1.24951191019595
glucose,Metabolon HD4 [nt-ms],OLTT,90,1.6510117859325
glucose,Metabolon HD4 [nt-ms],OLTT,120,1.24879214878628
glucose,Metabolon HD4 [nt-ms],OLTT,180,0.982286709381031
glucose,Metabolon HD4 [nt-ms],OLTT,240,0.686949622121295
glucose,Metabolon HD4 [nt-ms],OLTT,300,0.798314401012345
glucose,Metabolon HD4 [nt-ms],OLTT,360,0.923601343315116
glucose,Metabolon HD4 [nt-ms],OLTT,420,0.792729541383856
glucose,Metabolon HD4 [nt-ms],OLTT,480,0.523598559364241
glycochenodeoxycholate,Metabolon HD4 [nt-ms],OLTT,0,0
glycochenodeoxycholate,Metabolon HD4 [nt-ms],OLTT,30,1.26301758571171
glycochenodeoxycholate,Metabolon HD4 [nt-ms],OLTT,60,1.88582115109806
glycochenodeoxycholate,Metabolon HD4 [nt-ms],OLTT,90,1.09269748158783
glycochenodeoxycholate,Metabolon HD4 [nt-ms],OLTT,120,0.805015799950657
glycochenodeoxycholate,Metabolon HD4 [nt-ms],OLTT,180,0.64127657422199
glycochenodeoxycholate,Metabolon HD4 [nt-ms],OLTT,240,0.80028107195676
glycochenodeoxycholate,Metabolon HD4 [nt-ms],OLTT,300,0.760596664108987
glycochenodeoxycholate,Metabolon HD4 [nt-ms],OLTT,360,0.165975282891772
glycochenodeoxycholate,Metabolon HD4 [nt-ms],OLTT,420,0.169065688394616
glycochenodeoxycholate,Metabolon HD4 [nt-ms],OLTT,480,0.213682541370692
glycocholate,Metabolon HD4 [nt-ms],OLTT,0,0
glycocholate,Metabolon HD4 [nt-ms],OLTT,30,0.66883754913414
glycocholate,Metabolon HD4 [nt-ms],OLTT,60,1.75045453719339
glycocholate,Metabolon HD4 [nt-ms],OLTT,90,2.72310011169983
glycocholate,Metabolon HD4 [nt-ms],OLTT,120,1.50814178870223
glycocholate,Metabolon HD4 [nt-ms],OLTT,180,0.290943645447914
glycocholate,Metabolon HD4 [nt-ms],OLTT,240,0.503507964789612
glycocholate,Metabolon HD4 [nt-ms],OLTT,300,0.604824645659982
glycocholate,Metabolon HD4 [nt-ms],OLTT,360,0.189762556350454
glycocholate,Metabolon HD4 [nt-ms],OLTT,420,0.146480822790256
glycocholate,Metabolon HD4 [nt-ms],OLTT,480,0.150820431291702
glycolithocholate,Metabolon HD4 [nt-ms],OLTT,0,0
glycolithocholate,Metabolon HD4 [nt-ms],OLTT,30,1.43946506094278
glycolithocholate,Metabolon HD4 [nt-ms],OLTT,60,1.72089877625902
glycolithocholate,Metabolon HD4 [nt-ms],OLTT,90,5.774892435058
glycolithocholate,Metabolon HD4 [nt-ms],OLTT,120,1.38877290493176
glycolithocholate,Metabolon HD4 [nt-ms],OLTT,180,0.837777784672118
glycolithocholate,Metabolon HD4 [nt-ms],OLTT,240,0.783269848420284
glycolithocholate,Metabolon HD4 [nt-ms],OLTT,300,0.645401387929485
glycolithocholate,Metabolon HD4 [nt-ms],OLTT,360,0.922644746595212
glycolithocholate,Metabolon HD4 [nt-ms],OLTT,420,0.244532586462012
glycolithocholate,Metabolon HD4 [nt-ms],OLTT,480,0.21684890940438
glycoursodeoxycholate,Metabolon HD4 [nt-ms],OLTT,0,0
glycoursodeoxycholate,Metabolon HD4 [nt-ms],OLTT,30,0.645332986656968
glycoursodeoxycholate,Metabolon HD4 [nt-ms],OLTT,60,1.66076268239995
glycoursodeoxycholate,Metabolon HD4 [nt-ms],OLTT,90,3.52113675751983
glycoursodeoxycholate,Metabolon HD4 [nt-ms],OLTT,120,1.40136433550156
glycoursodeoxycholate,Metabolon HD4 [nt-ms],OLTT,180,0.579118758497238
glycoursodeoxycholate,Metabolon HD4 [nt-ms],OLTT,240,0.67202875888915
glycoursodeoxycholate,Metabolon HD4 [nt-ms],OLTT,300,0.8726089537481
glycoursodeoxycholate,Metabolon HD4 [nt-ms],OLTT,360,0.965832160380239
glycoursodeoxycholate,Metabolon HD4 [nt-ms],OLTT,420,0.757916875980739
glycoursodeoxycholate,Metabolon HD4 [nt-ms],OLTT,480,0.785545515700741
isovalerylglycine,Metabolon HD4 [nt-ms],OLTT,0,0
isovalerylglycine,Metabolon HD4 [nt-ms],OLTT,30,0.14683358521018
isovalerylglycine,Metabolon HD4 [nt-ms],OLTT,60,0.542431854808447
isovalerylglycine,Metabolon HD4 [nt-ms],OLTT,90,1.12323550232581
isovalerylglycine,Metabolon HD4 [nt-ms],OLTT,120,0.790125411158044
isovalerylglycine,Metabolon HD4 [nt-ms],OLTT,180,0.514507530132125
isovalerylglycine,Metabolon HD4 [nt-ms],OLTT,240,0.513100290177283
isovalerylglycine,Metabolon HD4 [nt-ms],OLTT,300,0.362525021901614
isovalerylglycine,Metabolon HD4 [nt-ms],OLTT,360,0.457823033319898
isovalerylglycine,Metabolon HD4 [nt-ms],OLTT,420,0.345079699346315
isovalerylglycine,Metabolon HD4 [nt-ms],OLTT,480,0.626995497211142
kynurenine,Metabolon HD4 [nt-ms],OLTT,0,0
kynurenine,Metabolon HD4 [nt-ms],OLTT,30,0.111768479791199
kynurenine,Metabolon HD4 [nt-ms],OLTT,60,0.119765705438965
kynurenine,Metabolon HD4 [nt-ms],OLTT,90,0.0890621224432871
kynurenine,Metabolon HD4 [nt-ms],OLTT,120,0.18354275262765
kynurenine,Metabolon HD4 [nt-ms],OLTT,180,0.2608739961461
kynurenine,Metabolon HD4 [nt-ms],OLTT,240,0.259233149450405
kynurenine,Metabolon HD4 [nt-ms],OLTT,300,0.180368032111765
kynurenine,Metabolon HD4 [nt-ms],OLTT,360,0.423551928007782
kynurenine,Metabolon HD4 [nt-ms],OLTT,420,0.374007274632937
kynurenine,Metabolon HD4 [nt-ms],OLTT,480,0.289644545042577
methionine,Metabolon HD4 [nt-ms],OLTT,0,0
methionine,Metabolon HD4 [nt-ms],OLTT,30,0.0909473082447097
methionine,Metabolon HD4 [nt-ms],OLTT,60,0.205764581870379
methionine,Metabolon HD4 [nt-ms],OLTT,90,0.312230092550964
methionine,Metabolon HD4 [nt-ms],OLTT,120,0.348997272648608
methionine,Metabolon HD4 [nt-ms],OLTT,180,0.188093733049769
methionine,Metabolon HD4 [nt-ms],OLTT,240,0.236670761142491
methionine,Metabolon HD4 [nt-ms],OLTT,300,0.310492109477868
methionine,Metabolon HD4 [nt-ms],OLTT,360,0.493526578820755
methionine,Metabolon HD4 [nt-ms],OLTT,420,0.403034464814713
methionine,Metabolon HD4 [nt-ms],OLTT,480,0.366035065020003
methionine sulfoxide,Metabolon HD4 [nt-ms],OLTT,0,0
methionine sulfoxide,Metabolon HD4 [nt-ms],OLTT,30,0.22770052983422
methionine sulfoxide,Metabolon HD4 [nt-ms],OLTT,60,0.316737825026134
methionine sulfoxide,Metabolon HD4 [nt-ms],OLTT,90,0.389920346126817
methionine sulfoxide,Metabolon HD4 [nt-ms],OLTT,120,0.771562230841052
methionine sulfoxide,Metabolon HD4 [nt-ms],OLTT,180,0.736732339888445
methionine sulfoxide,Metabolon HD4 [nt-ms],OLTT,240,0.338887621605271
methionine sulfoxide,Metabolon HD4 [nt-ms],OLTT,300,0.292828554214757
methionine sulfoxide,Metabolon HD4 [nt-ms],OLTT,360,0.323271170341669
methionine sulfoxide,Metabolon HD4 [nt-ms],OLTT,420,0.227343772541646
methionine sulfoxide,Metabolon HD4 [nt-ms],OLTT,480,0.232145855623775
palmitoyl ethanolamide,Metabolon HD4 [nt-ms],OLTT,0,0
palmitoyl ethanolamide,Metabolon HD4 [nt-ms],OLTT,30,3.79351598664391
palmitoyl ethanolamide,Metabolon HD4 [nt-ms],OLTT,60,2.61678266351125
palmitoyl ethanolamide,Metabolon HD4 [nt-ms],OLTT,90,2.77748190280308
palmitoyl ethanolamide,Metabolon HD4 [nt-ms],OLTT,120,2.56134760420743
palmitoyl ethanolamide,Metabolon HD4 [nt-ms],OLTT,180,2.02194050601553
palmitoyl ethanolamide,Metabolon HD4 [nt-ms],OLTT,240,2.15081462085652
palmitoyl ethanolamide,Metabolon HD4 [nt-ms],OLTT,300,2.59417229295221
palmitoyl ethanolamide,Metabolon HD4 [nt-ms],OLTT,360,2.87900081898615
palmitoyl ethanolamide,Metabolon HD4 [nt-ms],OLTT,420,2.94084802451766
palmitoyl ethanolamide,Metabolon HD4 [nt-ms],OLTT,480,3.49765184778563
phosphate,Metabolon HD4 [nt-ms],OLTT,0,0
phosphate,Metabolon HD4 [nt-ms],OLTT,30,0.165143189648663
phosphate,Metabolon HD4 [nt-ms],OLTT,60,0.393239609089268
phosphate,Metabolon HD4 [nt-ms],OLTT,90,0.287633954530501
phosphate,Metabolon HD4 [nt-ms],OLTT,120,0.399766914757028
phosphate,Metabolon HD4 [nt-ms],OLTT,180,0.404285130025126
phosphate,Metabolon HD4 [nt-ms],OLTT,240,0.240354055485595
phosphate,Metabolon HD4 [nt-ms],OLTT,300,0.209147528613932
phosphate,Metabolon HD4 [nt-ms],OLTT,360,0.386298890225186
phosphate,Metabolon HD4 [nt-ms],OLTT,420,0.563255396064321
phosphate,Metabolon HD4 [nt-ms],OLTT,480,0.444433888008189
pro-hydroxy-pro,Metabolon HD4 [nt-ms],OLTT,0,0
pro-hydroxy-pro,Metabolon HD4 [nt-ms],OLTT,30,0.132266311650768
pro-hydroxy-pro,Metabolon HD4 [nt-ms],OLTT,60,0.245979855481121
pro-hydroxy-pro,Metabolon HD4 [nt-ms],OLTT,90,0.286681614130913
pro-hydroxy-pro,Metabolon HD4 [nt-ms],OLTT,120,0.414401654874291
pro-hydroxy-pro,Metabolon HD4 [nt-ms],OLTT,180,0.395562902911269
pro-hydroxy-pro,Metabolon HD4 [nt-ms],OLTT,240,0.545948451590549
pro-hydroxy-pro,Metabolon HD4 [nt-ms],OLTT,300,0.484261035965027
pro-hydroxy-pro,Metabolon HD4 [nt-ms],OLTT,360,0.493893534773084
pro-hydroxy-pro,Metabolon HD4 [nt-ms],OLTT,420,0.335957760555142
pro-hydroxy-pro,Metabolon HD4 [nt-ms],OLTT,480,0.289006885544223
propionylcarnitine,Metabolon HD4 [nt-ms],OLTT,0,0
propionylcarnitine,Metabolon HD4 [nt-ms],OLTT,30,0.0648118648908324
propionylcarnitine,Metabolon HD4 [nt-ms],OLTT,60,0.20278991675911
propionylcarnitine,Metabolon HD4 [nt-ms],OLTT,90,0.251717986607953
propionylcarnitine,Metabolon HD4 [nt-ms],OLTT,120,0.331334133535359
propionylcarnitine,Metabolon HD4 [nt-ms],OLTT,180,0.266556605870651
propionylcarnitine,Metabolon HD4 [nt-ms],OLTT,240,0.187414365407614
propionylcarnitine,Metabolon HD4 [nt-ms],OLTT,300,0.237557013690517
propionylcarnitine,Metabolon HD4 [nt-ms],OLTT,360,0.369873833113785
propionylcarnitine,Metabolon HD4 [nt-ms],OLTT,420,0.322488744961963
propionylcarnitine,Metabolon HD4 [nt-ms],OLTT,480,0.326036121019367
taurochenodeoxycholate,Metabolon HD4 [nt-ms],OLTT,0,0
taurochenodeoxycholate,Metabolon HD4 [nt-ms],OLTT,30,0.913339803427335
taurochenodeoxycholate,Metabolon HD4 [nt-ms],OLTT,60,4.12694972232518
taurochenodeoxycholate,Metabolon HD4 [nt-ms],OLTT,90,2.17567750019332
taurochenodeoxycholate,Metabolon HD4 [nt-ms],OLTT,120,0.537559931603236
taurochenodeoxycholate,Metabolon HD4 [nt-ms],OLTT,180,2.17251536265198
taurochenodeoxycholate,Metabolon HD4 [nt-ms],OLTT,240,2.64445694280961
taurochenodeoxycholate,Metabolon HD4 [nt-ms],OLTT,300,0.695674629386472
taurochenodeoxycholate,Metabolon HD4 [nt-ms],OLTT,360,0.231223011556582
taurochenodeoxycholate,Metabolon HD4 [nt-ms],OLTT,420,0.111592584586768
taurochenodeoxycholate,Metabolon HD4 [nt-ms],OLTT,480,0.061181844999513
taurocholate,Metabolon HD4 [nt-ms],OLTT,0,0
taurocholate,Metabolon HD4 [nt-ms],OLTT,30,0.691734851586597
taurocholate,Metabolon HD4 [nt-ms],OLTT,60,2.35159857352596
taurocholate,Metabolon HD4 [nt-ms],OLTT,90,4.14855434914087
taurocholate,Metabolon HD4 [nt-ms],OLTT,120,1.02883218197209
taurocholate,Metabolon HD4 [nt-ms],OLTT,180,1.12864264299575
taurocholate,Metabolon HD4 [nt-ms],OLTT,240,1.35748153533966
taurocholate,Metabolon HD4 [nt-ms],OLTT,300,0.779953795095625
taurocholate,Metabolon HD4 [nt-ms],OLTT,360,0.272824522832887
taurocholate,Metabolon HD4 [nt-ms],OLTT,420,0.166833073095207
taurocholate,Metabolon HD4 [nt-ms],OLTT,480,0.104357693036236
2-hydroxybutyrate/2-hydroxyisobutyrate,Metabolon HD4 [nt-ms],PAT,0,0
2-hydroxybutyrate/2-hydroxyisobutyrate,Metabolon HD4 [nt-ms],PAT,15,0.040815545589034
2-hydroxybutyrate/2-hydroxyisobutyrate,Metabolon HD4 [nt-ms],PAT,30,0.0763849757893724
2-hydroxybutyrate/2-hydroxyisobutyrate,Metabolon HD4 [nt-ms],PAT,45,0.049952338089568
2-hydroxybutyrate/2-hydroxyisobutyrate,Metabolon HD4 [nt-ms],PAT,60,0.153910179020298
2-hydroxybutyrate/2-hydroxyisobutyrate,Metabolon HD4 [nt-ms],PAT,90,0.179124182410242
2-hydroxybutyrate/2-hydroxyisobutyrate,Metabolon HD4 [nt-ms],PAT,120,0.180327203829063
3-hydroxybutyrate (bhba),Metabolon HD4 [nt-ms],PAT,0,0
3-hydroxybutyrate (bhba),Metabolon HD4 [nt-ms],PAT,15,0.0406258574820408
3-hydroxybutyrate (bhba),Metabolon HD4 [nt-ms],PAT,30,0.0414609983539068
3-hydroxybutyrate (bhba),Metabolon HD4 [nt-ms],PAT,45,0.0532713694201783
3-hydroxybutyrate (bhba),Metabolon HD4 [nt-ms],PAT,60,0.264714315018033
3-hydroxybutyrate (bhba),Metabolon HD4 [nt-ms],PAT,90,0.238914722140861
3-hydroxybutyrate (bhba),Metabolon HD4 [nt-ms],PAT,120,0.244127152835222
3-methyl-2-oxobutyrate,Metabolon HD4 [nt-ms],PAT,0,0
3-methyl-2-oxobutyrate,Metabolon HD4 [nt-ms],PAT,15,0.389160287035517
3-methyl-2-oxobutyrate,Metabolon HD4 [nt-ms],PAT,30,0.53410204384036
3-methyl-2-oxobutyrate,Metabolon HD4 [nt-ms],PAT,45,1.86936027929647
3-methyl-2-oxobutyrate,Metabolon HD4 [nt-ms],PAT,60,0.785796827437371
3-methyl-2-oxobutyrate,Metabolon HD4 [nt-ms],PAT,90,0.508653038665181
3-methyl-2-oxobutyrate,Metabolon HD4 [nt-ms],PAT,120,1.59085868806876
"adenosine 3',5'-cyclic monophosphate (camp)",Metabolon HD4 [nt-ms],PAT,0,0
"adenosine 3',5'-cyclic monophosphate (camp)",Metabolon HD4 [nt-ms],PAT,15,0.749761113768831
"adenosine 3',5'-cyclic monophosphate (camp)",Metabolon HD4 [nt-ms],PAT,30,0.753559445084331
"adenosine 3',5'-cyclic monophosphate (camp)",Metabolon HD4 [nt-ms],PAT,45,0.785310919211363
"adenosine 3',5'-cyclic monophosphate (camp)",Metabolon HD4 [nt-ms],PAT,60,0.491316984893886
"adenosine 3',5'-cyclic monophosphate (camp)",Metabolon HD4 [nt-ms],PAT,90,0.802036151323951
"adenosine 3',5'-cyclic monophosphate (camp)",Metabolon HD4 [nt-ms],PAT,120,0.375991400638256
alpha-ketoglutarate,Metabolon HD4 [nt-ms],PAT,0,0
alpha-ketoglutarate,Metabolon HD4 [nt-ms],PAT,15,0.765952716300356
alpha-ketoglutarate,Metabolon HD4 [nt-ms],PAT,30,3.91901090896854
alpha-ketoglutarate,Metabolon HD4 [nt-ms],PAT,45,1.18180933181936
alpha-ketoglutarate,Metabolon HD4 [nt-ms],PAT,60,0.479086267939202
alpha-ketoglutarate,Metabolon HD4 [nt-ms],PAT,90,1.05400015949164
alpha-ketoglutarate,Metabolon HD4 [nt-ms],PAT,120,0.811137193949701
fumarate,Metabolon HD4 [nt-ms],PAT,0,0
fumarate,Metabolon HD4 [nt-ms],PAT,15,1.01327282882113
fumarate,Metabolon HD4 [nt-ms],PAT,30,6.4940156695631
fumarate,Metabolon HD4 [nt-ms],PAT,45,2.30965918901598
fumarate,Metabolon HD4 [nt-ms],PAT,60,0.84585258727013
fumarate,Metabolon HD4 [nt-ms],PAT,90,0.28316141520536
fumarate,Metabolon HD4 [nt-ms],PAT,120,0.291428927146347
hypoxanthine,Metabolon HD4 [nt-ms],PAT,0,0
hypoxanthine,Metabolon HD4 [nt-ms],PAT,15,0.281967353259407
hypoxanthine,Metabolon HD4 [nt-ms],PAT,30,3.32849714297025
hypoxanthine,Metabolon HD4 [nt-ms],PAT,45,5.97862923338303
hypoxanthine,Metabolon HD4 [nt-ms],PAT,60,2.27766910552435
hypoxanthine,Metabolon HD4 [nt-ms],PAT,90,0.738291567903493
hypoxanthine,Metabolon HD4 [nt-ms],PAT,120,0.437340199457539
inosine,Metabolon HD4 [nt-ms],PAT,0,0
inosine,Metabolon HD4 [nt-ms],PAT,15,0.375611788331656
inosine,Metabolon HD4 [nt-ms],PAT,30,2.1911915238136
inosine,Metabolon HD4 [nt-ms],PAT,45,4.91121339045714
inosine,Metabolon HD4 [nt-ms],PAT,60,6.29723425968
inosine,Metabolon HD4 [nt-ms],PAT,90,0.318422668410388
inosine,Metabolon HD4 [nt-ms],PAT,120,0.708997369910918
lactate,Metabolon HD4 [nt-ms],PAT,0,0
lactate,Metabolon HD4 [nt-ms],PAT,15,1.05776082896405
lactate,Metabolon HD4 [nt-ms],PAT,30,3.05280747609964
lactate,Metabolon HD4 [nt-ms],PAT,45,0.914240571617934
lactate,Metabolon HD4 [nt-ms],PAT,60,0.236533530922494
lactate,Metabolon HD4 [nt-ms],PAT,90,0.102147757402158
lactate,Metabolon HD4 [nt-ms],PAT,120,0.0958019209847932
malate,Metabolon HD4 [nt-ms],PAT,0,0
malate,Metabolon HD4 [nt-ms],PAT,15,1.6261991716888
malate,Metabolon HD4 [nt-ms],PAT,30,6.14159156149692
malate,Metabolon HD4 [nt-ms],PAT,45,2.53748935456929
malate,Metabolon HD4 [nt-ms],PAT,60,0.505640441692159
malate,Metabolon HD4 [nt-ms],PAT,90,0.215076081021966
malate,Metabolon HD4 [nt-ms],PAT,120,0.148676326720757
methylsuccinate,Metabolon HD4 [nt-ms],PAT,0,0
methylsuccinate,Metabolon HD4 [nt-ms],PAT,15,1.64603510046256
methylsuccinate,Metabolon HD4 [nt-ms],PAT,30,4.19573335109881
methylsuccinate,Metabolon HD4 [nt-ms],PAT,45,0.22119373057065
methylsuccinate,Metabolon HD4 [nt-ms],PAT,60,0.828677873991941
methylsuccinate,Metabolon HD4 [nt-ms],PAT,90,0.504634996806113
methylsuccinate,Metabolon HD4 [nt-ms],PAT,120,0.559344292565744
n-acetylmethionine,Metabolon HD4 [nt-ms],PAT,0,0
n-acetylmethionine,Metabolon HD4 [nt-ms],PAT,15,0.651055694363954
n-acetylmethionine,Metabolon HD4 [nt-ms],PAT,30,0.913180200198825
n-acetylmethionine,Metabolon HD4 [nt-ms],PAT,45,1.63858735790936
n-acetylmethionine,Metabolon HD4 [nt-ms],PAT,60,0.877183460610072
n-acetylmethionine,Metabolon HD4 [nt-ms],PAT,90,0.730176095057367
n-acetylmethionine,Metabolon HD4 [nt-ms],PAT,120,0.632634571007702
n-acetyltryptophan,Metabolon HD4 [nt-ms],PAT,0,0
n-acetyltryptophan,Metabolon HD4 [nt-ms],PAT,15,0.275060874239675
n-acetyltryptophan,Metabolon HD4 [nt-ms],PAT,30,3.91250336933723
n-acetyltryptophan,Metabolon HD4 [nt-ms],PAT,45,1.10481226998439
n-acetyltryptophan,Metabolon HD4 [nt-ms],PAT,60,0.395131754076107
n-acetyltryptophan,Metabolon HD4 [nt-ms],PAT,90,0.291590714092318
n-acetyltryptophan,Metabolon HD4 [nt-ms],PAT,120,0.168617901481149
pantothenate,Metabolon HD4 [nt-ms],PAT,0,0
pantothenate,Metabolon HD4 [nt-ms],PAT,15,0.425977326595785
pantothenate,Metabolon HD4 [nt-ms],PAT,30,1.84158251273618
pantothenate,Metabolon HD4 [nt-ms],PAT,45,0.427622237883715
pantothenate,Metabolon HD4 [nt-ms],PAT,60,0.200542159891597
pantothenate,Metabolon HD4 [nt-ms],PAT,90,0.336155461613472
pantothenate,Metabolon HD4 [nt-ms],PAT,120,0.353624926082667
pyruvate,Metabolon HD4 [nt-ms],PAT,0,0
pyruvate,Metabolon HD4 [nt-ms],PAT,15,0.808455882741795
pyruvate,Metabolon HD4 [nt-ms],PAT,30,0.924766616311141
pyruvate,Metabolon HD4 [nt-ms],PAT,45,1.66536422246024
pyruvate,Metabolon HD4 [nt-ms],PAT,60,1.05555644476301
pyruvate,Metabolon HD4 [nt-ms],PAT,90,0.42709617003026
pyruvate,Metabolon HD4 [nt-ms],PAT,120,0.209546643756121
succinate,Metabolon HD4 [nt-ms],PAT,0,0
succinate,Metabolon HD4 [nt-ms],PAT,15,1.14554195982805
succinate,Metabolon HD4 [nt-ms],PAT,30,6.48054410091104
succinate,Metabolon HD4 [nt-ms],PAT,45,0.637199133419387
succinate,Metabolon HD4 [nt-ms],PAT,60,0.109437613284556
succinate,Metabolon HD4 [nt-ms],PAT,90,0.0349362616169173
succinate,Metabolon HD4 [nt-ms],PAT,120,0.0447182289736647
vanillylmandelate (vma),Metabolon HD4 [nt-ms],PAT,0,0
vanillylmandelate (vma),Metabolon HD4 [nt-ms],PAT,15,0.736290902677961
vanillylmandelate (vma),Metabolon HD4 [nt-ms],PAT,30,1.12216352563615
vanillylmandelate (vma),Metabolon HD4 [nt-ms],PAT,45,1.11239649649814
vanillylmandelate (vma),Metabolon HD4 [nt-ms],PAT,60,0.475704102323999
vanillylmandelate (vma),Metabolon HD4 [nt-ms],PAT,90,0.849240620699157
vanillylmandelate (vma),Metabolon HD4 [nt-ms],PAT,120,0.362714553232855
xanthine,Metabolon HD4 [nt-ms],PAT,0,0
xanthine,Metabolon HD4 [nt-ms],PAT,15,1.19867345781044
xanthine,Metabolon HD4 [nt-ms],PAT,30,1.91714704642887
xanthine,Metabolon HD4 [nt-ms],PAT,45,2.13962814910742
xanthine,Metabolon HD4 [nt-ms],PAT,60,1.29012860002788
xanthine,Metabolon HD4 [nt-ms],PAT,90,1.02497990429215
xanthine,Metabolon HD4 [nt-ms],PAT,120,1.23157895599529
xanthosine,Metabolon HD4 [nt-ms],PAT,0,0
xanthosine,Metabolon HD4 [nt-ms],PAT,15,0.292188796848677
xanthosine,Metabolon HD4 [nt-ms],PAT,30,1.73153653651882
xanthosine,Metabolon HD4 [nt-ms],PAT,45,3.98896233466443
xanthosine,Metabolon HD4 [nt-ms],PAT,60,2.66685944872271
xanthosine,Metabolon HD4 [nt-ms],PAT,90,2.37845741444707
xanthosine,Metabolon HD4 [nt-ms],PAT,120,1.97595259475018
