metabolite,mean_diff_SLD_OGTT,pvalue_SLD_OGTT,mean_diff_OLTT_OGTT,pvalue_OLTT_OGTT,significant_response
"1,5-anhydroglucitol (1,5-AG)",0.0698794481386254,0.1023979002514,-0.000471470902251921,0.99163080133516,FALSE
"1,7-dimethylurate",-0.588837821736117,1.22313094285249e-07,-0.941464017570405,0.00246372037760748,TRUE
1-(1-enyl-oleoyl)-GPC (P-18:1)*,0.109926836657118,0.179391786038631,0.0254136001892524,0.789715151430287,TRUE
1-(1-enyl-oleoyl)-GPE (P-18:1)*,0.0783258639014037,0.465568003472228,0.672888035272685,0.00276350557074588,TRUE
1-(1-enyl-palmitoyl)-GPC (P-16:0)*,0.0852430993326034,0.331965193406712,0.0633856985581366,0.465863855969329,TRUE
1-(1-enyl-palmitoyl)-GPE (P-16:0)*,0.0477889157384536,0.639228564066565,0.0837175317750358,0.500503420605486,FALSE
1-(1-enyl-stearoyl)-GPC (P-18:0) *,0.0737620305567147,0.464816909326213,0.142203755430362,0.173515918583249,FALSE
1-(1-enyl-stearoyl)-GPE (P-18:0)*,-0.0910537885954485,0.356407377149619,0.629523181462944,0.00524959717576844,FALSE
1-adrenoyl-GPC (22:4)*,0.0380349732231338,0.714417572785249,0.20540504756224,0.166756948337677,FALSE
1-arachidonoyl-GPC (20:4n6)*,-0.00749624132899132,0.917321704538284,0.255132845668362,0.0280631483838064,FALSE
1-arachidonoyl-GPE (20:4n6)*,-0.282018376506907,0.00155861161249248,0.0427738419744786,0.52330729369978,TRUE
1-arachidonoyl-GPI (20:4)*,-0.249569175038351,0.000910052677605992,0.806504511376984,0.000441309922001148,TRUE
1-arachidonylglycerol (20:4),0.143336272187511,0.472272062741566,0.765488094076007,0.0288027932505061,FALSE
1-arachidoyl-GPC (20:0),0.0142133596721413,0.883747752711014,0.291282514879686,0.0163569504436227,FALSE
1-behenoyl-GPC (22:0),-0.0321968610358013,0.570038332343751,0.0497184243320387,0.512788624949457,FALSE
1-dihomo-linolenoyl-GPC (20:3n3 or 6)*,-0.109116607043003,0.230220139663976,0.162503810514007,0.170294890683218,FALSE
1-dihomo-linolenoyl-GPE (20:3n3 or 6)*,-0.238978006322153,0.0815413116563869,0.521784045151449,0.0637559398746766,FALSE
1-dihomo-linoleoyl-GPC (20:2)*,-0.0898289357173844,0.332167683619524,-0.0260533118460655,0.793391240568303,FALSE
1-docosahexaenoyl-GPC (22:6)*,-0.0732428606119412,0.407848772422451,0.419808285325395,0.000890381967915814,FALSE
1-docosahexaenoyl-GPE (22:6)*,-0.204148101638549,0.0740073952904152,0.138840506295551,0.106297730936485,TRUE
1-docosapentaenoyl-GPC (22:5n3)*,-0.0762240084064208,0.389887538270076,0.221191519461049,0.0943510629453947,FALSE
1-docosapentaenoyl-GPC (22:5n6)*,-0.115985841938204,0.10583520856615,0.200160531981705,0.112586189390081,FALSE
1-eicosapentaenoyl-GPC (20:5)*,-0.158384809522119,0.100638504450845,0.0553978063734938,0.648566674902282,FALSE
1-eicosapentaenoyl-GPE (20:5)*,-0.404137395519519,0.0121781172727364,0.191274775452855,0.446184384425917,TRUE
1-eicosenoyl-GPC (20:1)*,-0.000213756456792093,0.997676456406851,0.386747820872703,0.000345933062582589,FALSE
1-linolenoyl-GPC (18:3)*,-0.317422817599934,0.00468113162349685,0.389311299519162,0.00278989587614573,TRUE
1-linoleoyl-GPC (18:2),-0.234407086025954,0.00351191538309087,-0.0100721054095363,0.889159901784622,TRUE
1-linoleoyl-GPE (18:2)*,-0.457570419369991,1.1545393354867e-05,-0.197475637599619,0.00529657148643227,TRUE
1-linoleoyl-GPI (18:2)*,-0.487901584097303,7.54619362990025e-06,0.679056235101763,0.0137586271412792,FALSE
1-linoleoylglycerol (18:2),-0.0306487727182336,0.793961688029685,0.570788656176161,0.0621635824396875,FALSE
1-margaroyl-GPC (17:0),-0.0259449631124927,0.73976247718863,-0.00531226120189734,0.954288823613082,TRUE
1-methylguanidine,-0.166644743758589,0.0518768386584154,0.134195707455318,0.344991632079831,FALSE
1-methylhistidine,-0.209819596596162,0.00159816200962312,-0.3995615972867,2.54014704779869e-06,TRUE
1-methylimidazoleacetate,-0.052979155945934,0.247634087555032,0.0165849733020883,0.836843509996812,FALSE
1-methylnicotinamide,0.666500460512823,0.000184177027372965,-0.112006465536012,0.414949177024497,TRUE
1-methylurate,-0.215963300044932,0.147060906685595,-0.817314565939539,0.0251863259423591,FALSE
1-methylxanthine,-0.419077025974898,0.000906708574621226,-0.987051716617408,0.000283042234213069,FALSE
1-myristoyl-GPC (14:0),-0.0797698178868871,0.318243419752892,-0.633935834245001,2.75258188035775e-05,FALSE
1-nonadecanoyl-GPC (19:0),-0.0598359996971625,0.435482971742491,-0.0739409704270496,0.46933045615644,FALSE
1-oleoyl-GPC (18:1),-0.134694473117954,0.0541643953900255,0.244921701923927,0.00240924301872584,TRUE
1-oleoyl-GPE (18:1),-0.555386744410639,4.8206806749292e-06,0.211841676358775,0.0204680758412755,TRUE
1-oleoyl-GPI (18:1)*,-0.52167855639819,0.00179044626744358,0.586802741038769,0.0765206694209596,FALSE
1-palmitoleoyl-GPC (16:1)*,-0.0573039353627434,0.355900544788409,-0.0184771161418174,0.820811615101279,TRUE
1-palmitoyl-GPC (16:0),-0.0321178120721929,0.648336331857695,-0.061235989126365,0.380497975120618,TRUE
1-palmitoyl-GPE (16:0),-0.143983277339801,0.0292000198763752,-0.176517232707126,0.0177738442813322,TRUE
1-palmitoyl-GPG (16:0)*,0.0560350461919015,0.667561701289311,0.363325817486465,0.0558830492070793,FALSE
1-palmitoyl-GPI (16:0)*,0.0399120528355646,0.626434376487105,0.505629301685729,0.0392825414952864,FALSE
1-palmitoylglycerol (16:0),-0.0332178055544372,0.851833999644005,0.380880480301292,0.173498039449564,FALSE
1-palmityl-GPC (O-16:0),0.0589097912608432,0.508334095997007,0.0842392967412972,0.422355234044625,TRUE
1-pentadecanoyl-GPC (15:0)*,-0.0151909432526885,0.791803937459164,-0.193306406303102,0.02224999851416,TRUE
1-stearoyl-GPC (18:0),-0.00764715441851878,0.907548363495502,0.0600215314856676,0.443135161057933,FALSE
1-stearoyl-GPE (18:0),-0.0882576635347716,0.16001105899122,-0.131239207690457,0.0723514674279082,TRUE
1-stearoyl-GPI (18:0),0.148840545648459,0.0749871147509501,0.784200801575141,0.00330003313438265,FALSE
1-stearyl-GPC (O-18:0)*,0.100322026153018,0.233903268976419,0.131173017176814,0.223324242151389,FALSE
10-undecenoate (11:1n1),-0.206709023652504,0.000163526698976933,0.0711438485249163,0.614408121202063,TRUE
12-HETE,1.30518083416144,0.00295283601129361,1.77431188238835,0.00370313698404553,FALSE
13-HODE + 9-HODE,-0.159811216105583,0.633605880463526,0.873600254663584,0.00159715639515697,TRUE
15-methylpalmitate,-0.308234888166148,0.0260702470294984,0.959728577309134,0.000447841045370785,TRUE
16-hydroxypalmitate,0.0271325014391694,0.747273410581317,0.379605244428354,0.0281208482535988,TRUE
16a-hydroxy DHEA 3-sulfate,-0.120868001587998,0.0191157442977864,0.183742840651295,0.0639696229031443,FALSE
17-methylstearate,-0.345433372049328,0.00317897082542109,0.657151264253364,0.0067768387723417,TRUE
17alpha-hydroxypregnenolone sulfate,-0.222353709804995,0.173446696359571,0.433675334881821,0.0585238306093823,TRUE
2'-deoxyuridine,0.214579582043871,0.063376684184799,0.124671388670976,0.350927582637551,FALSE
"2,3-dihydroxyisovalerate",0.0236134338668626,0.893006340387855,-0.571375049472907,0.0822651846769052,TRUE
2-aminoadipate,-0.102776476906724,0.340494600900377,0.0457933402154385,0.745611416553581,TRUE
2-aminobutyrate,-0.308984839252704,2.2546951308285e-06,0.248282345525757,0.0042685075384574,TRUE
2-aminoheptanoate,-0.144194496651218,0.00512667460343154,-0.761185261992551,5.05534978198934e-06,TRUE
2-aminooctanoate,-0.274930723186053,0.0426308943058579,0.346868761703941,0.0123211382747048,FALSE
2-aminophenol sulfate,-0.781024873972291,3.05970219434283e-05,-3.37178499744249,1.28784707699079e-06,TRUE
2-arachidonoyl-GPC (20:4)*,-0.044449776144484,0.797135539361577,0.889305455262322,0.00044139918724317,FALSE
2-arachidonoyl-GPE (20:4)*,-0.200618780795925,0.043892627611574,0.573646264509456,0.0156700050676982,FALSE
2-docosahexaenoyl-GPC (22:6)*,-0.259472533807752,0.0107692448256032,0.920342009831616,0.000549373090943053,FALSE
2-docosahexaenoyl-GPE (22:6)*,-0.193344592281585,0.120522897366784,0.647628431370359,0.0107581357574031,FALSE
2-hydroxy-3-methylvalerate,-0.391812170150455,1.36122541636524e-06,0.477401212459454,8.91600939666362e-05,TRUE
2-hydroxybutyrate/2-hydroxyisobutyrate,-0.234817957790042,0.000384550531518618,0.420927871188712,0.00793044626820618,TRUE
2-hydroxydecanoate,-0.359890970452436,0.000156772882234453,-0.237250874377617,0.0648684319685822,TRUE
2-hydroxyglutarate,0.190431381086645,0.134860330671722,-0.142271369053304,0.244761323816792,FALSE
2-hydroxyoctanoate,-0.14777824841443,0.121644142297303,0.200369748615135,0.124859634040234,TRUE
2-hydroxypalmitate,-0.0496342825771941,0.597671575494025,0.660385998941853,0.00292154660802733,TRUE
2-hydroxyphenylacetate,-0.149526733565795,0.342943117255281,0.0728970981332811,0.713549632967889,TRUE
2-hydroxystearate,-0.081219558438005,0.447852079489001,0.694118576074303,0.00196055329474412,TRUE
2-linoleoyl-GPC (18:2)*,-0.380659733997019,1.384824399652e-05,0.441332847898199,0.0211187055977921,TRUE
2-linoleoyl-GPE (18:2)*,-0.447202530854778,0.0018778803684311,0.413693772859809,0.0424800361043529,TRUE
2-linoleoylglycerol (18:2),-0.0198372619443864,0.895110599964533,0.536862744639775,0.0572340810952388,FALSE
2-methylbutyrylcarnitine (C5),-0.373060448485839,0.000868943852655966,0.0250716475268911,0.798644758259873,TRUE
2-methylmalonyl carnitine,-0.148781585188611,0.414622791545441,0.182359593729503,0.36861107157189,FALSE
2-myristoyl-GPC (14:0)*,-0.155607143362365,0.106588495482766,-0.795737975287609,2.37085911930579e-05,FALSE
2-oleoyl-GPC (18:1)*,-0.226073251772771,0.00115446116095328,0.679471709703752,0.0019424820494503,FALSE
2-oleoyl-GPE (18:1)*,-0.477085071280255,0.00726057799478635,0.601510537261393,0.0414847316720124,TRUE
2-palmitoyl-GPC (16:0)*,-0.191371682207397,0.0331431578935432,0.443928613403375,0.0177972528310621,FALSE
2-palmitoyl-GPE (16:0)*,-0.0362733763716788,0.805565785235225,0.440950524119178,0.0968089591397016,FALSE
2-piperidinone,-0.102477949311152,0.364604760298704,-0.123617773035477,0.753153877170296,FALSE
2-pyrrolidinone,0.00442241025094762,0.972482042297667,-0.117017924632381,0.460767612660087,FALSE
2-stearoyl-GPE (18:0)*,-0.0842154408452233,0.486587911228182,0.546794687206563,0.0128814584516644,FALSE
21-hydroxypregnenolone disulfate,0.152934636586991,0.0780460025051437,0.329697525568336,0.0129715965184763,FALSE
21-hydroxypregnenolone monosulfate (1),-0.152736445959022,0.299592706236767,0.358530202485195,0.0257217618978849,FALSE
"3,7-dimethylurate",-0.022110885273962,0.883503729878313,1.80170158326114,8.53118795595343e-09,TRUE
3-(4-hydroxyphenyl)lactate,-0.256148131401364,0.000175668391797228,0.389364295322779,4.36992696544367e-05,TRUE
3-aminoisobutyrate,-0.277571268921079,0.000648933495756097,0.223949811672504,0.0643863554399403,TRUE
3-carboxy-4-methyl-5-propyl-2-furanpropanoate (CMPF),0.0947313885450057,0.0187904609474545,0.264090535257262,0.0325173120634563,FALSE
3-hydroxy-2-ethylpropionate,-0.29539831115131,0.000597954381690652,0.380097330742918,0.000445989417649459,TRUE
3-hydroxy-3-methylglutarate,-0.151459774884366,0.0885868383509384,-0.063743577825851,0.528501227206212,TRUE
3-hydroxybutyrate (BHBA),-0.616661523375699,0.0396584882772739,0.522971576450769,0.221261860987328,TRUE
3-hydroxybutyrylcarnitine (1),-0.560786786478534,3.5730006410493e-06,0.725864900929096,0.00131244151098851,TRUE
3-hydroxybutyrylcarnitine (2),-0.626398098334991,0.000341796519883868,0.341453474257811,0.0203659075883329,TRUE
3-hydroxydecanoate,-0.438179260064062,0.0192549718549631,0.188539934966171,0.402142057547178,TRUE
3-hydroxyhippurate,-0.721753606440651,0.000438995831198795,-0.871270869855509,0.0236009261202219,TRUE
3-hydroxyisobutyrate,-0.603907837408388,0.000187253057007044,0.298622477646953,0.0558926964731778,TRUE
3-hydroxylaurate,-0.370558802371485,0.107151823987179,0.281526892311169,0.23096704347131,TRUE
3-hydroxymyristate,-0.0924125964585328,0.477329615510107,0.314578657477148,0.0311285096730146,TRUE
3-hydroxyoctanoate,-0.462020982623765,0.00580087619193461,0.260454961454542,0.124693114472362,TRUE
3-hydroxypyridine sulfate,-0.361724525638516,1.73241564445504e-05,-1.37916448717935,4.55464726459542e-05,TRUE
3-indoxyl sulfate,-0.00404530874606897,0.947865764958381,-0.223229809997632,0.150317547179346,FALSE
3-methoxytyrosine,0.00840884568020622,0.879291235287318,0.159988707588019,0.0882422742848247,FALSE
3-methyl-2-oxobutyrate,-0.224102407076447,0.000389253450135696,0.0617531188764183,0.473047600466563,TRUE
3-methyl-2-oxovalerate,-0.611792396169998,1.27297914512045e-06,0.201731905797981,0.0140341381332195,TRUE
3-methylcytidine,0.0959827345688364,0.0828910726783911,0.140310892459923,0.145769584584557,FALSE
3-methylglutarylcarnitine (2),0.0607757166806522,0.405409987207243,0.109671954923654,0.420703483451362,FALSE
3-methylhistidine,-0.422154034180706,2.27983332502011e-08,-1.25153122033512,2.93716966498848e-05,TRUE
3-methylxanthine,-0.382046573135523,0.000138083868524214,2.76670439630222,5.02282399060982e-08,TRUE
3-phenylpropionate (hydrocinnamate),-0.339905411897222,0.0144626890021369,-0.831619447946106,0.0126542976670657,TRUE
3-phosphoglycerate,0.356200794336602,0.0541953393878869,0.31031276645401,0.0562569909898751,TRUE
3-ureidopropionate,-0.0418267990824046,0.666607049481084,-0.0283429612884097,0.784002799219568,TRUE
3b-hydroxy-5-cholenoic acid,-0.0401222118121989,0.626031997803928,0.078341466027487,0.421238162236157,FALSE
"3beta,7alpha-dihydroxy-5-cholestenoate",0.0490963644160485,0.496111746144911,0.140704325887842,0.231047173109145,FALSE
4-acetamidobutanoate,-0.0358128599087108,0.643423661306858,0.0556129123892026,0.637930018857954,FALSE
4-allylphenol sulfate,0.123572840288351,0.0228378126974316,-0.412482450716851,0.141030036206677,TRUE
"4-androsten-3alpha,17alpha-diol monosulfate (2)",-0.307729539814029,0.00858931910741831,-0.0419248449297233,0.687636369044815,TRUE
"4-androsten-3alpha,17alpha-diol monosulfate (3)",0.0959408864186545,0.0391283062012555,0.389672596520316,0.000477072245926,FALSE
"4-androsten-3beta,17beta-diol disulfate (1)",0.0955017742575072,0.0209424338820197,0.084322579915935,0.183453448657281,FALSE
"4-androsten-3beta,17beta-diol disulfate (2)",0.162960103314271,0.00291201097981806,0.229297660120115,0.0327657799681572,FALSE
"4-androsten-3beta,17beta-diol monosulfate (1)",0.0537189744976568,0.174133461747053,0.131300215886529,0.112743217431285,TRUE
"4-androsten-3beta,17beta-diol monosulfate (2)",0.0426139488872143,0.461087986457389,-0.168013437020355,0.0355986317211053,FALSE
4-ethylphenylsulfate,-0.227101395268157,0.00780938065284389,-0.0298344015030249,0.931008018748867,FALSE
4-guanidinobutanoate,-0.0417160774538432,0.444518606491609,-0.337119249145826,0.00223512458999776,TRUE
4-hydroxychlorothalonil,0.112212490324861,0.306019594280917,0.173022565959914,0.190555379626267,FALSE
4-hydroxyhippurate,-0.314309959596968,0.0301948130984922,-0.0775596577189316,0.696586999051498,TRUE
4-hydroxyphenylacetatoylcarnitine,-0.101029751842995,0.174236195408692,-0.035238445819103,0.868428398180111,TRUE
4-hydroxyphenylpyruvate,-0.203725807524213,0.277266573644228,0.182957027249376,0.160314988872498,TRUE
4-methyl-2-oxopentanoate,-0.364993465920265,0.000196078016574469,0.357034711344571,7.75486026478314e-05,TRUE
4-methylcatechol sulfate,-0.277716167656352,0.0150305954359163,-0.0490961456139687,0.870835257602679,FALSE
4-vinylphenol sulfate,-0.317359271799579,1.16741588919335e-06,-1.47990306112733,7.08952819742543e-07,TRUE
"5,6-dihydrothymine",0.155085340395429,0.21328638751319,0.158293741893897,0.0457715992921083,FALSE
5-acetylamino-6-amino-3-methyluracil,-0.29825867528469,0.201482561053849,-1.01535425745283,0.0164230367632846,FALSE
5-dodecenoate (12:1n7),-0.252980448813912,0.173075955464143,0.598197767325733,0.0388226330701539,TRUE
5-hydroxyindoleacetate,-0.196459726085618,0.00752038549197478,0.202258437480456,0.00333425541450846,FALSE
5-hydroxylysine,-0.26178773728731,9.29028840956448e-05,0.183980206965125,0.0281329142158096,TRUE
5-methylthioadenosine (MTA),-0.153463068614823,0.00807367281853477,0.198366374616763,0.0309464274031233,TRUE
5-methyluridine (ribothymidine),-0.00854003749715306,0.867962304308779,0.125337748807172,0.00631567474310933,FALSE
5-oxoproline,-0.0904117721849126,0.0306941994210665,0.0458589569964714,0.680503717208437,FALSE
"5alpha-androstan-3alpha, 17beta-diol-17-glucosiduronate",-0.208839985240438,0.190907261582343,-0.174805978776813,0.110780701114559,FALSE
"5alpha-androstan-3alpha,17alpha-diol disulfate",0.0562708843719205,0.568080412442756,0.233212239305658,0.056730703884882,TRUE
"5alpha-androstan-3alpha,17alpha-diol monosulfate",0.0664520499975393,0.130154249796078,0.318063466406464,0.0115077093177928,FALSE
"5alpha-androstan-3alpha,17beta-diol disulfate",0.209085084348483,0.000568637335649476,0.145325066572317,0.323522934380229,FALSE
"5alpha-androstan-3alpha,17beta-diol monosulfate (1)",0.0616074111897149,0.144361321558941,0.0325567255454651,0.578301211748806,FALSE
"5alpha-androstan-3alpha,17beta-diol monosulfate (2)",0.0398169947066069,0.63354936389484,-0.118964902870069,0.527180179966302,FALSE
"5alpha-androstan-3beta,17alpha-diol disulfate",0.144048758491891,0.0900203396387903,0.318541570418321,0.0338208999516,FALSE
"5alpha-androstan-3beta,17beta-diol disulfate",0.134847753913799,0.00187713756186964,0.195856187827215,0.0783376398311911,FALSE
"5alpha-androstan-3beta,17beta-diol monosulfate (2)",0.0270918399460319,0.619110020432419,0.0438779542699909,0.63363626684775,FALSE
"5alpha-pregnan-3(alpha or beta),20beta-diol disulfate",0.364197124376457,0.00214181606902051,0.438716477409739,0.163706879000156,FALSE
"5alpha-pregnan-3beta,20alpha-diol disulfate",0.250019357152732,4.73825487824027e-05,0.255795137305402,0.0941993925750878,FALSE
"5alpha-pregnan-3beta,20alpha-diol monosulfate (2)",0.178214262777442,0.0106015887244128,-0.132799108157362,0.341182661097003,FALSE
"5alpha-pregnan-3beta,20beta-diol monosulfate (1)",0.128994026906122,0.0473178186327175,0.297061831823679,0.0307115827197175,FALSE
6-hydroxyindole sulfate,0.0241339802912526,0.709091524618196,-0.315929631089932,0.0629557626615106,FALSE
6-oxopiperidine-2-carboxylic acid,-0.0184172179055644,0.888300797751608,0.186086422900677,0.212363229432787,FALSE
7-alpha-hydroxy-3-oxo-4-cholestenoate (7-Hoca),0.250030076808549,0.00225045165526894,0.210239377126369,0.0270617706809093,TRUE
7-methylguanine,0.100017677336931,0.0286580697003564,0.113259360423449,0.144400100878492,TRUE
7-methylxanthine,-0.383297371664614,0.000126600391797276,2.75291695006313,5.36626377111733e-08,TRUE
"9,10-DiHOME",-0.274646474248717,0.241234608878203,0.21619980524007,0.336817239408145,TRUE
C-glycosyltryptophan,0.147365421343688,0.0756362159334542,0.441888336820528,0.00668449439029235,FALSE
C0 (carnitine),-0.0236841805726167,0.300852431642385,-0.0849410915055389,0.127875632863574,FALSE
C10 (decanoylcarnitine),-0.186367337611912,0.112256637585455,0.294097632383239,0.0927899046314589,TRUE
C10:1 (decenoylcarnitine),-0.149599082305036,0.0584924846457069,0.255611994138697,0.0448251317796445,TRUE
C12 (dodecanoylcarnitine),-0.299947367432513,0.00388196347648996,0.149479592194947,0.343616515468393,TRUE
C12:1 (dodecenoylcarnitine),-0.125001057846708,0.199738581161958,0.322556218754199,0.0289991333583309,TRUE
C14 (tetradecanoylcarnitine),-0.177601467688139,0.000547461631391753,-0.0840362484777373,0.229693425705347,TRUE
C14:1 (tetradecenoylcarnitine),-0.182288075434081,0.00861320056396983,0.299644953199322,0.0507985974793666,TRUE
C14:1-OH (hydroxytetradecenoylcarnitine),-0.249748630199073,0.010136444979059,0.0379595539681352,0.747236014805757,TRUE
C14:2 (tetradecadienylcarnitine),-0.345324587510536,0.00394700249451995,0.391346508957981,0.0399818477968703,TRUE
C16 (hexadecanoylcarnitine),-0.276124297698666,6.51529941976784e-06,-0.1145296527187,0.0864216336232928,TRUE
C16-OH (hydroxyhexadecanoylcarnitine),0.124013811041035,0.174242520097178,0.100127170500446,0.197993641830435,FALSE
C16:1-OH (hexadecenoylcarnitine),-0.074831598268327,0.0926630682239983,-0.00324690169976982,0.961412435600785,FALSE
C16:2 (hexadecadienylcarnitine),-0.0325718642864548,0.808385032266178,0.382012500966702,0.00384241660557197,TRUE
C16:2-OH (hydroxyhexadecadienylcarnitine),-0.112934646802599,0.242769309622018,0.0316895836943569,0.741029548324379,FALSE
C18 (octadecanoylcarnitine),-0.109087098936161,0.0340756656693673,-0.174258959566136,0.0387357843757528,FALSE
C18:1 (octadecenoylcarnitine),-0.253705908497288,2.6455555144951e-06,0.306717123876925,0.00226977633020021,TRUE
C18:2 (octadecadienylcarnitine),-0.149737483653434,0.0325192491953867,0.157372030258314,0.0642828311646313,TRUE
C2 (acetylcarnitine),-0.283305423162717,0.000247033946561352,0.186666572625119,0.0893802751708264,TRUE
C3 (propionylcarnitine),-0.28715320605573,2.24008475224505e-07,-0.17893361686737,0.0484718953254189,TRUE
C4 (butyrylcarnitine),-0.197712440777128,0.00191247377737482,-0.112990135111633,0.157304421615308,TRUE
C4:1-DC (fumarylcarnitine) and C6 (hexanoylcarnitine),-0.182100771147932,0.0143990765256321,0.250684642471819,0.0207339991215177,TRUE
C5 (valerylcarnitine),-0.392414320969139,0.0013393615460438,-0.186674066357007,0.11066299607101,TRUE
C5:1( tiglylcarnitine),-0.0695672670932677,0.392036538415705,-0.0805657473120256,0.204950084898643,FALSE
C5:1-DC (glutaconylcarnitine),0.0356877680437995,0.76406375081536,0.0233515688150101,0.770427125236318,FALSE
C6-OH (glutarylcarnitine) and C5-DC (hydroxyhexanoylcarnitine),0.00121329246709845,0.991464810099768,0.0913970166614728,0.374901425884427,FALSE
C7-DC (pimelylcarnitine),-0.320685240922154,0.0104555272955961,-0.0136023397898928,0.924919683572945,TRUE
C8 (octanoylcarnitine),-0.196851255463513,0.0471556102561782,0.227971968228092,0.110832763011092,TRUE
C8:1 (octenoylcarnitine),-0.105225889624878,0.0218703353760748,0.837472304348893,1.65477097118024e-08,TRUE
DSGEGDFXAEGGGVR*,-0.230028821691809,0.522633247157154,0.0314332521113842,0.930715267501135,TRUE
EDTA,0.12627862300424,0.0191789065930996,0.130403091404417,0.0491738500632889,FALSE
H1 (hexose),-0.186810062239445,0.000999002164114937,-0.0361189801594257,0.486945473394805,TRUE
N-acetyl-1-methylhistidine*,0.0613410933968767,0.374118806547781,-0.160498737661823,0.235416146532363,FALSE
N-acetyl-3-methylhistidine*,-0.178193509215615,0.347282229228132,-1.14260488200803,4.33470612006968e-06,FALSE
N-acetyl-aspartyl-glutamate (NAAG),0.131399066129636,0.597409533308517,0.279687574579662,0.256749550087608,FALSE
N-acetyl-beta-alanine,-0.176814529288732,0.0806331135850975,-0.0409988996727294,0.676405631481041,FALSE
N-acetyl-cadaverine,0.11178588313516,0.527069086229755,-0.608615055888592,0.0675586229335146,FALSE
N-acetylalanine,-0.0194318211165743,0.72653415413237,0.232336476202683,0.00138899120981215,FALSE
N-acetylalliin,-0.332893331348422,0.000312786025862768,-1.65402205827924,5.29116836791745e-06,TRUE
N-acetylarginine,-0.106174808997348,0.0662913526481803,-0.0774962889796992,0.253431002518531,FALSE
N-acetylaspartate (NAA),0.168424810730902,0.00907917753821505,0.136509481766248,0.109086483024339,FALSE
N-acetylcarnosine,0.180619544416967,0.000862604693660723,0.0967821044587544,0.326280737250304,TRUE
N-acetylcitrulline,0.0970432983934346,0.594031184084665,-0.332925778807878,0.207308413898085,TRUE
N-acetylglucosaminylasparagine,0.0234941663346832,0.838254976843171,0.183213835342186,0.165246209355127,FALSE
N-acetylglutamate,-0.363318938287135,0.00184278285876067,0.0601983100589045,0.551242069896146,TRUE
N-acetylglutamine,-0.048358086392122,0.586268863184104,0.000119051029411524,0.999071290631182,FALSE
N-acetylglycine,-0.181698922989403,0.0300910799342541,0.43454204511009,0.036523359055145,TRUE
N-acetylhistidine,-0.0222236217465187,0.879614105171064,-0.140314889631934,0.405278044673232,FALSE
N-acetylisoleucine,-0.130901169871167,0.22720380350346,-0.00676479282668191,0.925602168898635,TRUE
N-acetylkynurenine (2),0.0655803217760867,0.552217970612625,-0.120393832741053,0.45404359174468,TRUE
N-acetylleucine,-0.296742323869305,0.000950832705402338,-0.0815165303083381,0.336669514309461,TRUE
N-acetylmethionine,0.0171489260558693,0.764702300984598,0.197926870494088,0.016175790185136,FALSE
N-acetylneuraminate,0.0566957946890712,0.325472980207536,0.196592002145193,0.0285330188840774,FALSE
N-acetylphenylalanine,-0.0811734118681171,0.204388144879748,-0.0127688742787836,0.915911820642686,TRUE
N-acetylputrescine,0.116782341717967,0.0585375425599663,0.0381351945052833,0.699007185177415,FALSE
N-acetylserine,-0.120536934378957,0.00571475881577651,-0.0736388116776604,0.100399188859706,FALSE
N-acetyltaurine,-0.0106251812492914,0.880361290102701,0.138986115200847,0.0742530291043815,FALSE
N-acetylthreonine,0.0468661554953699,0.818740126408954,0.234437535861336,0.124237426307178,FALSE
N-acetyltryptophan,-0.127734570008203,0.191269532482905,-0.106878919488004,0.329390256107939,TRUE
N-acetyltyrosine,-0.185917582289914,0.016969463881514,-0.208397472967624,0.0630758962885707,TRUE
N-acetylvaline,-0.128065385218836,0.0391122292677651,0.194912379065272,0.00911545839084877,FALSE
N-delta-acetylornithine,-0.156261120344433,3.5604988642315e-05,0.00979295847238991,0.94441455681887,FALSE
N-formylmethionine,0.0367107932397942,0.456507706208299,0.162235706553958,0.0205551592887441,FALSE
N-formylphenylalanine,-0.437391195926755,0.0294278418153246,-0.0558756177113671,0.73875663864609,TRUE
N-methyl-4-aminobutyric acid,0.142242256296034,0.550081236713125,0.256939045026641,0.347812011988291,FALSE
N-methylpipecolate,-0.0363843377755522,0.659741167849609,0.0195087279864011,0.779241756898953,FALSE
N-methylproline,-0.159018267421645,0.000298057595640404,-0.107990512012736,0.56734368896012,FALSE
N-palmitoyl glycine,-0.291611514963859,0.00915687551351309,0.626383956088706,0.00264964476166987,TRUE
N1-Methyl-2-pyridone-5-carboxamide,0.299367400535476,2.96196951975848e-06,0.434331549773623,0.000207115488010748,FALSE
N1-methyladenosine,0.0900470100680569,0.0797863619837008,0.116826826080732,0.170058841791015,FALSE
"N2,N2-dimethylguanosine",0.0405514278359161,0.500083472764941,0.14847886110884,0.0927467378424306,FALSE
"N2,N5-diacetylornithine",-0.0689287646158252,0.540977644381968,-0.358898206991817,0.0158919132109289,FALSE
N4-acetylcytidine,-0.0216361687972554,0.832729008149786,0.277341434005573,0.0536805037765424,FALSE
"N6,N6,N6-trimethyllysine",-0.355940037915561,1.21873076789048e-05,-0.151436767830502,0.053447350935778,TRUE
N6-acetyllysine,-0.202692206940048,0.0679985494665201,0.0757048304368787,0.437896567330399,TRUE
N6-carbamoylthreonyladenosine,0.0867460503528856,0.154195545154754,0.105526989181079,0.241979841916424,TRUE
N6-succinyladenosine,0.189549955772881,0.182384834781741,0.307511130275713,0.00619726110663787,FALSE
O-acetylhomoserine,-1.1453399366864,3.37317538502684e-12,-2.8465774853626,3.25525204538265e-07,TRUE
O-methylcatechol sulfate,-0.57219395129406,5.98104569971691e-07,0.393057997878395,0.0657022101118622,TRUE
O-sulfo-L-tyrosine,-0.0958917576894608,0.141246484027637,-0.0764979428770127,0.305309435240325,TRUE
PC aa C28:1,0.00606065617356233,0.868010935497354,-0.0269367703400167,0.476762441135125,FALSE
PC aa C30:0,-0.131108159960249,0.000259993270248925,-0.570794213788747,1.02132141897428e-06,FALSE
PC aa C32:0,-0.0432575719300981,0.198034451732034,-0.260512312066864,0.000586818100840987,FALSE
PC aa C32:1,-0.116037568755167,0.00916148611106813,-0.505559796822643,1.37027173997186e-05,FALSE
PC aa C32:2,-0.195249896817667,8.53942266001339e-05,-0.854283300434964,1.3376534888586e-08,FALSE
PC aa C32:3,-0.0970924565883846,0.0411844719820198,-0.175402237953691,0.00587861820941195,FALSE
PC aa C34:1,-0.0487622890980077,0.0782604512378828,-0.0789205262772539,0.206804223177556,FALSE
PC aa C34:2,-0.106532077134396,0.000185177915542772,-0.188112228171342,0.000658673557168553,FALSE
PC aa C34:3,-0.183954522340419,8.97711883189358e-06,-0.0744074601440992,0.222389666455009,FALSE
PC aa C34:4,-0.183875165398506,2.88614044315876e-05,-0.58842194489676,1.16953400146249e-07,FALSE
PC aa C36:0,0.018575466682238,0.761172434677753,-0.146501418772707,0.0129193877673071,FALSE
PC aa C36:1,-0.0752806178370342,0.0125985943144747,-0.0851824182157568,0.208786133619361,FALSE
PC aa C36:2,-0.119797336594776,0.00037500418051871,-0.144350996898569,0.00919955804468021,TRUE
PC aa C36:3,-0.0842877432748281,0.00811464975866256,-0.0921084869128865,0.054660603942328,FALSE
PC aa C36:4,-0.0661311707951766,0.00676859224936595,-0.0845253588967365,0.126667016027348,FALSE
PC aa C36:5,-0.0976965554325115,0.00229724104725715,-0.196471578455291,0.00559528534817446,FALSE
PC aa C36:6,-0.0896344761557796,0.00909554919819521,-0.387654094881882,2.11805335491517e-05,FALSE
PC aa C38:0,0.0397694020658805,0.222358368207864,-0.0451894834606841,0.436984505491574,FALSE
PC aa C38:3,-0.00062447863270787,0.980083518170007,-0.0764490133139164,0.175686743699948,FALSE
PC aa C38:4,-0.024773661654641,0.320448964958213,0.0340900948638172,0.575154055452869,FALSE
PC aa C38:5,-0.0298981997843892,0.229588694739847,0.00442235540338931,0.938776277399618,FALSE
PC aa C38:6,-0.0137017472417247,0.605649481874568,0.0420888384189242,0.5262051649272,FALSE
PC aa C40:1,0.102534023570457,0.158061171236217,0.130954339943717,0.0425753423566469,FALSE
PC aa C40:2,0.184890062075423,0.0534261510468154,0.149683958460271,0.0486080510335131,FALSE
PC aa C40:3,0.0942489315186931,0.0746429316905457,0.0392518476767999,0.477033966021752,FALSE
PC aa C40:4,0.0316332086734956,0.332670312320965,-0.0218530870358391,0.718323777767536,FALSE
PC aa C40:5,0.0194013238322643,0.520129471864038,0.000199933517247342,0.997595245590169,FALSE
PC aa C40:6,0.000741140584866074,0.97848468418621,0.0356847401908267,0.603151067468785,FALSE
PC aa C42:0,0.0635268995309733,0.172907010126756,0.064249046789238,0.17834881616896,FALSE
PC aa C42:1,0.0359066472676972,0.419293366655107,0.0669132127583507,0.146793352063921,FALSE
PC aa C42:2,0.07074455195036,0.294018191720117,0.0445594287213282,0.41999165544632,FALSE
PC aa C42:4,0.0377848754670493,0.616363867052105,0.0833040324479502,0.239027349159995,FALSE
PC aa C42:5,0.0703899718013437,0.16402123885598,0.0692933775539906,0.233318411701511,FALSE
PC aa C42:6,0.0456654397669296,0.168085613686504,0.0490584087015933,0.311227840356573,FALSE
PC ae C30:0,0.0441670493212318,0.472015938766267,-0.118960697556193,0.0880096591742755,FALSE
PC ae C32:1,0.0216459516062753,0.55729071914024,-0.12359862949452,0.0236996854961752,FALSE
PC ae C32:2,0.0303974266915846,0.593588055840036,-0.0143135130357199,0.763906948269824,FALSE
PC ae C34:0,-0.0271904675949447,0.399645401322838,-0.299451336400313,0.000204540064266812,FALSE
PC ae C34:1,-0.0221770313131642,0.417859759687345,-0.164174301126442,0.0180842491400819,FALSE
PC ae C34:2,-0.042827022188888,0.0602291100154594,-0.342073306804021,3.06378239313728e-05,FALSE
PC ae C34:3,-0.00225792852161,0.9497957959245,-0.313713797853721,0.000148964449827541,FALSE
PC ae C36:1,0.0306644113358563,0.366956918536635,-0.0287587529495954,0.587228702079206,FALSE
PC ae C36:2,-0.0957222412019774,0.00207118988995604,-0.179193738468301,0.00235047429326863,FALSE
PC ae C36:3,-0.0267841271997726,0.315190051811441,-0.2574671536541,0.000668781850434389,FALSE
PC ae C36:4,0.0130824284493523,0.617845579455271,-0.18595949400611,0.0122309433384323,FALSE
PC ae C36:5,-0.000865935083775415,0.978606926945243,-0.186036067014873,0.0101027129306905,FALSE
PC ae C38:0,-0.0434171130610346,0.225350459459967,-0.0783051104504797,0.216354696602343,FALSE
PC ae C38:2,0.00235852808606629,0.967210499118261,-0.106443724803481,0.060898744512695,FALSE
PC ae C38:3,0.0357770350855813,0.34819297634017,-0.0387234323724672,0.456255708563907,FALSE
PC ae C38:4,0.0203172438567432,0.43505949156707,-0.0115056381769034,0.844200215228407,FALSE
PC ae C38:5,0.0245345577355209,0.380020913718131,-0.0829900050284174,0.183326669687664,FALSE
PC ae C38:6,0.0219423341491112,0.372420441610938,-0.153159120811903,0.0355554378798838,FALSE
PC ae C40:1,-0.0570218434159294,0.213144064778277,-0.111386713811514,0.0240124651417935,FALSE
PC ae C40:2,0.0596792596808553,0.128677340553581,0.0177814152304984,0.701383621398923,FALSE
PC ae C40:3,0.0502617804123653,0.358902377806145,0.0318436133539326,0.629647309667386,FALSE
PC ae C40:4,0.0369561425144951,0.33338662189059,0.0253244578445471,0.654628380580888,FALSE
PC ae C40:5,0.0468044198828934,0.0960076032688235,0.016630403219924,0.749714912064608,FALSE
PC ae C40:6,0.03271808710632,0.340799609913775,0.00279502041908808,0.964951284941972,FALSE
PC ae C42:0,0.0537053253573531,0.35576606965491,0.136872585812324,0.0379792428493748,FALSE
PC ae C42:1,0.0381930472334824,0.565996475547913,0.0805470734536924,0.220703513503683,FALSE
PC ae C42:2,0.019782731417895,0.51273074629218,0.000404668375721395,0.994388968928822,FALSE
PC ae C42:3,0.0115094962733262,0.703670114245114,0.00520147425735837,0.898626464727093,FALSE
PC ae C42:4,0.0756161673384151,0.0500285580885241,0.0322177384752668,0.576409472421646,FALSE
PC ae C42:5,0.0364588848661993,0.229477689094099,0.030484880376304,0.530670621897058,FALSE
PC ae C44:3,0.149608607433676,0.0190037863890961,0.0438504498940464,0.573894943741911,FALSE
PC ae C44:4,-0.0194986578529184,0.597477418820249,-0.0133230800451649,0.808084321065794,FALSE
PC ae C44:5,0.0437490335510786,0.162994447343237,0.0249081902113506,0.665095815225706,FALSE
PC ae C44:6,0.0519538165004147,0.0831169582946597,0.0409368863517825,0.480526211989872,FALSE
S-1-pyrroline-5-carboxylate,-0.0845822858013812,0.138527381881622,-0.0585578716192039,0.594458248136816,TRUE
S-adenosylhomocysteine (SAH),0.0846395279123639,0.28628151195883,0.229266451463245,0.0206226032527524,FALSE
S-allylcysteine,-0.40391463565787,8.15719841096219e-08,-2.48780959693655,8.96301087205815e-09,TRUE
S-methylcysteine,0.00311939470353562,0.952965057682147,-0.230232113698252,0.0185680307477115,FALSE
SM (OH) C14:1,-0.00235788022737227,0.940222488843499,-0.0393271380264211,0.396352913969473,FALSE
SM (OH) C16:1,0.0253861171544114,0.389313443806434,-0.0236535156205577,0.616394429465105,FALSE
SM (OH) C22:1,0.0504238337932499,0.0667617414010813,0.0223527108398693,0.653562475128348,FALSE
SM (OH) C22:2,0.0409270849361185,0.126687075865531,-0.0152806321346048,0.766066606350573,FALSE
SM (OH) C24:1,0.0663955872036071,0.133970804749656,0.0508713876779874,0.426844369585186,FALSE
SM C16:0,0.0136037424461533,0.607689993379258,-0.0331539053293648,0.450204318658979,FALSE
SM C16:1,-0.000112860578900253,0.997135315223552,-0.0415255160011743,0.407772110403509,FALSE
SM C18:0,0.0397794164897185,0.108376895704308,-0.0200177501060761,0.687528008913708,FALSE
SM C18:1,0.0333316327265139,0.24817534512847,-0.0315727785151689,0.572552858667184,FALSE
SM C20:2,-0.0151997384420559,0.902229569769041,-0.00894148320531185,0.931340441310507,FALSE
SM C24:0,0.0222654258745596,0.415373878940777,-0.0130752978706852,0.757543972447515,FALSE
SM C24:1,0.033248415424624,0.267076803061803,0.0157870280536798,0.760660719769056,FALSE
SM C26:1,0.024140327749852,0.654991318825801,0.023732843073502,0.63749150002574,FALSE
acetoacetate,-0.173590652740048,0.479106099347604,0.97283329602635,0.0233036991762437,TRUE
acetylcarnitine,-0.236347626189153,0.000499586227693064,0.2593174021785,0.0147566155597646,TRUE
acisoga,-0.166597927203194,0.201291779631228,-0.660611603412641,0.00153402095360578,FALSE
adenine,0.0279733337288908,0.828345999869621,0.0522239930051169,0.713517933536967,FALSE
"adenosine 3',5'-cyclic monophosphate (cAMP)",0.293492141882835,0.0135860516384932,0.380393703605769,0.0188722545898008,TRUE
adenosine 5'-monophosphate (AMP),0.0972488676874258,0.469106224693825,0.279196044580185,0.0931671880430534,FALSE
adenosine,0.122714574888609,0.242500048779989,0.235587974260859,0.10065263872893,FALSE
adipoylcarnitine,-0.312652725576132,0.00588043878318607,0.583737329342382,0.000455171518074391,TRUE
alanine,0.118094191897662,0.0762956036082622,0.194808183502477,0.0238566026039204,TRUE
allantoin,-0.0990324113048581,0.0866066174753485,-0.0607257281342654,0.331079120727349,FALSE
alliin,-0.447750221734749,1.80983188430097e-05,-1.94053513015141,2.31577066074384e-06,TRUE
alpha-hydroxyisocaproate,-0.437025202042169,4.8015582474761e-05,0.466230127645847,2.77874822490675e-06,TRUE
alpha-hydroxyisovalerate,0.0318525480996634,0.402651673067248,0.557612829038176,7.70858492756104e-05,FALSE
alpha-ketobutyrate,-0.185582729412656,0.160111032348278,0.525696466628472,0.00363338775249335,FALSE
alpha-ketoglutarate,-0.140685158463191,0.103321915517129,0.144187929153451,0.190461166661727,FALSE
alpha-tocopherol,0.0877208918460134,0.102425598306946,0.168885065132982,0.0472980477173344,TRUE
andro steroid monosulfate (1)*,0.0305986316324547,0.765150133605428,0.110498498833312,0.246198140036461,FALSE
androsterone sulfate,-0.0412588288995856,0.308196148642234,0.138361144203687,0.122505010820471,FALSE
arabitol/xylitol,0.0350862083109145,0.581556166534144,-0.151436965433803,0.129692325446085,FALSE
arabonate/xylonate,0.330648546404655,0.00222008008418008,-0.127942735528913,0.428464372180571,FALSE
arginine,-0.223010668160113,2.75199885063435e-09,-0.0701181835701958,0.0529128505154346,TRUE
arginine,-0.223010668160113,2.75199885063435e-09,-0.0701181835701958,0.0529128505154346,TRUE
argininosuccinate,-0.336568278221218,0.020758527615013,0.225233083335521,0.115951508343364,FALSE
asparagine,-0.241420089747779,9.87801095999242e-05,0.036629696785824,0.435211567053177,TRUE
aspartate,-0.0974410556850562,0.294181631711122,0.291692400430368,0.0188590073046635,FALSE
azelate (nonanedioate),-0.153143303212259,0.173325241805154,0.358353854979376,0.12247177974681,TRUE
benzoate,0.0110561130195135,0.941441310041072,-0.0388517989165105,0.763227143796582,FALSE
beta-alanine,-0.00348974447480109,0.972104151767232,-0.104827844548266,0.330925304644138,FALSE
beta-hydroxyisovalerate,-0.421959130718128,9.64583726670544e-05,0.317789903419883,0.00220309964226483,TRUE
betaine,-0.023261061374772,0.546851802487971,-0.0121563466159296,0.793103704180829,FALSE
betonicine,-0.307013933193113,0.000497057353253931,-0.472356097828265,0.0365813317838753,FALSE
"bilirubin (E,E)*",0.0168111045987154,0.852126186702986,0.438800118077227,0.0559235672198153,TRUE
"bilirubin (E,Z or Z,E)*",-0.0348314566542735,0.653287641784027,0.147388225315881,0.292490699744662,TRUE
"bilirubin (Z,Z)",-0.0219646403875206,0.851262384195156,0.187847235405988,0.316445837505434,TRUE
biliverdin,-0.0869033188059281,0.577686022329012,0.285348462410197,0.140042016039314,FALSE
butyrylcarnitine,-0.283503084558312,8.71478484484766e-05,0.0619162406951406,0.502257749618968,TRUE
caffeine,-0.530004906726337,0.124856271399507,-1.15074876864851,0.0205678324899327,TRUE
caprate (10:0),-0.206291055774992,0.140689013004408,0.262113835537678,0.12819684719141,TRUE
caproate (6:0),-0.0144233701924073,0.892279236963464,0.249860085985991,0.0613531252918809,FALSE
caprylate (8:0),-0.0779646311977404,0.444050204957403,0.254830429803723,0.0542426407101384,TRUE
carnitine,0.00590450477647039,0.858550553119051,0.0595987349499804,0.219172443601935,FALSE
catechol sulfate,-0.533554604789715,3.26045436752593e-06,0.215795502609156,0.275145232242887,TRUE
cholate,-1.1262786204493,0.00230396062870302,-1.78500954707268,0.000540930587917142,TRUE
cholesterol,0.115417131105843,0.162649914335573,0.270962961127392,0.0028819671933664,FALSE
choline phosphate,0.0746354797202246,0.246893834663882,0.0979709312656538,0.301438626573529,TRUE
choline,0.188686659070916,0.0026421961916531,-0.104862900231704,0.107983972010382,TRUE
cinnamoylglycine,-0.286296854444552,0.307014959791136,-0.274926727475168,0.427822806545684,TRUE
cis-4-decenoyl carnitine,-0.261514099002155,0.0595102219317314,0.40088709831613,0.0734184339183706,TRUE
cis-aconitate,-0.238780979236874,0.0104184482101726,0.190081708869176,0.0864850555086976,FALSE
citrate,-0.0403793009439158,0.560630776316476,0.211762898547034,0.0129878520420888,FALSE
citrulline,-0.314689949225492,0.00253703372986375,0.154518767695693,0.0172481265845178,TRUE
cortisol,-0.813153323287297,0.000404619025399226,0.0827467676756669,0.479070078140334,TRUE
cortisone,-0.415324203128683,0.000145569261211154,0.0337400677988947,0.656102169524964,TRUE
creatine,-0.110137091187802,0.0427050656476998,-0.0680290641535436,0.32202132915927,TRUE
creatinine,-0.0138744648004345,0.646972456660187,0.156627294976577,0.0167337311247641,FALSE
"cys-gly, oxidized",0.0452416126052654,0.704999989034538,0.273165781403847,0.0489407539178532,TRUE
cystathionine,-0.441506163539617,3.91104234791086e-06,-0.257914513344107,0.00150702627847093,TRUE
cysteine s-sulfate,-0.207617067983019,0.028901080267925,-0.229187131219105,0.329081180632795,FALSE
cysteine sulfinic acid,0.0193215087546323,0.760002163385971,0.122810801774506,0.340047836696201,FALSE
cysteine-glutathione disulfide,0.0170846091325989,0.871891472414461,0.104199334533068,0.487770736190945,FALSE
cysteine,0.0420240160985006,0.574812704880972,0.110387442812159,0.413691882400904,FALSE
cysteinylglycine,0.066404768397841,0.494613971446658,0.223247668424199,0.310998518710589,FALSE
cystine,0.0217373874509532,0.781268197983386,-0.0551343609774457,0.612688182413242,FALSE
decanoylcarnitine,-0.318416168071644,0.107532344816451,0.488902033968776,0.0834689763905736,TRUE
dehydroisoandrosterone sulfate (DHEA-S),-0.0483651004412208,0.221526721412328,0.137325435794573,0.0343915097196811,FALSE
deoxycarnitine,-0.0180791916908591,0.695607793873273,0.0204196018500036,0.768728018675952,FALSE
deoxycholate,-0.791493396029664,0.00098556976501599,-0.530860388668193,0.113980734664802,TRUE
dihydroorotate,-0.23708265258833,0.0172484205040328,-0.389156602579767,0.025403759861322,FALSE
dimethyl sulfone,0.177120898552741,0.167986241507741,0.32058720980339,0.0533614069985407,FALSE
dimethylarginine (SDMA + ADMA),-0.0923668944935669,0.10584134721018,0.146788800077467,0.0757776379622431,TRUE
dimethylglycine,-0.0730057749892252,0.236748745421681,-0.0072541389854739,0.911020278550643,FALSE
dodecanedioate,0.0502430505693733,0.681727667641705,0.541332599340435,0.0143272681657273,TRUE
dopamine sulfate (2),-0.557155526236285,2.39654123283369e-05,-0.885497499732249,0.000336889287713339,TRUE
epiandrosterone sulfate,-0.00575673952052186,0.89134693781574,0.175292200906798,0.0736343782262417,FALSE
ergothioneine,0.0462483920805608,0.366362319411451,0.0518758471150869,0.616494050341465,FALSE
erythritol,-0.031338727180286,0.677540692538305,0.0635745342109687,0.546484374652285,FALSE
erythronate*,-0.071337921486318,0.246179443276602,0.146618739360599,0.0822802157829502,TRUE
ethylmalonate,-0.292479220263796,0.0008353158968453,-0.00941650845243988,0.927091272476953,TRUE
etiocholanolone glucuronide,-0.29945978714298,0.000341149767047246,-0.102942307399602,0.238405379306063,TRUE
flavin adenine dinucleotide (FAD),-0.15862972197384,0.055535041761153,-0.158569354067502,0.223475062563763,FALSE
fructose,-0.273946072819324,0.074356515650153,-0.104547764859104,0.492338845119364,TRUE
fumarate,-0.129144514713146,0.110174881964511,-0.0507081717161863,0.620745980396121,FALSE
gamma-CEHC,-0.0245274976070148,0.705401145488169,0.982891109174088,0.000169929305724378,TRUE
gamma-carboxyglutamate,0.0833695241985956,0.303317104758506,0.23454984661901,0.0755467760358386,FALSE
gamma-glutamyl-2-aminobutyrate,-0.439622579808865,0.000232729660051843,0.384287470295883,0.00304170203054181,FALSE
gamma-glutamyl-epsilon-lysine,-0.123979643212301,0.0507613858805116,0.197184858175448,0.0240349961479883,TRUE
gamma-glutamylalanine,-0.177503851687451,0.123753268349882,0.172783995706742,0.1378468085157,TRUE
gamma-glutamylglutamate,-0.197366689013664,0.285450939546109,0.236007822202347,0.097830157895594,FALSE
gamma-glutamylglutamine,-0.111853794906069,0.191522135249575,0.0871713109367046,0.357980801419589,FALSE
gamma-glutamylglycine,-0.269012423427369,0.000490553382269593,0.0196362364051075,0.805802586955931,TRUE
gamma-glutamylhistidine,-0.233198422896721,0.000413846492966976,0.148253000761573,0.0963437017636979,TRUE
gamma-glutamylisoleucine*,-0.610745527416448,7.04074123738845e-06,0.217172742478652,0.00261154239356861,TRUE
gamma-glutamylleucine,-0.590620572179299,5.54398054844165e-08,0.137908126814769,0.0534330088783701,TRUE
gamma-glutamylmethionine,-0.673256741256133,4.2293359544344e-07,0.237527142806723,0.0165670946561655,TRUE
gamma-glutamylphenylalanine,-0.449051644615892,1.5401518989185e-06,0.195221741051947,0.0062713426019747,TRUE
gamma-glutamylthreonine*,-0.411753161346872,0.000584025228491856,-0.139118470540632,0.159714898772381,TRUE
gamma-glutamyltryptophan,-0.575439918532649,0.000369967996081081,0.214964822611831,0.0222023024542486,TRUE
gamma-glutamyltyrosine,-0.594063159958204,5.43965712629265e-06,0.0160979442012892,0.875267605049711,TRUE
gamma-glutamylvaline,-0.409151720495164,2.75387219620111e-06,-0.0254246099282341,0.671187983795961,TRUE
gamma-tocopherol/beta-tocopherol,-0.132018784019791,0.00987734065774651,0.269171373630179,0.0213806853440976,TRUE
gluconate,-0.0638641870627098,0.569213609255094,-0.0919442907332464,0.577250495241537,TRUE
glucose,-0.205352150430098,0.0153645398247497,-0.0219110505572468,0.80479255323329,TRUE
glucuronate,-0.00770261972057125,0.911457570326778,-0.138659888947356,0.223560822956361,FALSE
glutamate,-0.501716478994404,0.0206448770851651,0.134992298352444,0.421692587375471,TRUE
glutamine,-0.0159307500366985,0.571887471051524,0.0375298427603283,0.293139021447057,FALSE
glutamine,-0.0159307500366985,0.571887471051524,0.0375298427603283,0.293139021447057,TRUE
glutarate (pentanedioate),-0.0735119029305051,0.592224657848776,0.06182429700645,0.779238118086122,FALSE
glutarylcarnitine (C5),-0.0221402004575232,0.633040352475382,0.22666595557153,0.0158891670538709,FALSE
glycerate,-0.094220497538318,0.216920377410014,0.225052983373896,0.073608281007022,TRUE
glycerol 3-phosphate,-0.0741001992464724,0.321660913734881,0.0386682895966643,0.683885152153299,FALSE
glycerol,-0.147137784608693,0.321890459512634,0.52900177837884,0.0246348362523112,TRUE
glycerophosphoethanolamine,-0.0179416786007783,0.793260789694119,0.0144049462722944,0.851284161048297,TRUE
glycerophosphorylcholine (GPC),0.0460194697579546,0.601970168895955,-0.128040521753732,0.445891590731947,FALSE
glycine,-0.118773348309676,2.5468084701128e-05,-0.0540297121274147,0.203521771406721,TRUE
glycine,-0.118773348309676,2.5468084701128e-05,-0.0540297121274147,0.203521771406721,TRUE
glycochenodeoxycholate glucuronide (1),-0.135815939292672,0.433293511735153,-0.134393210510285,0.508588466730961,TRUE
glycochenodeoxycholate sulfate,-0.207295534805175,0.373631805937392,-0.036858080929602,0.885327292759916,TRUE
glycochenodeoxycholate,-0.409902311631604,0.326130049751047,0.203589077197597,0.58300274844583,TRUE
glycocholate,-0.210589240974478,0.514884231306388,-0.0710274309573389,0.863179952601449,TRUE
glycocholenate sulfate*,0.271352312243636,0.00463532577068785,0.0845732220732281,0.38475252856422,FALSE
glycodeoxycholate sulfate,0.0691708814420704,0.825633944490343,0.217168281371693,0.437193685603732,TRUE
glycohyocholate,-0.1968811428937,0.452005696984269,0.229342002757117,0.515295676666254,TRUE
glycolithocholate sulfate*,0.0690481729180097,0.774477201334966,0.0135170586587261,0.959088758506689,TRUE
glycolithocholate,0.53836377792675,0.217144477573108,0.509020685012253,0.0960537747358657,TRUE
glycoursodeoxycholate,-0.414315776370239,0.166383268381987,0.327727991687405,0.34650550421388,TRUE
guanidinoacetate,-0.139222250656017,0.00182040588730671,-0.0792859233593221,0.155938806693218,TRUE
hexadecanedioate,-0.228303924052921,0.011397549977962,0.426264242335256,0.0119053973436185,TRUE
hexanoylcarnitine,-0.300590175419921,0.00352264284021253,0.500585060061071,0.00207933785796377,TRUE
hippurate,-0.415138220825431,0.000565448692682924,-0.938028047958534,0.00392682951828584,TRUE
histidine,-0.0266936151849158,0.270875507701383,0.0560370741574041,0.122627250292027,TRUE
histidine,-0.0266936151849158,0.270875507701383,0.0560370741574041,0.122627250292027,TRUE
homoarginine,-0.137027533116034,0.0384972870026914,0.096733403477386,0.296032720393076,TRUE
homocitrulline,-0.176246281941256,0.00655526966187509,0.0606067303771786,0.466952864247036,TRUE
homostachydrine*,0.0446872272386807,0.735837483379666,-0.0491362853608272,0.888187003684037,FALSE
hydantoin-5-propionic acid,-0.232780103491274,0.170068014480132,0.0389845598267783,0.786781327085251,TRUE
hyocholate,-0.445528135142284,0.0236524650461364,-0.758212889571643,0.0034440996607148,FALSE
hypotaurine,0.118535477347451,0.0856145590512876,0.061910165253184,0.406774694423117,FALSE
hypoxanthine,-0.0352462547032244,0.86948935283922,0.680664627129413,0.000324709133876732,FALSE
imidazole lactate,-0.172860599175894,0.0209262518063171,0.267782603076653,0.0045468322409862,FALSE
imidazole propionate,-0.110373692422061,0.568516483615014,0.17557760896507,0.202232828247396,FALSE
iminodiacetate (IDA),0.0744613323240553,0.0603002939659649,0.152327562331477,0.0508287250547438,FALSE
indoleacetate,-0.236435632751542,0.0020252789202937,-0.379729431308035,0.0451556869189377,FALSE
indoleacetylglutamine,-0.517578455865314,0.000240005828331947,-0.791452812814183,0.0015288489618926,FALSE
indolelactate,-0.10557713327035,0.0318984352169047,0.0669469912170231,0.207365390121805,FALSE
indolepropionate,-0.033058433644403,0.710862575665678,-1.07778948139405,0.00173977194276074,FALSE
indolin-2-one,0.105798753475937,0.233586583794277,-0.251309306374951,0.233329843216041,TRUE
inosine,0.0338354408979223,0.812934584415253,0.458408251633217,0.0495731794087565,FALSE
isobutyrylcarnitine,-0.22566943414928,0.00218712731095362,-0.0758914574448166,0.479322296830507,TRUE
isobutyrylglycine,-0.0170633253615318,0.868105920182998,-0.145534058054778,0.342322856107356,TRUE
isoleucine,-0.427841011760233,3.48940345932003e-06,0.137608080080196,0.0161217552131886,TRUE
isovalerate,-0.727662230585349,0.00280440795795492,-0.103832877103076,0.535528798168057,TRUE
isovalerylcarnitine,-0.519533274278938,0.00108461259686896,-0.151369259275315,0.194626649965262,TRUE
isovalerylglycine,-0.19806392262763,0.133547985647423,-0.12951612507728,0.313856680063914,TRUE
kynurenate,-0.0744590367772982,0.376951482324568,0.389967602167245,7.98405883525246e-06,FALSE
kynurenine,-0.0212568245621289,0.616669250605802,0.130103471519323,0.101410500016458,TRUE
lactate,0.122857781585183,0.193787739794098,0.148820473820908,0.188449292644487,TRUE
lanthionine,-0.0538012983237363,0.693485272968297,0.437713014878022,0.00878247484976097,TRUE
laurate (12:0),-0.0773724646031805,0.628890808799866,0.707846098153684,0.00903668184945556,TRUE
laurylcarnitine,-0.44021027803277,0.0219619722225909,0.326333125136125,0.223244058167281,TRUE
leucine or isoleucine,-0.506909708347103,1.29140565464886e-08,-0.0116001829005521,0.802941749957228,TRUE
leucine,-0.350296418066058,7.12937606802356e-06,0.101445413440631,0.096188127147442,TRUE
linoleamide (18:2n6),0.102270720264263,0.414777887343822,0.0524774953630381,0.680067066267352,FALSE
linoleoylcarnitine*,-0.210551509741296,0.0497649931655244,0.200350367850202,0.154795856417344,TRUE
lysine,-0.0200981410231108,0.645736085697118,0.141908431023122,0.0322093906988633,TRUE
lysoPC a C14:0,-0.0724859571389125,0.00304576461281228,-0.374256312037876,1.05524950023277e-06,FALSE
lysoPC a C16:0,-0.0917050291169081,0.00654409917495976,-0.21838983185462,0.000890123240985222,FALSE
lysoPC a C16:1,-0.0956328165852931,0.0608707270664323,-0.192787238874272,0.0123021542278629,FALSE
lysoPC a C17:0,-0.0694958537588846,0.0952650399785288,-0.161960474863145,0.00228110843338309,FALSE
lysoPC a C18:0,-0.103006556658716,0.0101286427935888,-0.179431504752274,0.00408146415689677,FALSE
lysoPC a C18:2,-0.331014932956912,2.36005800713777e-07,-0.21570735033842,0.00936009815075487,TRUE
lysoPC a C20:3,-0.260682860598627,0.000101817290187671,-0.10135592689713,0.112762848593411,FALSE
lysoPC a C20:4,-0.165961570125891,0.000415409253722065,0.0444449037918488,0.522049873786468,TRUE
malate,-0.00680210104646248,0.893802366065633,0.186217495584286,0.00288798007165041,TRUE
maleate,-0.218362243009219,0.0322554875233871,-0.206115912731926,0.0753627209493002,FALSE
malonate,0.0285493674694546,0.88376480679015,0.270411713100449,0.250487960342066,FALSE
malonylcarnitine,-0.0665986428575718,0.380440994259463,0.173292533878892,0.135587493433269,FALSE
maltose,0.587848360986505,0.0109915166633444,-0.0553250290919325,0.672172623779882,TRUE
maltotriose,0.283504335777347,0.0376413468663313,-0.0908907302215141,0.497008981005336,FALSE
mannitol/sorbitol,-0.695440926481362,6.10831601532914e-06,-1.42181171388455,1.52995716267399e-05,TRUE
mannose,-0.846022325498673,1.91204168666138e-07,-0.255589378616455,0.0605408279452532,TRUE
methionine sulfone,-0.134808631226179,0.143349842382355,0.131999729766822,0.103877672536311,FALSE
methionine sulfoxide,-0.482613368965222,1.46432050636299e-07,0.270545235056722,0.000341092456361669,TRUE
methionine,-0.457402771103574,1.43840577913399e-13,0.104406124279889,0.0131501302400563,TRUE
methionine,-0.457402771103574,1.43840577913399e-13,0.104406124279889,0.0131501302400563,TRUE
methyl glucopyranoside (alpha + beta),-0.0691141353761442,0.23171769963374,-0.715104670547173,0.000128253600444552,TRUE
methyl indole-3-acetate,-0.280409628472003,0.0545761170717111,-0.325139513531449,0.175204266861917,TRUE
methyl-4-hydroxybenzoate sulfate,-0.247808942521412,0.151680778040952,0.0671614651186162,0.59200573720957,TRUE
methylmalonate (MMA),-0.119352649030445,0.14316211702205,-0.0112103204139262,0.934862468801792,FALSE
methylsuccinate,-0.355295434783732,0.0111331733660776,-0.0824804064423518,0.508776602641737,FALSE
methylsuccinoylcarnitine (1),0.124541593168479,0.332427944487556,-0.229223067173701,0.158482121074025,FALSE
myo-inositol,-0.0197560779582753,0.77428157755153,0.0530915192434504,0.688280248942604,FALSE
myristoleoylcarnitine*,-0.217230679559974,0.11879910841975,0.845226532660823,0.00148936896961539,TRUE
myristoylcarnitine,-0.427330066167605,0.00416723915621776,0.122058237395217,0.460176857310002,TRUE
nicotinamide riboside,0.0543875009145452,0.694361155075927,0.108542000152016,0.478300001472484,FALSE
nicotinamide,0.133843177345998,0.343058417398729,-0.0602534415357159,0.697234012604146,TRUE
o-cresol sulfate,0.0381439500079485,0.792678380298409,-0.306289187932611,0.225691096468036,FALSE
octadecanedioate,-0.496416300265596,8.75008171170929e-05,0.1901078934999,0.15932703059813,TRUE
octanoylcarnitine,-0.264669335264258,0.107897889048052,0.502596362592837,0.0397145752943716,TRUE
oleamide,-0.0118984844871619,0.905484172916333,-0.0505701701258737,0.668238324406641,FALSE
oleoyl ethanolamide,-0.311614619977531,0.0149493155719192,1.03016059795642,0.000586098294275624,TRUE
oleoylcarnitine,-0.230332571448457,0.043460422701106,0.452119878792296,0.002973211967313,TRUE
ornithine,-0.307303242612937,2.91344307165757e-13,-0.331994744277275,4.63487881340115e-09,TRUE
ornithine,-0.307303242612937,2.91344307165757e-13,-0.331994744277275,4.63487881340115e-09,TRUE
orotate,-0.109264467654784,0.182568299721532,0.18026512362189,0.0671498552805228,TRUE
orotidine,-0.0563478280205891,0.303643942777314,0.10832638435378,0.239037623455557,FALSE
oxalate (ethanedioate),0.0483282187478927,0.2448308428406,0.212220796797224,0.00484310877806906,TRUE
p-cresol sulfate,0.235419717610983,0.0211660238071781,0.816408457614979,0.00288148518154313,FALSE
p-cresol-glucuronide*,-0.0607671871507918,0.799195961874614,1.18422283133494,0.0061368504790612,FALSE
palmitic amide,-0.0275191893520836,0.845876203368338,-0.140933443348302,0.221025147501953,FALSE
palmitoyl ethanolamide,-0.295801990902388,0.00344972352487185,0.604874364792597,0.00854759983920036,TRUE
palmitoylcarnitine,-0.203641991581775,0.0223603562083389,0.0566775606755948,0.612619866310421,TRUE
palmitoylcholine,0.86097406762634,0.00110779128587992,0.203343365365737,0.400374232043751,FALSE
pantothenate,0.103452389037448,0.0088501892426831,0.333928835758925,1.44942127599513e-06,TRUE
paraxanthine,-0.599105542978076,1.02250209371821e-06,-1.09099137944911,0.00557700715178323,TRUE
phenol sulfate,0.138992453157698,0.0290257897462192,0.180256603767056,0.462358205772363,TRUE
phenylacetylcarnitine,-0.102733423917489,0.311905751671784,0.174936887099707,0.489608416714491,TRUE
phenylacetylglutamate,0.168063056406281,0.253682993116811,0.574162423386633,0.0308437896661983,FALSE
phenylacetylglutamine,0.0204592396868973,0.72361243880256,0.251920094801658,0.0926062193135853,FALSE
phenylalanine,-0.250396128301925,5.65989339311863e-09,0.184058626330009,6.75966546372512e-05,TRUE
phenylalanine,-0.250396128301925,5.65989339311863e-09,0.184058626330009,6.75966546372512e-05,TRUE
phenyllactate (PLA),-0.324996185364362,1.20335238427649e-05,0.368195485936844,8.12336130627935e-06,TRUE
phenylpyruvate,-0.261439597481775,0.0168477754844416,0.243442218523762,0.0215457391986308,TRUE
phosphate,0.115084854339476,0.0968887566724231,0.108848356933934,0.207878222087947,TRUE
phosphoethanolamine,0.110832316038046,0.206786004124699,0.155492806911456,0.164002203827141,TRUE
phytanate,-0.711894903970532,0.00014268928706778,0.0447861254853592,0.85830028108364,TRUE
pipecolate,0.0449563217032022,0.217900940341053,0.0160513747797415,0.868929452047757,FALSE
piperine,-0.244048746673593,0.00847850064794855,-2.33515241075822,5.0152947720709e-08,FALSE
pregn steroid monosulfate*,-0.00129031572595679,0.984943255624621,0.228785240209119,0.0917937401339983,FALSE
pregnanediol-3-glucuronide,-0.0445373190795628,0.454376125474372,-0.0390958598173423,0.79426922175032,FALSE
pregnanolone/allopregnanolone sulfate,-0.0684409760098541,0.61789133837287,0.0704128247080081,0.551314479913311,TRUE
pregnen-diol disulfate*,0.266014473313978,0.000109059183976461,0.339585596839658,0.00867397462680289,FALSE
pregnenolone sulfate,-0.0476607654843594,0.592512832550704,0.476234382310806,0.0108953480147132,TRUE
pristanate,-0.374914039979343,0.0336690498465288,0.178349957785224,0.517391095304692,TRUE
pro-hydroxy-pro,-0.563009852876863,8.07130786954532e-08,0.23394234758911,0.00450316862168211,TRUE
proline,-0.270985813672793,2.47554767564609e-12,-0.0605077883958956,0.128865893593422,TRUE
proline,-0.270985813672793,2.47554767564609e-12,-0.0605077883958956,0.128865893593422,TRUE
prolylglycine,-0.372914698272525,0.00993887788871601,0.0314887329179574,0.830376520573357,TRUE
propionylcarnitine,-0.302274126894778,4.57135958932761e-06,-0.0779611730439464,0.296451389780483,TRUE
propionylglycine,-0.140755320518708,0.274466398053593,-0.431881459960963,0.0636239298106334,FALSE
pseudouridine,-0.0494032489131961,0.160224159554441,0.0749734705435727,0.106809612705172,FALSE
pyridoxate,0.137215698884356,0.16294979046773,0.698373188647444,6.23626523402853e-07,TRUE
pyroglutamine*,-0.0538648942925104,0.271128634523829,0.123705541569679,0.0907583671149067,FALSE
pyruvate,-0.110723204761192,0.0331279284414054,0.0338390475353405,0.640228037651884,TRUE
quinate,-0.336916512245348,0.00130731634214824,-1.65755666052158,2.74278632237593e-05,TRUE
quinolinate,0.0392297594629763,0.648782937289892,0.227812505587216,0.0554469825783571,FALSE
retinol (Vitamin A),0.0502271520941727,0.205160008125917,0.122779402510858,0.0420542814547993,FALSE
ribitol,-0.0346112121562858,0.691706435654049,-0.124526709377648,0.175532093729122,FALSE
ribonate,-0.207021338865458,0.055170582223049,-0.106107162957048,0.493715788932552,TRUE
sarcosine (N-Methylglycine),-0.115561092930933,0.0512295280488117,0.00590951306435195,0.938884239891114,FALSE
sebacate (decanedioate),0.109512824267327,0.565976798017692,0.318240903300676,0.32040729628818,FALSE
serine,-0.260458757645885,2.9739995727238e-08,-0.0325211056602446,0.519867168328067,TRUE
serine,-0.260458757645885,2.9739995727238e-08,-0.0325211056602446,0.519867168328067,TRUE
serotonin,0.417937692400264,0.00536970525129485,0.447272885694634,0.011876083400107,FALSE
spermidine,-0.185786451927297,0.222214578327031,0.573027002413391,0.000312172555669522,TRUE
sphinganine-1-phosphate,0.187465026457819,0.171003126810409,0.216813153577482,0.16505431113853,FALSE
sphingosine 1-phosphate,0.1517743848406,0.0647360668100595,-0.00989330584831102,0.925006399810527,FALSE
sphingosine,0.0597642339140744,0.586830357021255,0.082259757666439,0.345034845877034,FALSE
stachydrine,-0.131536035304362,0.000156666786190548,-0.11269630180413,0.0967556592961076,TRUE
stearoylcarnitine,-0.123914506241004,0.0671219038294432,-0.044580803082133,0.637709323788804,TRUE
suberoyl carnitine,-0.583361237608432,0.0135306816244223,0.669399057734712,0.00845087966466845,TRUE
succinate,0.227712957086623,0.162457671344227,0.228309341694765,0.139733533967293,FALSE
succinylcarnitine,0.0774792067033399,0.258143456074195,0.0669463234866603,0.347062090098801,TRUE
sulfate*,-0.136911850255844,0.000506364868498555,0.0379460866530729,0.517943230887413,FALSE
tartarate,0.0492528019948928,0.565287787784751,0.257375629736509,0.00972065455298499,FALSE
tartronate (hydroxymalonate),-0.0959427332305171,0.1688150516243,0.340408812427826,0.00640424093943488,FALSE
taurine,0.0336819012330653,0.286262337483072,0.12269268332111,0.031918786968188,TRUE
taurochenodeoxycholate,-0.072544644239481,0.814440955557392,0.423065224280171,0.308692399849869,TRUE
taurocholate,-0.109943307572394,0.661942942697024,0.0711468059785403,0.89225873267147,TRUE
taurocholenate sulfate,0.34165668876846,0.0188236498958815,0.59400653285376,0.00308716690422336,TRUE
taurolithocholate 3-sulfate,-0.200887562165956,0.40510801489808,0.00425484825997535,0.989243722932294,TRUE
tetradecanedioate,-0.00964968475359917,0.924417995414568,0.756971269610435,0.000566230339956582,TRUE
theobromine,-0.277336842567043,0.00501100481129829,2.18162599301366,1.02022981338354e-06,TRUE
theophylline,-0.389532894825095,2.37011808203591e-07,-1.01094931453565,0.000291005362209423,TRUE
threonate,0.0378356505003299,0.594840621692409,0.295119567766104,0.0105028614965898,TRUE
threonine,-0.318973514038424,1.88882305658806e-10,-0.190186402656015,0.000168223236105673,TRUE
threonine,-0.318973514038424,1.88882305658806e-10,-0.190186402656015,0.000168223236105673,TRUE
thymol sulfate,-0.238334808878849,0.115339483697082,-0.838918042467505,0.0841601393259125,FALSE
thyroxine,0.0435259096185575,0.19322801882032,0.269572298208656,0.00043795626498063,FALSE
tigloylglycine,-0.26345421871278,0.206892113451942,-0.0595810305973503,0.728289078678692,FALSE
tiglylcarnitine,-0.169024439459169,0.00367361747180077,-0.0609219182039623,0.64374599767552,FALSE
trans-4-hydroxyproline,-0.288040992030048,4.13864591168921e-05,-0.494746753369845,1.12509334561893e-05,TRUE
trans-urocanate,0.538212096674961,0.0107195712525276,-0.174781917998216,0.412515618014709,TRUE
trigonelline (N'-methylnicotinate),-0.570636731066626,6.59698833360911e-08,-1.64311331764258,2.94965197182201e-10,TRUE
trimethylamine N-oxide,-0.33804448236607,0.0175870502104048,-1.7537292719692,1.28718964746101e-06,TRUE
tryptophan betaine,0.00356199221029729,0.943890549837499,0.081201063746604,0.480163741157282,FALSE
tryptophan,-0.220358884509984,2.90111300936947e-08,0.00462511300256274,0.913434067655195,TRUE
tryptophan,-0.220358884509984,2.90111300936947e-08,0.00462511300256274,0.913434067655195,TRUE
tyramine O-sulfate,-0.301302530718472,0.00223717242487026,-0.546510395819001,0.007136629857263,TRUE
tyrosine,-0.343648554945522,3.18045803082351e-11,-0.00178520100536161,0.961854159621188,TRUE
tyrosine,-0.343648554945522,3.18045803082351e-11,-0.00178520100536161,0.961854159621188,TRUE
urate,-0.0596782354670782,0.0105715875244709,-0.0462304162916883,0.373527637362321,TRUE
urea,-0.178464786705139,5.95231501462473e-05,0.0263658082283771,0.772423692986643,FALSE
uridine,0.0141248249395349,0.740207221349258,0.0070027404268235,0.861706818623351,TRUE
ursodeoxycholate,-1.00042581184908,0.00118148922224656,-0.639982760012186,0.114953416202651,TRUE
valine,-0.297185043838347,7.71365374762661e-12,-0.0216607359909862,0.582978677307572,TRUE
valine,-0.297185043838347,7.71365374762661e-12,-0.0216607359909862,0.582978677307572,TRUE
vanillylmandelate (VMA),-0.0183450054452945,0.740593738071,0.12029834100723,0.130393607279269,TRUE
xanthine,-0.31481080583496,0.000369141363987175,0.276171206187229,0.00857134400457193,TRUE
xanthosine,-0.0183775240270652,0.918215313142479,0.187662920998793,0.254990534990902,FALSE
xanthurenate,0.190687656035022,0.130652172318499,0.172676195018323,0.0798915714116937,TRUE
